id,tbv,true_sire,true_dam,inject_status
G0_0001,152.533,,,clean
G0_0002,112.201,,,clean
G0_0003,97.299,,,clean
G0_0004,130.994,,,clean
G0_0005,-10.156,,,clean
G0_0006,-45.706,,,clean
G0_0007,126.26,,,clean
G0_0008,-12.122,,,clean
G0_0009,128.482,,,clean
G0_0010,207.216,,,clean
G0_0011,-167.769,,,clean
G0_0012,44.036,,,clean
G0_0013,-88.053,,,clean
G0_0014,-48.213,,,clean
G0_0015,219.188,,,clean
G0_0016,-160.309,,,clean
G0_0017,125.765,,,clean
G0_0018,58.731,,,clean
G0_0019,102.458,,,clean
G0_0020,307.124,,,clean
G0_0021,-105.407,,,clean
G0_0022,37.749,,,clean
G0_0023,-86.043,,,clean
G0_0024,-149.738,,,clean
G0_0025,-78.693,,,clean
G0_0026,-132.033,,,clean
G0_0027,13.015,,,clean
G0_0028,21.553,,,clean
G0_0029,248.415,,,clean
G0_0030,-109.474,,,clean
G0_0031,-195.532,,,clean
G0_0032,-50.005,,,clean
G0_0033,-88.332,,,clean
G0_0034,237.284,,,clean
G0_0035,-76.673,,,clean
G0_0036,115.569,,,clean
G0_0037,-26.339,,,clean
G0_0038,-108.369,,,clean
G0_0039,24.591,,,clean
G0_0040,106.754,,,clean
G0_0041,-40.216,,,clean
G0_0042,-98.923,,,clean
G0_0043,147.569,,,clean
G0_0044,28.055,,,clean
G0_0045,-178.084,,,clean
G0_0046,-91.776,,,clean
G0_0047,-146.75,,,clean
G0_0048,246.483,,,clean
G0_0049,86.271,,,clean
G0_0050,-231.87,,,clean
G0_0051,-11.277,,,clean
G0_0052,148.215,,,clean
G0_0053,419.679,,,clean
G0_0054,-128.718,,,clean
G0_0055,-119.051,,,clean
G0_0056,73.672,,,clean
G0_0057,-153.84,,,clean
G0_0058,-113.188,,,clean
G0_0059,-204.027,,,clean
G0_0060,23.162,,,clean
G0_0061,256.238,,,clean
G0_0062,19.682,,,clean
G0_0063,-182.966,,,clean
G0_0064,-175.85,,,clean
G0_0065,200.442,,,clean
G0_0066,-70.269,,,clean
G0_0067,140.699,,,clean
G0_0068,9.308,,,clean
G0_0069,-51.574,,,clean
G0_0070,143.392,,,clean
G0_0071,-5.266,,,clean
G0_0072,60.568,,,clean
G0_0073,225.745,,,clean
G0_0074,16.845,,,clean
G0_0075,-63.316,,,clean
G0_0076,-277.809,,,clean
G0_0077,-74.459,,,clean
G0_0078,-168.994,,,clean
G0_0079,71.401,,,clean
G0_0080,-76.098,,,clean
G0_0081,-130.427,,,clean
G0_0082,-151.349,,,clean
G0_0083,109.567,,,clean
G0_0084,-43.036,,,clean
G0_0085,-43.021,,,clean
G0_0086,120.309,,,clean
G0_0087,-222.529,,,clean
G0_0088,-258.764,,,clean
G0_0089,122.476,,,clean
G0_0090,184.256,,,clean
G0_0091,-134.75,,,clean
G0_0092,179.345,,,clean
G0_0093,-8.084,,,clean
G0_0094,-8.451,,,clean
G0_0095,4.614,,,clean
G0_0096,-65.315,,,clean
G0_0097,-201.248,,,clean
G0_0098,-328.74,,,clean
G0_0099,-149.401,,,clean
G0_0100,329.335,,,clean
G0_0101,53.83,,,clean
G0_0102,-163.369,,,clean
G0_0103,45.07,,,clean
G0_0104,71.943,,,clean
G0_0105,91.357,,,clean
G0_0106,-134.106,,,clean
G0_0107,-38.864,,,clean
G0_0108,134.652,,,clean
G0_0109,33.829,,,clean
G0_0110,335.45,,,clean
G0_0111,-16.447,,,clean
G0_0112,-124.64,,,clean
G0_0113,-22.835,,,clean
G0_0114,79.904,,,clean
G0_0115,78.855,,,clean
G0_0116,53.53,,,clean
G0_0117,3.655,,,clean
G0_0118,-319.681,,,clean
G0_0119,-272.153,,,clean
G0_0120,134.092,,,clean
G0_0121,-25.85,,,clean
G0_0122,92.433,,,clean
G0_0123,-47.991,,,clean
G0_0124,-38.032,,,clean
G0_0125,-145.677,,,clean
G0_0126,-99.879,,,clean
G0_0127,-112.206,,,clean
G0_0128,-174.696,,,clean
G0_0129,-149.894,,,clean
G0_0130,-6.369,,,clean
G0_0131,-21.495,,,clean
G0_0132,-61.206,,,clean
G0_0133,-104.597,,,clean
G0_0134,-124.071,,,clean
G0_0135,-33.162,,,clean
G0_0136,-225.649,,,clean
G0_0137,-186.166,,,clean
G0_0138,45.325,,,clean
G0_0139,-10.859,,,clean
G0_0140,153.758,,,clean
G0_0141,70.181,,,clean
G0_0142,-142.607,,,clean
G0_0143,-132.571,,,clean
G0_0144,-231.743,,,clean
G0_0145,-67.691,,,clean
G0_0146,156.885,,,clean
G0_0147,-37.066,,,clean
G0_0148,313.04,,,clean
G0_0149,-239.554,,,clean
G0_0150,184.83,,,clean
G0_0151,242.09,,,clean
G0_0152,-157.331,,,clean
G0_0153,-75.295,,,clean
G0_0154,20.556,,,clean
G0_0155,-32.079,,,clean
G0_0156,-14.849,,,clean
G0_0157,154.256,,,clean
G0_0158,-36.286,,,clean
G0_0159,-93.79,,,clean
G0_0160,119.978,,,clean
G0_0161,-179.997,,,clean
G0_0162,-87.98,,,clean
G0_0163,-130.079,,,clean
G0_0164,-29.727,,,clean
G0_0165,49.211,,,clean
G0_0166,49.345,,,clean
G0_0167,145.633,,,clean
G0_0168,-275.236,,,clean
G0_0169,-111.979,,,clean
G0_0170,73.633,,,clean
G0_0171,-102.992,,,clean
G0_0172,-19.493,,,clean
G0_0173,-46.74,,,clean
G0_0174,-97.617,,,clean
G0_0175,-101.355,,,clean
G0_0176,-12.609,,,clean
G0_0177,-243.846,,,clean
G0_0178,-98.601,,,clean
G0_0179,-76.8,,,clean
G0_0180,-29.264,,,clean
G0_0181,191.669,,,clean
G0_0182,-169.652,,,clean
G0_0183,-156.167,,,clean
G0_0184,134.344,,,clean
G0_0185,110.284,,,clean
G0_0186,-60.122,,,clean
G0_0187,-354.179,,,clean
G0_0188,-255.346,,,clean
G0_0189,124.174,,,clean
G0_0190,208.965,,,clean
G0_0191,4.408,,,clean
G0_0192,-91.238,,,clean
G0_0193,145.818,,,clean
G0_0194,-244.886,,,clean
G0_0195,239.4,,,clean
G0_0196,-93.217,,,clean
G0_0197,129.543,,,clean
G0_0198,123.167,,,clean
G0_0199,-34.958,,,clean
G0_0200,-182.014,,,clean
G0_0201,-73.918,,,clean
G0_0202,-30.102,,,clean
G0_0203,-191.799,,,clean
G0_0204,-66.378,,,clean
G0_0205,366.821,,,clean
G0_0206,53.455,,,clean
G0_0207,200.602,,,clean
G0_0208,-117.001,,,clean
G0_0209,183.98,,,clean
G0_0210,-172.505,,,clean
G0_0211,120.401,,,clean
G0_0212,96.173,,,clean
G0_0213,27.786,,,clean
G0_0214,89.144,,,clean
G0_0215,142.189,,,clean
G0_0216,200.024,,,clean
G0_0217,29.559,,,clean
G0_0218,-46.205,,,clean
G0_0219,-316.592,,,clean
G0_0220,9.402,,,clean
G0_0221,-200.038,,,clean
G0_0222,-31.485,,,clean
G0_0223,66.148,,,clean
G0_0224,-23.708,,,clean
G0_0225,-179.985,,,clean
G0_0226,86.168,,,clean
G0_0227,71.273,,,clean
G0_0228,-80.616,,,clean
G0_0229,-41.664,,,clean
G0_0230,-60.424,,,clean
G0_0231,50.547,,,clean
G0_0232,-98.157,,,clean
G0_0233,28.923,,,clean
G0_0234,148.746,,,clean
G0_0235,126.509,,,clean
G0_0236,-234.789,,,clean
G0_0237,60.484,,,clean
G0_0238,45.943,,,clean
G0_0239,-185.367,,,clean
G0_0240,219.277,,,clean
G0_0241,10.182,,,clean
G0_0242,85.277,,,clean
G0_0243,-72.841,,,clean
G0_0244,66.661,,,clean
G0_0245,-301.44,,,clean
G0_0246,-131.259,,,clean
G0_0247,-126.528,,,clean
G0_0248,1.754,,,clean
G0_0249,-94.052,,,clean
G0_0250,99.331,,,clean
G0_0251,-185.42,,,clean
G0_0252,-203.128,,,clean
G0_0253,183.198,,,clean
G0_0254,19.479,,,clean
G0_0255,-287.207,,,clean
G0_0256,69.744,,,clean
G0_0257,-48.619,,,clean
G0_0258,-160.782,,,clean
G0_0259,-17.634,,,clean
G0_0260,151.438,,,clean
G0_0261,-165.371,,,clean
G0_0262,-114.632,,,clean
G0_0263,142.602,,,clean
G0_0264,40.194,,,clean
G0_0265,-18.915,,,clean
G0_0266,86.398,,,clean
G0_0267,-52.747,,,clean
G0_0268,-124.778,,,clean
G0_0269,-25.963,,,clean
G0_0270,167.189,,,clean
G0_0271,-164.084,,,clean
G0_0272,243.057,,,clean
G0_0273,77.641,,,clean
G0_0274,-245.406,,,clean
G0_0275,109.781,,,clean
G0_0276,96.201,,,clean
G0_0277,169.1,,,clean
G0_0278,-40.9,,,clean
G0_0279,-28.094,,,clean
G0_0280,78.035,,,clean
G0_0281,66.255,,,clean
G0_0282,9.835,,,clean
G0_0283,71.531,,,clean
G0_0284,180.411,,,clean
G0_0285,46.331,,,clean
G0_0286,-50.6,,,clean
G0_0287,18.37,,,clean
G0_0288,-17.285,,,clean
G0_0289,-159.897,,,clean
G0_0290,-121.207,,,clean
G0_0291,-96.778,,,clean
G0_0292,2.419,,,clean
G0_0293,203.6,,,clean
G0_0294,30.173,,,clean
G0_0295,-38.555,,,clean
G0_0296,203.806,,,clean
G0_0297,-79.177,,,clean
G0_0298,-106.153,,,clean
G0_0299,89.526,,,clean
G0_0300,122.28,,,clean
G0_0301,-109.089,,,clean
G0_0302,267.736,,,clean
G0_0303,12.35,,,clean
G0_0304,23.753,,,clean
G0_0305,85.883,,,clean
G0_0306,-133.202,,,clean
G0_0307,-29.284,,,clean
G0_0308,129.218,,,clean
G0_0309,49.473,,,clean
G0_0310,30.231,,,clean
G0_0311,-139.802,,,clean
G0_0312,-162.249,,,clean
G0_0313,-199.648,,,clean
G0_0314,-66.304,,,clean
G0_0315,-96.237,,,clean
G0_0316,171.648,,,clean
G0_0317,-73.078,,,clean
G0_0318,-134.576,,,clean
G0_0319,300.395,,,clean
G0_0320,16.392,,,clean
G0_0321,-246.191,,,clean
G0_0322,-191.79,,,clean
G0_0323,39.987,,,clean
G0_0324,-112.703,,,clean
G0_0325,72.752,,,clean
G0_0326,21.305,,,clean
G0_0327,102.093,,,clean
G0_0328,-86.98,,,clean
G0_0329,242.872,,,clean
G0_0330,-314.504,,,clean
G0_0331,80.042,,,clean
G0_0332,223.959,,,clean
G0_0333,50.39,,,clean
G0_0334,-2.963,,,clean
G0_0335,-6.556,,,clean
G0_0336,90.997,,,clean
G0_0337,11.881,,,clean
G0_0338,5.178,,,clean
G0_0339,-187.994,,,clean
G0_0340,-19.275,,,clean
G0_0341,-11.141,,,clean
G0_0342,23.31,,,clean
G0_0343,-241.435,,,clean
G0_0344,70.741,,,clean
G0_0345,120.332,,,clean
G0_0346,-54.57,,,clean
G0_0347,135.889,,,clean
G0_0348,34.696,,,clean
G0_0349,11.983,,,clean
G0_0350,222.342,,,clean
G0_0351,-18.549,,,clean
G0_0352,144.155,,,clean
G0_0353,-119.246,,,clean
G0_0354,-45.646,,,clean
G0_0355,126.312,,,clean
G0_0356,-284.818,,,clean
G0_0357,-133.381,,,clean
G0_0358,-213.513,,,clean
G0_0359,-161.28,,,clean
G0_0360,-35.414,,,clean
G0_0361,-43.309,,,clean
G0_0362,-69.992,,,clean
G0_0363,-104.088,,,clean
G0_0364,305.236,,,clean
G0_0365,30.394,,,clean
G0_0366,234.451,,,clean
G0_0367,-133.691,,,clean
G0_0368,15.839,,,clean
G0_0369,34.592,,,clean
G0_0370,46.545,,,clean
G0_0371,-58.214,,,clean
G0_0372,-91.93,,,clean
G0_0373,-103.042,,,clean
G0_0374,127.778,,,clean
G0_0375,71.356,,,clean
G0_0376,-223.294,,,clean
G0_0377,-268.316,,,clean
G0_0378,-46.207,,,clean
G0_0379,-0.246,,,clean
G0_0380,-234.912,,,clean
G0_0381,-22.354,,,clean
G0_0382,-66.941,,,clean
G0_0383,-146.234,,,clean
G0_0384,-117.761,,,clean
G0_0385,-58.729,,,clean
G0_0386,-94.697,,,clean
G0_0387,4.147,,,clean
G0_0388,56.792,,,clean
G0_0389,37.403,,,clean
G0_0390,-94.812,,,clean
G0_0391,100.884,,,clean
G0_0392,91.185,,,clean
G0_0393,127.578,,,clean
G0_0394,287.577,,,clean
G0_0395,-131.72,,,clean
G0_0396,132.726,,,clean
G0_0397,-23.835,,,clean
G0_0398,88.549,,,clean
G0_0399,-144.346,,,clean
G0_0400,-244.037,,,clean
G0_0401,-198.186,,,clean
G0_0402,22.548,,,clean
G0_0403,40.535,,,clean
G0_0404,-135.257,,,clean
G0_0405,-203.031,,,clean
G0_0406,92.265,,,clean
G0_0407,-29.302,,,clean
G0_0408,60.588,,,clean
G0_0409,174.784,,,clean
G0_0410,-34.306,,,clean
G0_0411,113.307,,,clean
G0_0412,391.572,,,clean
G0_0413,182.302,,,clean
G0_0414,81.772,,,clean
G0_0415,114.183,,,clean
G0_0416,-342.16,,,clean
G0_0417,-21.234,,,clean
G0_0418,-39.398,,,clean
G0_0419,-242.31,,,clean
G0_0420,-123.883,,,clean
G0_0421,-133.557,,,clean
G0_0422,4.016,,,clean
G0_0423,-119.882,,,clean
G0_0424,-124.505,,,clean
G0_0425,-77.111,,,clean
G0_0426,-0.491,,,clean
G0_0427,7.116,,,clean
G0_0428,182.782,,,clean
G0_0429,37.086,,,clean
G0_0430,-170.288,,,clean
G0_0431,182.408,,,clean
G0_0432,-88.587,,,clean
G0_0433,170.421,,,clean
G0_0434,77.436,,,clean
G0_0435,97.165,,,clean
G0_0436,-13.392,,,clean
G0_0437,-107.871,,,clean
G0_0438,15.468,,,clean
G0_0439,-242.764,,,clean
G0_0440,21.628,,,clean
G0_0441,64.546,,,clean
G0_0442,20.598,,,clean
G0_0443,-1.999,,,clean
G0_0444,110.872,,,clean
G0_0445,-140.895,,,clean
G0_0446,-165.664,,,clean
G0_0447,-88.603,,,clean
G0_0448,67.818,,,clean
G0_0449,26.498,,,clean
G0_0450,-116.259,,,clean
G0_0451,87.298,,,clean
G0_0452,-18.056,,,clean
G0_0453,-178.339,,,clean
G0_0454,186.453,,,clean
G0_0455,246.649,,,clean
G0_0456,-120.048,,,clean
G0_0457,62.2,,,clean
G0_0458,115.293,,,clean
G0_0459,-62.397,,,clean
G0_0460,-13.378,,,clean
G0_0461,-98.044,,,clean
G0_0462,130.256,,,clean
G0_0463,-52.905,,,clean
G0_0464,-32.218,,,clean
G0_0465,34.019,,,clean
G0_0466,-129.165,,,clean
G0_0467,108.015,,,clean
G0_0468,111.43,,,clean
G0_0469,129.151,,,clean
G0_0470,19.07,,,clean
G0_0471,378.384,,,clean
G0_0472,4.329,,,clean
G0_0473,205.31,,,clean
G0_0474,-0.492,,,clean
G0_0475,-224.142,,,clean
G0_0476,87.829,,,clean
G0_0477,87.592,,,clean
G0_0478,-130.108,,,clean
G0_0479,-41.122,,,clean
G0_0480,273.133,,,clean
G0_0481,-202.631,,,clean
G0_0482,-96.597,,,clean
G0_0483,4.72,,,clean
G0_0484,94.996,,,clean
G0_0485,-79.629,,,clean
G0_0486,-241.005,,,clean
G0_0487,-110.021,,,clean
G0_0488,3.986,,,clean
G0_0489,-152.621,,,clean
G0_0490,14.9,,,clean
G0_0491,-183.259,,,clean
G0_0492,-229.13,,,clean
G0_0493,76.083,,,clean
G0_0494,-71.457,,,clean
G0_0495,-63.663,,,clean
G0_0496,48.952,,,clean
G0_0497,96.336,,,clean
G0_0498,39.197,,,clean
G0_0499,-48.481,,,clean
G0_0500,-68.048,,,clean
G0_0501,190.453,,,clean
G0_0502,259.328,,,clean
G0_0503,-24.174,,,clean
G0_0504,141.414,,,clean
G0_0505,40.689,,,clean
G0_0506,24.753,,,clean
G0_0507,134.807,,,clean
G0_0508,-92.122,,,clean
G0_0509,61.122,,,clean
G0_0510,55.603,,,clean
G0_0511,-74.997,,,clean
G0_0512,-182.602,,,clean
G0_0513,-79.261,,,clean
G0_0514,7.576,,,clean
G0_0515,-64.01,,,clean
G0_0516,219.412,,,clean
G0_0517,43.651,,,clean
G0_0518,178.946,,,clean
G0_0519,-22.71,,,clean
G0_0520,231.75,,,clean
G0_0521,-223.116,,,clean
G0_0522,100.312,,,clean
G0_0523,234.399,,,clean
G0_0524,-139.093,,,clean
G0_0525,-97.894,,,clean
G0_0526,237.674,,,clean
G0_0527,51.722,,,clean
G0_0528,252.424,,,clean
G0_0529,163.248,,,clean
G0_0530,-201.146,,,clean
G0_0531,53.709,,,clean
G0_0532,-156.423,,,clean
G0_0533,-439.572,,,clean
G0_0534,-5.704,,,clean
G0_0535,-131.879,,,clean
G0_0536,-82.324,,,clean
G0_0537,37.764,,,clean
G0_0538,13.731,,,clean
G0_0539,-297.262,,,clean
G0_0540,-95.035,,,clean
G0_0541,-74.823,,,clean
G0_0542,-76.982,,,clean
G0_0543,38.902,,,clean
G0_0544,-169.878,,,clean
G0_0545,52.189,,,clean
G0_0546,163.755,,,clean
G0_0547,-146.518,,,clean
G0_0548,-28.305,,,clean
G0_0549,29.509,,,clean
G0_0550,21.439,,,clean
G0_0551,49.565,,,clean
G0_0552,-110.42,,,clean
G0_0553,-101.879,,,clean
G0_0554,66.494,,,clean
G0_0555,13.018,,,clean
G0_0556,29.962,,,clean
G0_0557,145.136,,,clean
G0_0558,-149.787,,,clean
G0_0559,-20.067,,,clean
G0_0560,47.808,,,clean
G0_0561,78.981,,,clean
G0_0562,27.399,,,clean
G0_0563,-25.619,,,clean
G0_0564,-226.548,,,clean
G0_0565,7.931,,,clean
G0_0566,-58.514,,,clean
G0_0567,223.875,,,clean
G0_0568,-53.553,,,clean
G0_0569,43.117,,,clean
G0_0570,-288.041,,,clean
G0_0571,-34.056,,,clean
G0_0572,-171.804,,,clean
G0_0573,-128.405,,,clean
G0_0574,118.151,,,clean
G0_0575,-161.456,,,clean
G0_0576,-6.905,,,clean
G0_0577,44.304,,,clean
G0_0578,16.374,,,clean
G0_0579,224.164,,,clean
G0_0580,136.044,,,clean
G0_0581,-192.769,,,clean
G0_0582,-31.39,,,clean
G0_0583,-280.16,,,clean
G0_0584,28.602,,,clean
G0_0585,-50.522,,,clean
G0_0586,11.717,,,clean
G0_0587,164.716,,,clean
G0_0588,-219.118,,,clean
G0_0589,134.649,,,clean
G0_0590,62.54,,,clean
G0_0591,-144.38,,,clean
G0_0592,-417.478,,,clean
G0_0593,34.152,,,clean
G0_0594,140.094,,,clean
G0_0595,9.77,,,clean
G0_0596,146.652,,,clean
G0_0597,-225.089,,,clean
G0_0598,7.25,,,clean
G0_0599,67.471,,,clean
G0_0600,108.221,,,clean
G0_0601,85.012,,,clean
G0_0602,62.288,,,clean
G0_0603,-154.687,,,clean
G0_0604,-195.316,,,clean
G0_0605,-40.716,,,clean
G0_0606,-30.132,,,clean
G0_0607,58.369,,,clean
G0_0608,-110.219,,,clean
G0_0609,-181.515,,,clean
G0_0610,188.987,,,clean
G0_0611,-176.419,,,clean
G0_0612,-126.522,,,clean
G0_0613,-267.565,,,clean
G0_0614,29.649,,,clean
G0_0615,75.549,,,clean
G0_0616,-52.124,,,clean
G0_0617,-207.479,,,clean
G0_0618,-72.44,,,clean
G0_0619,-215.333,,,clean
G0_0620,-201.676,,,clean
G0_0621,-198.866,,,clean
G0_0622,0.538,,,clean
G0_0623,-106.3,,,clean
G0_0624,94.042,,,clean
G0_0625,-237.364,,,clean
G0_0626,148.277,,,clean
G0_0627,19.553,,,clean
G0_0628,77.116,,,clean
G0_0629,36.141,,,clean
G0_0630,-32.904,,,clean
G0_0631,239.267,,,clean
G0_0632,45.736,,,clean
G0_0633,8.356,,,clean
G0_0634,86.665,,,clean
G0_0635,8.244,,,clean
G0_0636,140.305,,,clean
G0_0637,49.292,,,clean
G0_0638,-359.082,,,clean
G0_0639,-10.743,,,clean
G0_0640,17.522,,,clean
G0_0641,37.276,,,clean
G0_0642,40.727,,,clean
G0_0643,-94.62,,,clean
G0_0644,209.933,,,clean
G0_0645,152.383,,,clean
G0_0646,-80.036,,,clean
G0_0647,107.422,,,clean
G0_0648,-167.121,,,clean
G0_0649,221.739,,,clean
G0_0650,166.484,,,clean
G0_0651,-170.852,,,clean
G0_0652,-79.159,,,clean
G0_0653,-28.349,,,clean
G0_0654,-338.047,,,clean
G0_0655,-160.022,,,clean
G0_0656,220.06,,,clean
G0_0657,151.767,,,clean
G0_0658,-50.207,,,clean
G0_0659,-75.893,,,clean
G0_0660,143.589,,,clean
G0_0661,54.562,,,clean
G0_0662,-148.183,,,clean
G0_0663,52.06,,,clean
G0_0664,111.976,,,clean
G0_0665,-339.45,,,clean
G0_0666,203.023,,,clean
G0_0667,240.231,,,clean
G0_0668,-262.994,,,clean
G0_0669,5.146,,,clean
G0_0670,63.904,,,clean
G0_0671,-108.752,,,clean
G0_0672,-49.188,,,clean
G0_0673,186.845,,,clean
G0_0674,-196.0,,,clean
G0_0675,-106.644,,,clean
G0_0676,139.526,,,clean
G0_0677,-26.381,,,clean
G0_0678,-49.753,,,clean
G0_0679,-81.316,,,clean
G0_0680,25.981,,,clean
G0_0681,-41.83,,,clean
G0_0682,7.594,,,clean
G0_0683,-139.556,,,clean
G0_0684,-298.089,,,clean
G0_0685,41.087,,,clean
G0_0686,249.239,,,clean
G0_0687,53.548,,,clean
G0_0688,251.686,,,clean
G0_0689,50.44,,,clean
G0_0690,-26.944,,,clean
G0_0691,29.396,,,clean
G0_0692,-71.686,,,clean
G0_0693,60.035,,,clean
G0_0694,20.999,,,clean
G0_0695,-222.97,,,clean
G0_0696,-84.378,,,clean
G0_0697,15.371,,,clean
G0_0698,-31.71,,,clean
G0_0699,-118.921,,,clean
G0_0700,146.295,,,clean
G0_0701,62.715,,,clean
G0_0702,-12.164,,,clean
G0_0703,-10.981,,,clean
G0_0704,-17.172,,,clean
G0_0705,-54.881,,,clean
G0_0706,-42.026,,,clean
G0_0707,-168.325,,,clean
G0_0708,271.856,,,clean
G0_0709,51.116,,,clean
G0_0710,-13.321,,,clean
G0_0711,67.127,,,clean
G0_0712,-85.648,,,clean
G0_0713,174.455,,,clean
G0_0714,10.648,,,clean
G0_0715,-106.216,,,clean
G0_0716,9.227,,,clean
G0_0717,-150.756,,,clean
G0_0718,-167.034,,,clean
G0_0719,204.767,,,clean
G0_0720,215.353,,,clean
G0_0721,-12.581,,,clean
G0_0722,82.348,,,clean
G0_0723,20.64,,,clean
G0_0724,-297.193,,,clean
G0_0725,54.01,,,clean
G0_0726,-164.659,,,clean
G0_0727,-39.219,,,clean
G0_0728,-174.734,,,clean
G0_0729,166.259,,,clean
G0_0730,-28.869,,,clean
G0_0731,-66.205,,,clean
G0_0732,-108.071,,,clean
G0_0733,-86.738,,,clean
G0_0734,171.138,,,clean
G0_0735,176.476,,,clean
G0_0736,37.908,,,clean
G0_0737,-57.131,,,clean
G0_0738,-63.29,,,clean
G0_0739,52.94,,,clean
G0_0740,-153.902,,,clean
G0_0741,1.516,,,clean
G0_0742,25.682,,,clean
G0_0743,-0.675,,,clean
G0_0744,-35.098,,,clean
G0_0745,44.835,,,clean
G0_0746,178.495,,,clean
G0_0747,80.47,,,clean
G0_0748,81.323,,,clean
G0_0749,266.713,,,clean
G0_0750,113.807,,,clean
G0_0751,-89.823,,,clean
G0_0752,164.885,,,clean
G0_0753,53.92,,,clean
G0_0754,6.809,,,clean
G0_0755,118.758,,,clean
G0_0756,40.199,,,clean
G0_0757,-1.404,,,clean
G0_0758,142.775,,,clean
G0_0759,-57.615,,,clean
G0_0760,-140.205,,,clean
G0_0761,120.858,,,clean
G0_0762,12.886,,,clean
G0_0763,116.158,,,clean
G0_0764,-290.273,,,clean
G0_0765,90.393,,,clean
G0_0766,40.289,,,clean
G0_0767,43.659,,,clean
G0_0768,191.979,,,clean
G0_0769,45.748,,,clean
G0_0770,-65.424,,,clean
G0_0771,82.109,,,clean
G0_0772,36.401,,,clean
G0_0773,-253.683,,,clean
G0_0774,-111.809,,,clean
G0_0775,70.668,,,clean
G0_0776,120.026,,,clean
G0_0777,39.487,,,clean
G0_0778,154.873,,,clean
G0_0779,7.031,,,clean
G0_0780,422.316,,,clean
G0_0781,92.263,,,clean
G0_0782,46.628,,,clean
G0_0783,127.157,,,clean
G0_0784,-156.344,,,clean
G0_0785,-224.901,,,clean
G0_0786,-116.04,,,clean
G0_0787,-70.602,,,clean
G0_0788,-40.633,,,clean
G0_0789,-55.074,,,clean
G0_0790,-220.588,,,clean
G0_0791,40.998,,,clean
G0_0792,150.199,,,clean
G0_0793,-3.267,,,clean
G0_0794,81.894,,,clean
G0_0795,-40.235,,,clean
G0_0796,-159.887,,,clean
G0_0797,-120.562,,,clean
G0_0798,255.369,,,clean
G0_0799,-150.785,,,clean
G0_0800,90.817,,,clean
G0_0801,98.285,,,clean
G0_0802,-265.378,,,clean
G0_0803,50.395,,,clean
G0_0804,-8.889,,,clean
G0_0805,52.261,,,clean
G0_0806,161.716,,,clean
G0_0807,-35.987,,,clean
G0_0808,233.607,,,clean
G0_0809,76.679,,,clean
G0_0810,90.161,,,clean
G0_0811,259.59,,,clean
G0_0812,116.724,,,clean
G0_0813,141.086,,,clean
G0_0814,115.875,,,clean
G0_0815,-0.384,,,clean
G0_0816,51.777,,,clean
G0_0817,98.88,,,clean
G0_0818,-55.942,,,clean
G0_0819,117.8,,,clean
G0_0820,179.311,,,clean
G0_0821,-87.472,,,clean
G0_0822,181.052,,,clean
G0_0823,-203.059,,,clean
G0_0824,-42.746,,,clean
G0_0825,-236.079,,,clean
G0_0826,107.777,,,clean
G0_0827,-96.818,,,clean
G0_0828,156.103,,,clean
G0_0829,-56.383,,,clean
G0_0830,-65.307,,,clean
G0_0831,-31.134,,,clean
G0_0832,-20.389,,,clean
G0_0833,16.742,,,clean
G0_0834,138.033,,,clean
G0_0835,-39.642,,,clean
G0_0836,-98.951,,,clean
G0_0837,-133.192,,,clean
G0_0838,53.534,,,clean
G0_0839,158.612,,,clean
G0_0840,59.921,,,clean
G0_0841,329.952,,,clean
G0_0842,231.705,,,clean
G0_0843,56.557,,,clean
G0_0844,-54.307,,,clean
G0_0845,-117.018,,,clean
G0_0846,115.844,,,clean
G0_0847,39.031,,,clean
G0_0848,111.551,,,clean
G0_0849,71.35,,,clean
G0_0850,-124.449,,,clean
G0_0851,-11.444,,,clean
G0_0852,-39.656,,,clean
G0_0853,-125.045,,,clean
G0_0854,-79.118,,,clean
G0_0855,-100.014,,,clean
G0_0856,-39.298,,,clean
G0_0857,49.965,,,clean
G0_0858,21.112,,,clean
G0_0859,183.255,,,clean
G0_0860,72.01,,,clean
G0_0861,7.042,,,clean
G0_0862,-34.006,,,clean
G0_0863,-144.435,,,clean
G0_0864,358.437,,,clean
G0_0865,-23.151,,,clean
G0_0866,-40.765,,,clean
G0_0867,-44.55,,,clean
G0_0868,-90.678,,,clean
G0_0869,-53.114,,,clean
G0_0870,76.165,,,clean
G0_0871,-78.337,,,clean
G0_0872,37.093,,,clean
G0_0873,20.713,,,clean
G0_0874,71.626,,,clean
G0_0875,-84.405,,,clean
G0_0876,-14.609,,,clean
G0_0877,-71.124,,,clean
G0_0878,152.835,,,clean
G0_0879,-0.419,,,clean
G0_0880,74.447,,,clean
G0_0881,211.645,,,clean
G0_0882,-57.473,,,clean
G0_0883,251.41,,,clean
G0_0884,-60.191,,,clean
G0_0885,-149.678,,,clean
G0_0886,139.576,,,clean
G0_0887,19.355,,,clean
G0_0888,-74.945,,,clean
G0_0889,-88.539,,,clean
G0_0890,219.179,,,clean
G0_0891,-181.604,,,clean
G0_0892,125.144,,,clean
G0_0893,116.534,,,clean
G0_0894,304.616,,,clean
G0_0895,144.862,,,clean
G0_0896,-3.994,,,clean
G0_0897,-81.627,,,clean
G0_0898,-62.302,,,clean
G0_0899,-152.774,,,clean
G0_0900,34.069,,,clean
G0_0901,-98.526,,,clean
G0_0902,-20.221,,,clean
G0_0903,-250.795,,,clean
G0_0904,32.567,,,clean
G0_0905,52.262,,,clean
G0_0906,-103.82,,,clean
G0_0907,-87.658,,,clean
G0_0908,27.693,,,clean
G0_0909,-82.383,,,clean
G0_0910,72.281,,,clean
G0_0911,-47.727,,,clean
G0_0912,34.525,,,clean
G0_0913,-64.725,,,clean
G0_0914,90.212,,,clean
G0_0915,193.704,,,clean
G0_0916,96.135,,,clean
G0_0917,6.481,,,clean
G0_0918,-91.666,,,clean
G0_0919,-120.921,,,clean
G0_0920,-24.889,,,clean
G0_0921,-138.539,,,clean
G0_0922,-16.413,,,clean
G0_0923,-48.208,,,clean
G0_0924,131.44,,,clean
G0_0925,100.405,,,clean
G0_0926,50.226,,,clean
G0_0927,-115.786,,,clean
G0_0928,-22.657,,,clean
G0_0929,113.91,,,clean
G0_0930,95.871,,,clean
G0_0931,-16.496,,,clean
G0_0932,-130.078,,,clean
G0_0933,127.397,,,clean
G0_0934,42.955,,,clean
G0_0935,64.62,,,clean
G0_0936,164.685,,,clean
G0_0937,33.706,,,clean
G0_0938,-153.582,,,clean
G0_0939,-175.053,,,clean
G0_0940,8.219,,,clean
G0_0941,-75.544,,,clean
G0_0942,130.796,,,clean
G0_0943,-174.499,,,clean
G0_0944,-41.292,,,clean
G0_0945,-336.197,,,clean
G0_0946,126.773,,,clean
G0_0947,98.841,,,clean
G0_0948,87.784,,,clean
G0_0949,-5.611,,,clean
G0_0950,219.111,,,clean
G0_0951,-43.576,,,clean
G0_0952,-162.454,,,clean
G0_0953,86.182,,,clean
G0_0954,26.218,,,clean
G0_0955,-73.496,,,clean
G0_0956,-87.232,,,clean
G0_0957,-172.412,,,clean
G0_0958,-283.297,,,clean
G0_0959,63.383,,,clean
G0_0960,9.958,,,clean
G0_0961,29.685,,,clean
G0_0962,-129.834,,,clean
G0_0963,-66.921,,,clean
G0_0964,77.856,,,clean
G0_0965,124.007,,,clean
G0_0966,66.968,,,clean
G0_0967,-128.878,,,clean
G0_0968,250.43,,,clean
G0_0969,107.971,,,clean
G0_0970,62.782,,,clean
G0_0971,19.563,,,clean
G0_0972,91.856,,,clean
G0_0973,66.197,,,clean
G0_0974,-169.43,,,clean
G0_0975,23.504,,,clean
G0_0976,-30.071,,,clean
G0_0977,108.601,,,clean
G0_0978,102.69,,,clean
G0_0979,-63.061,,,clean
G0_0980,475.531,,,clean
G0_0981,-53.488,,,clean
G0_0982,161.92,,,clean
G0_0983,30.982,,,clean
G0_0984,-6.61,,,clean
G0_0985,-177.885,,,clean
G0_0986,87.692,,,clean
G0_0987,218.715,,,clean
G0_0988,-28.522,,,clean
G0_0989,225.741,,,clean
G0_0990,61.303,,,clean
G0_0991,-212.509,,,clean
G0_0992,-300.543,,,clean
G0_0993,176.54,,,clean
G0_0994,72.653,,,clean
G0_0995,52.585,,,clean
G0_0996,-39.048,,,clean
G0_0997,-134.652,,,clean
G0_0998,-173.264,,,clean
G0_0999,193.53,,,clean
G0_1000,147.335,,,clean
G0_1001,20.697,,,clean
G0_1002,-16.434,,,clean
G0_1003,-96.911,,,clean
G0_1004,-54.905,,,clean
G0_1005,-23.525,,,clean
G0_1006,-42.216,,,clean
G0_1007,-222.633,,,clean
G0_1008,-20.722,,,clean
G0_1009,-32.852,,,clean
G0_1010,-82.506,,,clean
G0_1011,-61.023,,,clean
G0_1012,-63.815,,,clean
G0_1013,159.098,,,clean
G0_1014,131.565,,,clean
G0_1015,-53.103,,,clean
G0_1016,68.009,,,clean
G0_1017,-107.14,,,clean
G0_1018,114.509,,,clean
G0_1019,-22.263,,,clean
G0_1020,177.286,,,clean
G0_1021,-25.52,,,clean
G0_1022,239.238,,,clean
G0_1023,-170.176,,,clean
G0_1024,-82.659,,,clean
G0_1025,-61.437,,,clean
G0_1026,-263.537,,,clean
G0_1027,-54.88,,,clean
G0_1028,-174.089,,,clean
G0_1029,-3.806,,,clean
G0_1030,-18.742,,,clean
G0_1031,-49.992,,,clean
G0_1032,137.554,,,clean
G0_1033,-153.06,,,clean
G0_1034,88.25,,,clean
G0_1035,-54.027,,,clean
G0_1036,-15.431,,,clean
G0_1037,-286.599,,,clean
G0_1038,-12.858,,,clean
G0_1039,164.412,,,clean
G0_1040,16.008,,,clean
G0_1041,90.091,,,clean
G0_1042,114.899,,,clean
G0_1043,-138.037,,,clean
G0_1044,19.959,,,clean
G0_1045,175.18,,,clean
G0_1046,0.146,,,clean
G0_1047,65.643,,,clean
G0_1048,71.639,,,clean
G0_1049,-310.217,,,clean
G0_1050,-79.39,,,clean
G0_1051,-45.427,,,clean
G0_1052,-39.291,,,clean
G0_1053,-114.064,,,clean
G0_1054,84.156,,,clean
G0_1055,-32.843,,,clean
G0_1056,55.808,,,clean
G0_1057,7.866,,,clean
G0_1058,-184.236,,,clean
G0_1059,-79.795,,,clean
G0_1060,-66.603,,,clean
G0_1061,290.406,,,clean
G0_1062,-413.886,,,clean
G0_1063,-39.238,,,clean
G0_1064,-85.084,,,clean
G0_1065,82.93,,,clean
G0_1066,-228.483,,,clean
G0_1067,128.1,,,clean
G0_1068,31.598,,,clean
G0_1069,108.279,,,clean
G0_1070,-22.557,,,clean
G0_1071,-144.495,,,clean
G0_1072,-64.35,,,clean
G0_1073,-100.275,,,clean
G0_1074,-114.906,,,clean
G0_1075,-62.471,,,clean
G0_1076,-76.199,,,clean
G0_1077,80.399,,,clean
G0_1078,-103.664,,,clean
G0_1079,-47.454,,,clean
G0_1080,374.278,,,clean
G0_1081,64.719,,,clean
G0_1082,81.007,,,clean
G0_1083,151.682,,,clean
G0_1084,107.136,,,clean
G0_1085,307.758,,,clean
G0_1086,95.889,,,clean
G0_1087,159.059,,,clean
G0_1088,8.444,,,clean
G0_1089,-92.172,,,clean
G0_1090,-67.948,,,clean
G0_1091,-57.171,,,clean
G0_1092,-171.117,,,clean
G0_1093,-142.622,,,clean
G0_1094,4.094,,,clean
G0_1095,-80.087,,,clean
G0_1096,58.621,,,clean
G0_1097,-49.477,,,clean
G0_1098,96.201,,,clean
G0_1099,32.868,,,clean
G0_1100,-72.234,,,clean
G0_1101,-149.064,,,clean
G0_1102,21.748,,,clean
G0_1103,-105.328,,,clean
G0_1104,-136.388,,,clean
G0_1105,7.183,,,clean
G0_1106,111.874,,,clean
G0_1107,-52.827,,,clean
G0_1108,61.285,,,clean
G0_1109,-16.491,,,clean
G0_1110,218.95,,,clean
G0_1111,-6.431,,,clean
G0_1112,-39.003,,,clean
G0_1113,-52.822,,,clean
G0_1114,-51.545,,,clean
G0_1115,14.851,,,clean
G0_1116,220.424,,,clean
G0_1117,87.234,,,clean
G0_1118,-0.695,,,clean
G0_1119,-119.439,,,clean
G0_1120,411.429,,,clean
G0_1121,-105.381,,,clean
G0_1122,44.072,,,clean
G0_1123,119.609,,,clean
G0_1124,68.639,,,clean
G0_1125,-174.785,,,clean
G0_1126,76.56,,,clean
G0_1127,57.525,,,clean
G0_1128,126.701,,,clean
G0_1129,-109.987,,,clean
G0_1130,327.856,,,clean
G0_1131,192.224,,,clean
G0_1132,133.535,,,clean
G0_1133,-88.878,,,clean
G0_1134,-16.644,,,clean
G0_1135,-141.041,,,clean
G0_1136,277.127,,,clean
G0_1137,-156.609,,,clean
G0_1138,-110.531,,,clean
G0_1139,18.856,,,clean
G0_1140,-38.148,,,clean
G0_1141,-17.053,,,clean
G0_1142,-24.629,,,clean
G0_1143,-4.392,,,clean
G0_1144,-11.933,,,clean
G0_1145,-118.371,,,clean
G0_1146,-110.569,,,clean
G0_1147,117.055,,,clean
G0_1148,-83.141,,,clean
G0_1149,-142.948,,,clean
G0_1150,114.251,,,clean
G0_1151,-54.823,,,clean
G0_1152,-26.118,,,clean
G0_1153,98.355,,,clean
G0_1154,331.591,,,clean
G0_1155,36.68,,,clean
G0_1156,-3.02,,,clean
G0_1157,131.388,,,clean
G0_1158,61.892,,,clean
G0_1159,123.752,,,clean
G0_1160,-52.447,,,clean
G0_1161,-58.612,,,clean
G0_1162,-51.309,,,clean
G0_1163,44.97,,,clean
G0_1164,29.414,,,clean
G0_1165,48.089,,,clean
G0_1166,26.348,,,clean
G0_1167,-8.163,,,clean
G0_1168,28.558,,,clean
G0_1169,-205.992,,,clean
G0_1170,253.474,,,clean
G0_1171,153.149,,,clean
G0_1172,-137.563,,,clean
G0_1173,84.077,,,clean
G0_1174,226.82,,,clean
G0_1175,149.23,,,clean
G0_1176,230.912,,,clean
G0_1177,155.967,,,clean
G0_1178,288.76,,,clean
G0_1179,-66.469,,,clean
G0_1180,40.495,,,clean
G0_1181,117.562,,,clean
G0_1182,242.043,,,clean
G0_1183,200.898,,,clean
G0_1184,29.82,,,clean
G0_1185,-117.211,,,clean
G0_1186,-88.833,,,clean
G0_1187,-190.239,,,clean
G0_1188,-67.747,,,clean
G0_1189,72.267,,,clean
G0_1190,-218.811,,,clean
G0_1191,100.39,,,clean
G0_1192,-369.613,,,clean
G0_1193,182.768,,,clean
G0_1194,-230.926,,,clean
G0_1195,-200.568,,,clean
G0_1196,-16.222,,,clean
G0_1197,5.506,,,clean
G0_1198,39.146,,,clean
G0_1199,240.904,,,clean
G0_1200,101.817,,,clean
G0_1201,-159.054,,,clean
G0_1202,-70.042,,,clean
G0_1203,-89.129,,,clean
G0_1204,-43.665,,,clean
G0_1205,45.612,,,clean
G0_1206,8.112,,,clean
G0_1207,-36.512,,,clean
G0_1208,-32.523,,,clean
G0_1209,-26.875,,,clean
G0_1210,-113.14,,,clean
G0_1211,70.938,,,clean
G0_1212,-8.405,,,clean
G0_1213,-89.457,,,clean
G0_1214,89.141,,,clean
G0_1215,-162.17,,,clean
G0_1216,58.232,,,clean
G0_1217,391.827,,,clean
G0_1218,-181.583,,,clean
G0_1219,131.471,,,clean
G0_1220,16.494,,,clean
G0_1221,342.398,,,clean
G0_1222,-195.913,,,clean
G0_1223,0.7,,,clean
G0_1224,-109.387,,,clean
G0_1225,203.755,,,clean
G0_1226,-38.941,,,clean
G0_1227,17.468,,,clean
G0_1228,-9.826,,,clean
G0_1229,-300.566,,,clean
G0_1230,93.643,,,clean
G0_1231,185.158,,,clean
G0_1232,81.148,,,clean
G0_1233,4.081,,,clean
G0_1234,-3.615,,,clean
G0_1235,-70.904,,,clean
G0_1236,68.382,,,clean
G0_1237,15.084,,,clean
G0_1238,-109.612,,,clean
G0_1239,347.977,,,clean
G0_1240,66.621,,,clean
G0_1241,-88.728,,,clean
G0_1242,21.708,,,clean
G0_1243,126.168,,,clean
G0_1244,47.264,,,clean
G0_1245,-113.624,,,clean
G0_1246,-250.24,,,clean
G0_1247,124.406,,,clean
G0_1248,29.762,,,clean
G0_1249,-26.692,,,clean
G0_1250,-48.389,,,clean
G0_1251,-145.123,,,clean
G0_1252,-43.935,,,clean
G0_1253,-97.219,,,clean
G0_1254,-143.284,,,clean
G0_1255,-1.143,,,clean
G0_1256,-39.994,,,clean
G0_1257,-47.157,,,clean
G0_1258,-80.565,,,clean
G0_1259,44.363,,,clean
G0_1260,17.527,,,clean
G0_1261,-15.095,,,clean
G0_1262,-249.031,,,clean
G0_1263,41.174,,,clean
G0_1264,-119.087,,,clean
G0_1265,67.196,,,clean
G0_1266,10.27,,,clean
G0_1267,-6.33,,,clean
G0_1268,-64.824,,,clean
G0_1269,-0.585,,,clean
G0_1270,-220.381,,,clean
G0_1271,113.136,,,clean
G0_1272,-23.461,,,clean
G0_1273,106.601,,,clean
G0_1274,196.859,,,clean
G0_1275,51.105,,,clean
G0_1276,118.536,,,clean
G0_1277,205.461,,,clean
G0_1278,-67.795,,,clean
G0_1279,-14.731,,,clean
G0_1280,-181.588,,,clean
G0_1281,-161.037,,,clean
G0_1282,50.128,,,clean
G0_1283,-16.795,,,clean
G0_1284,-89.448,,,clean
G0_1285,-0.987,,,clean
G0_1286,-81.795,,,clean
G0_1287,14.593,,,clean
G0_1288,37.533,,,clean
G0_1289,72.397,,,clean
G0_1290,-187.692,,,clean
G0_1291,-210.786,,,clean
G0_1292,-4.93,,,clean
G0_1293,106.425,,,clean
G0_1294,324.181,,,clean
G0_1295,10.716,,,clean
G0_1296,199.784,,,clean
G0_1297,-22.237,,,clean
G0_1298,219.583,,,clean
G0_1299,208.575,,,clean
G0_1300,-88.73,,,clean
G0_1301,44.059,,,clean
G0_1302,32.343,,,clean
G0_1303,26.012,,,clean
G0_1304,-41.009,,,clean
G0_1305,83.469,,,clean
G0_1306,84.458,,,clean
G0_1307,-204.46,,,clean
G0_1308,-117.511,,,clean
G0_1309,-135.243,,,clean
G0_1310,-208.488,,,clean
G0_1311,-262.778,,,clean
G0_1312,215.445,,,clean
G0_1313,-4.309,,,clean
G0_1314,179.132,,,clean
G0_1315,80.88,,,clean
G0_1316,13.087,,,clean
G0_1317,-218.136,,,clean
G0_1318,164.352,,,clean
G0_1319,272.984,,,clean
G0_1320,96.073,,,clean
G0_1321,-177.015,,,clean
G0_1322,-167.203,,,clean
G0_1323,-172.58,,,clean
G0_1324,48.413,,,clean
G0_1325,57.657,,,clean
G0_1326,-43.576,,,clean
G0_1327,181.947,,,clean
G0_1328,103.327,,,clean
G0_1329,-451.234,,,clean
G0_1330,28.322,,,clean
G0_1331,-32.733,,,clean
G0_1332,-122.896,,,clean
G0_1333,178.011,,,clean
G0_1334,158.649,,,clean
G0_1335,-173.739,,,clean
G0_1336,278.076,,,clean
G0_1337,-85.162,,,clean
G0_1338,102.107,,,clean
G0_1339,-110.542,,,clean
G0_1340,69.78,,,clean
G0_1341,22.133,,,clean
G0_1342,287.323,,,clean
G0_1343,-22.04,,,clean
G0_1344,17.407,,,clean
G0_1345,87.075,,,clean
G0_1346,-36.719,,,clean
G0_1347,9.255,,,clean
G0_1348,64.223,,,clean
G0_1349,162.857,,,clean
G0_1350,-49.803,,,clean
G0_1351,-179.54,,,clean
G0_1352,-25.189,,,clean
G0_1353,-234.31,,,clean
G0_1354,33.462,,,clean
G0_1355,39.709,,,clean
G0_1356,180.869,,,clean
G0_1357,1.734,,,clean
G0_1358,97.011,,,clean
G0_1359,-77.993,,,clean
G0_1360,-142.64,,,clean
G0_1361,-166.985,,,clean
G0_1362,19.948,,,clean
G0_1363,78.003,,,clean
G0_1364,215.827,,,clean
G0_1365,241.374,,,clean
G0_1366,119.235,,,clean
G0_1367,-98.248,,,clean
G0_1368,-102.68,,,clean
G0_1369,-57.82,,,clean
G0_1370,175.436,,,clean
G0_1371,-199.78,,,clean
G0_1372,-17.83,,,clean
G0_1373,-245.065,,,clean
G0_1374,-22.354,,,clean
G0_1375,130.38,,,clean
G0_1376,-49.292,,,clean
G0_1377,-14.712,,,clean
G0_1378,20.725,,,clean
G0_1379,-228.766,,,clean
G0_1380,-119.07,,,clean
G0_1381,-215.294,,,clean
G0_1382,-71.576,,,clean
G0_1383,-149.453,,,clean
G0_1384,-141.56,,,clean
G0_1385,-28.308,,,clean
G0_1386,13.964,,,clean
G0_1387,114.749,,,clean
G0_1388,93.503,,,clean
G0_1389,28.59,,,clean
G0_1390,25.484,,,clean
G0_1391,-110.877,,,clean
G0_1392,-134.756,,,clean
G0_1393,58.125,,,clean
G0_1394,-146.444,,,clean
G0_1395,-120.299,,,clean
G0_1396,-74.499,,,clean
G0_1397,-158.784,,,clean
G0_1398,106.496,,,clean
G0_1399,-87.978,,,clean
G0_1400,223.088,,,clean
G0_1401,-52.927,,,clean
G0_1402,30.967,,,clean
G0_1403,62.976,,,clean
G0_1404,-97.13,,,clean
G0_1405,47.942,,,clean
G0_1406,193.891,,,clean
G0_1407,-66.76,,,clean
G0_1408,120.765,,,clean
G0_1409,-229.361,,,clean
G0_1410,-223.951,,,clean
G0_1411,14.109,,,clean
G0_1412,-10.38,,,clean
G0_1413,10.913,,,clean
G0_1414,159.326,,,clean
G0_1415,70.789,,,clean
G0_1416,145.166,,,clean
G0_1417,208.21,,,clean
G0_1418,-208.534,,,clean
G0_1419,37.889,,,clean
G0_1420,107.695,,,clean
G0_1421,60.516,,,clean
G0_1422,-251.127,,,clean
G0_1423,208.88,,,clean
G0_1424,111.496,,,clean
G0_1425,-61.083,,,clean
G0_1426,45.673,,,clean
G0_1427,136.114,,,clean
G0_1428,127.968,,,clean
G0_1429,241.626,,,clean
G0_1430,140.776,,,clean
G0_1431,-75.446,,,clean
G0_1432,-66.832,,,clean
G0_1433,223.991,,,clean
G0_1434,68.323,,,clean
G0_1435,-5.758,,,clean
G0_1436,-133.026,,,clean
G0_1437,17.078,,,clean
G0_1438,188.198,,,clean
G0_1439,71.624,,,clean
G0_1440,7.143,,,clean
G0_1441,65.308,,,clean
G0_1442,65.309,,,clean
G0_1443,-84.085,,,clean
G0_1444,-203.699,,,clean
G0_1445,-54.009,,,clean
G0_1446,83.446,,,clean
G0_1447,141.011,,,clean
G0_1448,22.667,,,clean
G0_1449,272.402,,,clean
G0_1450,-91.01,,,clean
G0_1451,-7.172,,,clean
G0_1452,54.69,,,clean
G0_1453,104.167,,,clean
G0_1454,-36.327,,,clean
G0_1455,97.352,,,clean
G0_1456,135.69,,,clean
G0_1457,100.356,,,clean
G0_1458,-207.95,,,clean
G0_1459,405.04,,,clean
G0_1460,-18.312,,,clean
G0_1461,-121.027,,,clean
G0_1462,-16.945,,,clean
G0_1463,-6.062,,,clean
G0_1464,97.278,,,clean
G0_1465,-164.304,,,clean
G0_1466,-69.473,,,clean
G0_1467,-320.552,,,clean
G0_1468,-235.114,,,clean
G0_1469,104.161,,,clean
G0_1470,200.175,,,clean
G0_1471,-280.216,,,clean
G0_1472,-151.682,,,clean
G0_1473,47.895,,,clean
G0_1474,-7.57,,,clean
G0_1475,-252.839,,,clean
G0_1476,47.611,,,clean
G0_1477,154.044,,,clean
G0_1478,33.086,,,clean
G0_1479,65.417,,,clean
G0_1480,109.667,,,clean
G0_1481,0.631,,,clean
G0_1482,185.527,,,clean
G0_1483,-34.099,,,clean
G0_1484,-106.383,,,clean
G0_1485,-23.619,,,clean
G0_1486,266.518,,,clean
G0_1487,32.224,,,clean
G0_1488,-231.192,,,clean
G0_1489,118.942,,,clean
G0_1490,-61.9,,,clean
G0_1491,-4.731,,,clean
G0_1492,-13.968,,,clean
G0_1493,-30.191,,,clean
G0_1494,-62.898,,,clean
G0_1495,-124.25,,,clean
G0_1496,-166.283,,,clean
G0_1497,-65.764,,,clean
G0_1498,-176.835,,,clean
G0_1499,-39.759,,,clean
G0_1500,-39.045,,,clean
G0_1501,134.841,,,clean
G0_1502,47.219,,,clean
G0_1503,79.362,,,clean
G0_1504,272.255,,,clean
G0_1505,-34.83,,,clean
G0_1506,-149.966,,,clean
G0_1507,-152.865,,,clean
G0_1508,28.954,,,clean
G0_1509,-6.033,,,clean
G0_1510,19.808,,,clean
G0_1511,-58.572,,,clean
G0_1512,80.592,,,clean
G0_1513,48.187,,,clean
G0_1514,-136.23,,,clean
G0_1515,134.965,,,clean
G0_1516,-35.061,,,clean
G0_1517,85.218,,,clean
G0_1518,145.529,,,clean
G0_1519,110.571,,,clean
G0_1520,34.809,,,clean
G0_1521,-107.815,,,clean
G0_1522,-99.933,,,clean
G0_1523,55.977,,,clean
G0_1524,-198.507,,,clean
G0_1525,42.864,,,clean
G0_1526,259.614,,,clean
G0_1527,147.675,,,clean
G0_1528,22.613,,,clean
G0_1529,-192.494,,,clean
G0_1530,-118.93,,,clean
G0_1531,310.667,,,clean
G0_1532,51.046,,,clean
G0_1533,128.593,,,clean
G0_1534,-28.617,,,clean
G0_1535,2.131,,,clean
G0_1536,-175.239,,,clean
G0_1537,-17.239,,,clean
G0_1538,-120.043,,,clean
G0_1539,-93.536,,,clean
G0_1540,117.56,,,clean
G0_1541,65.112,,,clean
G0_1542,-58.1,,,clean
G0_1543,131.709,,,clean
G0_1544,-102.489,,,clean
G0_1545,-258.936,,,clean
G0_1546,22.462,,,clean
G0_1547,66.227,,,clean
G0_1548,-109.223,,,clean
G0_1549,-141.421,,,clean
G0_1550,-27.652,,,clean
G0_1551,-38.388,,,clean
G0_1552,168.938,,,clean
G0_1553,-157.858,,,clean
G0_1554,-48.679,,,clean
G0_1555,-21.789,,,clean
G0_1556,101.836,,,clean
G0_1557,-321.015,,,clean
G0_1558,-49.341,,,clean
G0_1559,-32.004,,,clean
G0_1560,-43.218,,,clean
G0_1561,379.48,,,clean
G0_1562,-189.973,,,clean
G0_1563,8.12,,,clean
G0_1564,25.364,,,clean
G0_1565,-54.466,,,clean
G0_1566,51.308,,,clean
G0_1567,110.888,,,clean
G0_1568,100.836,,,clean
G0_1569,33.424,,,clean
G0_1570,186.93,,,clean
G0_1571,204.818,,,clean
G0_1572,-96.363,,,clean
G0_1573,46.564,,,clean
G0_1574,-93.685,,,clean
G0_1575,-201.044,,,clean
G0_1576,-98.559,,,clean
G0_1577,265.914,,,clean
G0_1578,-11.105,,,clean
G0_1579,99.094,,,clean
G0_1580,41.116,,,clean
G0_1581,49.627,,,clean
G0_1582,-80.141,,,clean
G0_1583,132.428,,,clean
G0_1584,75.506,,,clean
G0_1585,2.37,,,clean
G0_1586,-100.029,,,clean
G0_1587,158.041,,,clean
G0_1588,-339.231,,,clean
G0_1589,176.54,,,clean
G0_1590,-170.048,,,clean
G0_1591,-46.814,,,clean
G0_1592,-226.366,,,clean
G0_1593,5.402,,,clean
G0_1594,120.135,,,clean
G0_1595,50.1,,,clean
G0_1596,-144.329,,,clean
G0_1597,122.555,,,clean
G0_1598,-44.211,,,clean
G0_1599,32.101,,,clean
G0_1600,61.218,,,clean
G0_1601,209.412,,,clean
G0_1602,-202.12,,,clean
G0_1603,11.035,,,clean
G0_1604,-146.492,,,clean
G0_1605,257.26,,,clean
G0_1606,245.509,,,clean
G0_1607,-14.706,,,clean
G0_1608,196.164,,,clean
G0_1609,213.185,,,clean
G0_1610,-230.162,,,clean
G0_1611,134.892,,,clean
G0_1612,-80.497,,,clean
G0_1613,-277.264,,,clean
G0_1614,220.206,,,clean
G0_1615,-53.664,,,clean
G0_1616,36.105,,,clean
G0_1617,-23.955,,,clean
G0_1618,8.446,,,clean
G0_1619,-46.075,,,clean
G0_1620,39.118,,,clean
G0_1621,87.935,,,clean
G0_1622,-133.714,,,clean
G0_1623,-29.993,,,clean
G0_1624,-188.101,,,clean
G0_1625,-85.686,,,clean
G0_1626,-29.456,,,clean
G0_1627,94.257,,,clean
G0_1628,68.074,,,clean
G0_1629,31.758,,,clean
G0_1630,-2.503,,,clean
G0_1631,-119.796,,,clean
G0_1632,94.3,,,clean
G0_1633,77.164,,,clean
G0_1634,170.743,,,clean
G0_1635,-20.125,,,clean
G0_1636,267.082,,,clean
G0_1637,-153.363,,,clean
G0_1638,-108.05,,,clean
G0_1639,-50.07,,,clean
G0_1640,110.074,,,clean
G0_1641,3.851,,,clean
G0_1642,11.244,,,clean
G0_1643,-5.154,,,clean
G0_1644,-173.482,,,clean
G0_1645,151.103,,,clean
G0_1646,-126.115,,,clean
G0_1647,10.419,,,clean
G0_1648,-183.216,,,clean
G0_1649,-43.87,,,clean
G0_1650,97.163,,,clean
G0_1651,409.728,,,clean
G0_1652,32.66,,,clean
G0_1653,-18.416,,,clean
G0_1654,43.551,,,clean
G0_1655,-37.63,,,clean
G0_1656,18.858,,,clean
G0_1657,-190.837,,,clean
G0_1658,112.377,,,clean
G0_1659,-139.827,,,clean
G0_1660,12.872,,,clean
G0_1661,-107.53,,,clean
G0_1662,-12.17,,,clean
G0_1663,-31.41,,,clean
G0_1664,29.628,,,clean
G0_1665,-14.812,,,clean
G0_1666,66.649,,,clean
G0_1667,-43.953,,,clean
G0_1668,288.106,,,clean
G0_1669,19.142,,,clean
G0_1670,-3.749,,,clean
G0_1671,196.88,,,clean
G0_1672,48.265,,,clean
G0_1673,-4.119,,,clean
G0_1674,-53.272,,,clean
G0_1675,-137.174,,,clean
G0_1676,-85.866,,,clean
G0_1677,1.684,,,clean
G0_1678,-156.961,,,clean
G0_1679,114.066,,,clean
G0_1680,-131.709,,,clean
G0_1681,88.337,,,clean
G0_1682,0.644,,,clean
G0_1683,173.232,,,clean
G0_1684,75.311,,,clean
G0_1685,-239.486,,,clean
G0_1686,28.304,,,clean
G0_1687,-37.894,,,clean
G0_1688,-49.409,,,clean
G0_1689,-93.594,,,clean
G0_1690,-52.25,,,clean
G0_1691,179.859,,,clean
G0_1692,-20.106,,,clean
G0_1693,114.482,,,clean
G0_1694,21.354,,,clean
G0_1695,90.322,,,clean
G0_1696,-46.993,,,clean
G0_1697,-42.8,,,clean
G0_1698,189.412,,,clean
G0_1699,-15.006,,,clean
G0_1700,-188.393,,,clean
G0_1701,81.515,,,clean
G0_1702,-221.152,,,clean
G0_1703,262.59,,,clean
G0_1704,201.425,,,clean
G0_1705,65.816,,,clean
G0_1706,154.727,,,clean
G0_1707,154.425,,,clean
G0_1708,93.651,,,clean
G0_1709,65.702,,,clean
G0_1710,66.199,,,clean
G0_1711,65.524,,,clean
G0_1712,125.294,,,clean
G0_1713,-130.213,,,clean
G0_1714,205.93,,,clean
G0_1715,114.919,,,clean
G0_1716,145.35,,,clean
G0_1717,-77.819,,,clean
G0_1718,250.11,,,clean
G0_1719,46.652,,,clean
G0_1720,-113.788,,,clean
G0_1721,131.071,,,clean
G0_1722,-32.497,,,clean
G0_1723,113.588,,,clean
G0_1724,-291.641,,,clean
G0_1725,155.782,,,clean
G0_1726,-18.955,,,clean
G0_1727,30.445,,,clean
G0_1728,156.093,,,clean
G0_1729,26.654,,,clean
G0_1730,-64.379,,,clean
G0_1731,385.117,,,clean
G0_1732,103.817,,,clean
G0_1733,2.544,,,clean
G0_1734,99.081,,,clean
G0_1735,-66.76,,,clean
G0_1736,30.023,,,clean
G0_1737,42.533,,,clean
G0_1738,164.903,,,clean
G0_1739,152.754,,,clean
G0_1740,45.392,,,clean
G0_1741,87.607,,,clean
G0_1742,115.101,,,clean
G0_1743,-66.482,,,clean
G0_1744,144.175,,,clean
G0_1745,-20.992,,,clean
G0_1746,-219.69,,,clean
G0_1747,-170.602,,,clean
G0_1748,-62.943,,,clean
G0_1749,44.717,,,clean
G0_1750,-151.178,,,clean
G0_1751,-196.776,,,clean
G0_1752,-147.316,,,clean
G0_1753,-156.58,,,clean
G0_1754,19.05,,,clean
G0_1755,-121.488,,,clean
G0_1756,-15.355,,,clean
G0_1757,-145.381,,,clean
G0_1758,91.913,,,clean
G0_1759,112.81,,,clean
G0_1760,15.672,,,clean
G0_1761,80.323,,,clean
G0_1762,65.036,,,clean
G0_1763,-55.32,,,clean
G0_1764,70.751,,,clean
G0_1765,-49.873,,,clean
G0_1766,19.378,,,clean
G0_1767,-58.015,,,clean
G0_1768,8.415,,,clean
G0_1769,149.631,,,clean
G0_1770,40.764,,,clean
G0_1771,50.449,,,clean
G0_1772,26.487,,,clean
G0_1773,-214.055,,,clean
G0_1774,-7.849,,,clean
G0_1775,-132.161,,,clean
G0_1776,-82.222,,,clean
G0_1777,-76.26,,,clean
G0_1778,-1.093,,,clean
G0_1779,-198.842,,,clean
G0_1780,59.592,,,clean
G0_1781,-130.835,,,clean
G0_1782,28.124,,,clean
G0_1783,63.727,,,clean
G0_1784,-78.615,,,clean
G0_1785,119.324,,,clean
G0_1786,-137.222,,,clean
G0_1787,-232.474,,,clean
G0_1788,126.076,,,clean
G0_1789,110.968,,,clean
G0_1790,-194.076,,,clean
G0_1791,-130.101,,,clean
G0_1792,22.175,,,clean
G0_1793,100.706,,,clean
G0_1794,205.868,,,clean
G0_1795,-76.413,,,clean
G0_1796,-104.006,,,clean
G0_1797,-176.771,,,clean
G0_1798,102.434,,,clean
G0_1799,-268.742,,,clean
G0_1800,93.01,,,clean
G0_1801,-55.275,,,clean
G0_1802,27.521,,,clean
G0_1803,236.146,,,clean
G0_1804,80.646,,,clean
G0_1805,72.388,,,clean
G0_1806,40.669,,,clean
G0_1807,35.609,,,clean
G0_1808,124.89,,,clean
G0_1809,166.685,,,clean
G0_1810,-93.692,,,clean
G0_1811,86.078,,,clean
G0_1812,-196.141,,,clean
G0_1813,53.042,,,clean
G0_1814,-142.663,,,clean
G0_1815,-342.483,,,clean
G0_1816,-40.032,,,clean
G0_1817,-258.732,,,clean
G0_1818,125.007,,,clean
G0_1819,174.206,,,clean
G0_1820,-283.961,,,clean
G0_1821,102.915,,,clean
G0_1822,-20.865,,,clean
G0_1823,175.608,,,clean
G0_1824,-95.764,,,clean
G0_1825,11.275,,,clean
G0_1826,-37.556,,,clean
G0_1827,176.896,,,clean
G0_1828,-119.473,,,clean
G0_1829,-237.259,,,clean
G0_1830,-115.542,,,clean
G0_1831,-24.648,,,clean
G0_1832,15.426,,,clean
G0_1833,11.958,,,clean
G0_1834,137.781,,,clean
G0_1835,37.663,,,clean
G0_1836,-13.447,,,clean
G0_1837,153.254,,,clean
G0_1838,-125.436,,,clean
G0_1839,-72.616,,,clean
G0_1840,151.877,,,clean
G0_1841,-43.057,,,clean
G0_1842,-15.504,,,clean
G0_1843,-135.565,,,clean
G0_1844,-130.336,,,clean
G0_1845,-38.521,,,clean
G0_1846,71.456,,,clean
G0_1847,-127.666,,,clean
G0_1848,-133.888,,,clean
G0_1849,-98.556,,,clean
G0_1850,136.715,,,clean
G0_1851,97.716,,,clean
G0_1852,-131.002,,,clean
G0_1853,192.932,,,clean
G0_1854,354.82,,,clean
G0_1855,-112.544,,,clean
G0_1856,7.928,,,clean
G0_1857,-145.898,,,clean
G0_1858,-201.476,,,clean
G0_1859,162.875,,,clean
G0_1860,96.699,,,clean
G0_1861,196.364,,,clean
G0_1862,365.578,,,clean
G0_1863,45.524,,,clean
G0_1864,-71.197,,,clean
G0_1865,136.223,,,clean
G0_1866,-34.357,,,clean
G0_1867,160.25,,,clean
G0_1868,239.295,,,clean
G0_1869,153.728,,,clean
G0_1870,-163.17,,,clean
G0_1871,211.222,,,clean
G0_1872,11.982,,,clean
G0_1873,64.968,,,clean
G0_1874,4.198,,,clean
G0_1875,39.141,,,clean
G0_1876,-28.435,,,clean
G0_1877,261.657,,,clean
G0_1878,183.36,,,clean
G0_1879,123.095,,,clean
G0_1880,-14.533,,,clean
G0_1881,71.982,,,clean
G0_1882,-29.443,,,clean
G0_1883,90.75,,,clean
G0_1884,-154.081,,,clean
G0_1885,-145.587,,,clean
G0_1886,84.141,,,clean
G0_1887,-220.387,,,clean
G0_1888,151.288,,,clean
G0_1889,-128.866,,,clean
G0_1890,34.255,,,clean
G0_1891,-84.268,,,clean
G0_1892,73.037,,,clean
G0_1893,-74.672,,,clean
G0_1894,245.81,,,clean
G0_1895,21.254,,,clean
G0_1896,-8.627,,,clean
G0_1897,50.598,,,clean
G0_1898,180.735,,,clean
G0_1899,268.737,,,clean
G0_1900,-87.625,,,clean
G0_1901,-314.634,,,clean
G0_1902,188.856,,,clean
G0_1903,49.735,,,clean
G0_1904,21.371,,,clean
G0_1905,61.102,,,clean
G0_1906,-60.016,,,clean
G0_1907,-24.226,,,clean
G0_1908,101.43,,,clean
G0_1909,157.632,,,clean
G0_1910,-100.465,,,clean
G0_1911,5.13,,,clean
G0_1912,-112.937,,,clean
G0_1913,5.316,,,clean
G0_1914,-70.153,,,clean
G0_1915,-220.664,,,clean
G0_1916,193.512,,,clean
G0_1917,323.762,,,clean
G0_1918,-28.245,,,clean
G0_1919,-49.395,,,clean
G0_1920,-82.79,,,clean
G0_1921,111.743,,,clean
G0_1922,-0.994,,,clean
G0_1923,130.463,,,clean
G0_1924,157.9,,,clean
G0_1925,-196.062,,,clean
G0_1926,111.25,,,clean
G0_1927,-262.491,,,clean
G0_1928,-132.548,,,clean
G0_1929,32.043,,,clean
G0_1930,-76.561,,,clean
G0_1931,-12.931,,,clean
G0_1932,-148.25,,,clean
G0_1933,-233.977,,,clean
G0_1934,-331.171,,,clean
G0_1935,262.284,,,clean
G0_1936,75.756,,,clean
G0_1937,-67.488,,,clean
G0_1938,-62.371,,,clean
G0_1939,-64.912,,,clean
G0_1940,-60.09,,,clean
G0_1941,12.85,,,clean
G0_1942,-84.073,,,clean
G0_1943,-70.88,,,clean
G0_1944,-49.346,,,clean
G0_1945,-265.696,,,clean
G0_1946,-228.364,,,clean
G0_1947,-15.3,,,clean
G0_1948,-317.593,,,clean
G0_1949,9.485,,,clean
G0_1950,337.526,,,clean
G0_1951,52.219,,,clean
G0_1952,-342.482,,,clean
G0_1953,-116.401,,,clean
G0_1954,-253.82,,,clean
G0_1955,-31.579,,,clean
G0_1956,-47.419,,,clean
G0_1957,-413.444,,,clean
G0_1958,-255.946,,,clean
G0_1959,-158.582,,,clean
G0_1960,-246.538,,,clean
G0_1961,8.587,,,clean
G0_1962,5.793,,,clean
G0_1963,102.78,,,clean
G0_1964,-80.592,,,clean
G0_1965,-98.915,,,clean
G0_1966,251.587,,,clean
G0_1967,225.169,,,clean
G0_1968,-83.013,,,clean
G0_1969,-88.995,,,clean
G0_1970,-214.439,,,clean
G0_1971,17.873,,,clean
G0_1972,-17.38,,,clean
G0_1973,36.922,,,clean
G0_1974,86.611,,,clean
G0_1975,93.499,,,clean
G0_1976,-300.585,,,clean
G0_1977,67.168,,,clean
G0_1978,122.145,,,clean
G0_1979,51.013,,,clean
G0_1980,-1.208,,,clean
G0_1981,141.979,,,clean
G0_1982,43.562,,,clean
G0_1983,10.154,,,clean
G0_1984,-13.65,,,clean
G0_1985,141.249,,,clean
G0_1986,-115.916,,,clean
G0_1987,15.623,,,clean
G0_1988,133.821,,,clean
G0_1989,251.908,,,clean
G0_1990,-174.759,,,clean
G0_1991,231.52,,,clean
G0_1992,-1.825,,,clean
G0_1993,105.996,,,clean
G0_1994,127.786,,,clean
G0_1995,322.599,,,clean
G0_1996,48.906,,,clean
G0_1997,49.998,,,clean
G0_1998,-99.437,,,clean
G0_1999,106.503,,,clean
G0_2000,193.405,,,clean
