idx,id,sex,sire,dam,gebv,gebv_percentile,carrier_LR1,carrier_LR2
779,G0_0780,F,,,339.417,100.0,-,-
180,G0_0181,M,,,331.133,100.0,-,-
33,G0_0034,F,,,294.104,99.9,-,-
1079,G0_1080,F,,,281.952,99.8,-,-
1119,G0_1120,F,,,276.844,99.8,-,-
1650,G0_1651,F,,,266.119,99.8,-,-
1238,G0_1239,F,,,263.252,99.7,-,-
1802,G0_1803,F,,,255.44,99.6,-,-
1893,G0_1894,M,,,255.151,99.6,-,-
630,G0_0631,F,,,253.286,99.6,-,-
412,G0_0413,M,,,244.649,99.5,-,-
259,G0_0260,M,,,242.109,99.4,-,-
393,G0_0394,F,,,241.128,99.4,-,-
1332,G0_1333,F,,,240.597,99.4,-,-
1311,G0_1312,M,,,239.351,99.3,携带,-
1560,G0_1561,F,,,236.794,99.2,-,携带
1192,G0_1193,F,,,236.431,99.2,-,-
434,G0_0435,F,,,227.26,99.2,携带,-
1570,G0_1571,F,,,225.472,99.1,携带,-
1297,G0_1298,F,,,223.943,99.0,-,-
1990,G0_1991,F,,,221.975,99.0,-,-
1456,G0_1457,F,,,221.786,99.0,-,携带
1949,G0_1950,F,,,220.645,98.9,-,携带
979,G0_0980,F,,,220.066,98.8,-,-
147,G0_0148,M,,,219.963,98.8,-,-
589,G0_0590,F,,,219.589,98.8,-,-
318,G0_0319,M,,,219.413,98.7,-,-
707,G0_0708,F,,,218.453,98.6,-,-
1682,G0_1683,M,,,218.301,98.6,-,-
840,G0_0841,M,,,217.503,98.6,-,-
841,G0_0842,F,,,216.947,98.5,-,-
99,G0_0100,F,,,215.731,98.4,-,携带
1220,G0_1221,M,,,215.568,98.4,-,-
204,G0_0205,M,,,214.6,98.4,-,-
64,G0_0065,F,,,213.73,98.3,-,-
1743,G0_1744,M,,,213.25,98.2,-,-
768,G0_0769,M,,,212.25,98.2,-,携带
508,G0_0509,M,,,212.233,98.2,-,-
206,G0_0207,F,,,210.466,98.1,-,携带
728,G0_0729,M,,,209.275,98.0,-,-
166,G0_0167,M,,,208.925,98.0,-,-
675,G0_0676,F,,,208.636,98.0,-,携带
1635,G0_1636,M,,,208.495,97.9,-,-
47,G0_0048,M,,,207.073,97.8,-,-
1135,G0_1136,F,,,205.21,97.8,-,-
349,G0_0350,M,,,204.572,97.8,-,-
272,G0_0273,M,,,204.035,97.7,-,-
1864,G0_1865,M,,,202.844,97.6,-,-
1604,G0_1605,F,,,202.774,97.6,-,-
1665,G0_1666,F,,,200.863,97.6,-,携带
295,G0_0296,M,,,198.956,97.5,-,-
1318,G0_1319,M,,,197.941,97.4,携带,-
1977,G0_1978,M,,,197.224,97.4,-,-
149,G0_0150,M,,,196.634,97.4,-,-
1697,G0_1698,M,,,196.164,97.3,-,携带
685,G0_0686,F,,,196.132,97.2,-,-
252,G0_0253,M,,,195.994,97.2,-,-
482,G0_0483,M,,,195.1,97.2,-,-
501,G0_0502,F,,,194.99,97.1,-,-
1898,G0_1899,F,,,194.817,97.0,-,-
60,G0_0061,F,,,192.126,97.0,-,携带
1084,G0_1085,M,,,191.327,97.0,-,-
363,G0_0364,F,,,190.842,96.9,-,-
119,G0_0120,M,,,189.252,96.8,-,-
1355,G0_1356,M,,,188.728,96.8,-,-
1994,G0_1995,F,,,188.535,96.8,-,-
430,G0_0431,M,,,188.013,96.7,-,-
470,G0_0471,M,,,185.89,96.6,-,-
566,G0_0567,F,,,185.332,96.6,-,-
719,G0_0720,M,,,184.428,96.6,-,-
411,G0_0412,M,,,184.234,96.5,-,-
365,G0_0366,M,,,183.786,96.4,-,-
1416,G0_1417,M,,,182.945,96.4,-,携带
1705,G0_1706,M,,,182.223,96.4,-,-
1887,G0_1888,F,,,182.115,96.3,-,-
91,G0_0092,M,,,181.905,96.2,-,-
1799,G0_1800,F,,,181.873,96.2,-,-
1374,G0_1375,F,,,181.124,96.2,-,-
19,G0_0020,M,,,179.899,96.1,-,-
1115,G0_1116,M,,,179.577,96.0,-,-
1852,G0_1853,M,,,179.524,96.0,-,携带
1363,G0_1364,F,,,179.039,96.0,-,-
839,G0_0840,M,,,177.927,95.9,-,携带
988,G0_0989,F,,,177.787,95.8,-,-
1013,G0_1014,F,,,177.568,95.8,-,-
745,G0_0746,F,,,177.561,95.8,-,-
882,G0_0883,F,,,176.075,95.7,-,-
1095,G0_1096,F,,,176.006,95.6,-,-
410,G0_0411,F,,,175.845,95.6,-,-
1631,G0_1632,F,,,174.577,95.6,携带,-
1021,G0_1022,F,,,174.441,95.5,-,-
1593,G0_1594,F,,,173.872,95.4,-,-
1129,G0_1130,F,,,173.304,95.4,-,-
578,G0_0579,F,,,172.379,95.4,-,-
770,G0_0771,M,,,171.891,95.3,携带,-
109,G0_0110,M,,,171.06,95.2,-,-
1293,G0_1294,F,,,169.968,95.2,-,携带
17,G0_0018,F,,,169.557,95.2,-,-
1916,G0_1917,F,,,169.547,95.1,-,-
1576,G0_1577,F,,,168.17,95.0,-,-
838,G0_0839,F,,,167.559,95.0,-,-
367,G0_0368,M,,,166.904,95.0,-,-
472,G0_0473,M,,,166.158,94.9,-,携带
283,G0_0284,F,,,166.045,94.8,-,-
1526,G0_1527,F,,,165.652,94.8,-,-
304,G0_0305,F,,,164.782,94.8,-,-
69,G0_0070,M,,,163.934,94.7,-,-
1031,G0_1032,F,,,163.831,94.6,-,-
307,G0_0308,M,,,162.886,94.6,携带,-
247,G0_0248,F,,,162.597,94.6,-,-
684,G0_0685,M,,,162.265,94.5,-,-
3,G0_0004,F,,,161.854,94.4,-,-
475,G0_0476,F,,,161.829,94.4,-,-
1448,G0_1449,M,,,161.699,94.4,携带,-
1897,G0_1898,M,,,161.421,94.3,-,-
1514,G0_1515,M,,,161.099,94.2,-,携带
949,G0_0950,F,,,159.168,94.2,-,-
1973,G0_1974,M,,,158.816,94.2,-,-
1876,G0_1877,F,,,158.706,94.1,-,-
115,G0_0116,F,,,158.601,94.0,-,携带
1153,G0_1154,M,,,158.575,94.0,-,-
1757,G0_1758,M,,,158.072,94.0,-,-
1965,G0_1966,F,,,157.654,93.9,携带,-
496,G0_0497,F,,,157.291,93.8,-,-
405,G0_0406,F,,,157.14,93.8,携带,-
1098,G0_1099,F,,,156.801,93.8,-,-
1596,G0_1597,M,,,156.535,93.7,-,-
554,G0_0555,M,,,156.297,93.6,-,-
573,G0_0574,F,,,155.449,93.6,-,-
331,G0_0332,M,,,154.371,93.6,-,-
1935,G0_1936,F,,,153.784,93.5,-,-
263,G0_0264,F,,,152.635,93.4,-,-
1230,G0_1231,M,,,152.376,93.4,-,-
1428,G0_1429,M,,,152.121,93.4,-,-
18,G0_0019,F,,,151.384,93.3,-,-
1324,G0_1325,F,,,150.395,93.2,-,-
1685,G0_1686,F,,,149.489,93.2,-,-
1730,G0_1731,F,,,149.354,93.2,-,-
1667,G0_1668,M,,,149.124,93.1,-,-
738,G0_0739,M,,,148.479,93.0,-,-
699,G0_0700,M,,,146.415,93.0,-,-
215,G0_0216,F,,,146.177,93.0,-,-
1437,G0_1438,F,,,146.049,92.9,-,-
1503,G0_1504,F,,,145.24,92.8,-,携带
150,G0_0151,M,,,145.096,92.8,-,-
93,G0_0094,M,,,145.058,92.8,-,-
517,G0_0518,M,,,144.957,92.7,-,-
1315,G0_1316,F,,,144.881,92.6,-,-
1907,G0_1908,M,,,144.72,92.6,-,-
1313,G0_1314,M,,,143.709,92.6,-,-
1101,G0_1102,M,,,143.47,92.5,-,-
1392,G0_1393,F,,,143.34,92.4,-,-
636,G0_0637,F,,,143.297,92.4,-,携带
500,G0_0501,M,,,142.959,92.4,-,-
92,G0_0093,F,,,142.191,92.3,-,-
1072,G0_1073,M,,,141.346,92.2,-,-
999,G0_1000,M,,,141.33,92.2,-,-
1787,G0_1788,F,,,141.163,92.2,-,-
156,G0_0157,F,,,140.8,92.1,-,-
395,G0_0396,F,,,140.799,92.0,-,携带
586,G0_0587,M,,,140.6,92.0,-,-
1737,G0_1738,M,,,140.382,92.0,-,携带
1984,G0_1985,F,,,140.286,91.9,-,-
1839,G0_1840,F,,,140.147,91.8,-,-
1445,G0_1446,F,,,139.57,91.8,-,-
1817,G0_1818,M,,,138.859,91.8,-,-
52,G0_0053,F,,,138.83,91.7,携带,携带
1993,G0_1994,F,,,138.725,91.6,-,-
893,G0_0894,M,,,138.644,91.6,-,-
322,G0_0323,F,,,138.398,91.6,-,-
1681,G0_1682,F,,,137.096,91.5,携带,-
1657,G0_1658,M,,,136.734,91.4,携带,携带
1928,G0_1929,F,,,136.539,91.4,-,-
1530,G0_1531,F,,,136.456,91.4,-,-
513,G0_0514,M,,,135.628,91.3,-,-
1808,G0_1809,M,,,135.231,91.2,-,-
1113,G0_1114,M,,,134.947,91.2,-,携带
461,G0_0462,F,,,134.904,91.2,携带,-
1432,G0_1433,F,,,134.798,91.1,-,-
780,G0_0781,M,,,134.679,91.0,-,携带
808,G0_0809,M,,,134.57,91.0,-,-
971,G0_0972,M,,,134.44,91.0,-,-
805,G0_0806,M,,,134.172,90.9,-,-
6,G0_0007,M,,,134.154,90.8,-,-
810,G0_0811,F,,,133.45,90.8,-,-
1901,G0_1902,F,,,133.396,90.8,-,-
1076,G0_1077,M,,,133.171,90.7,-,-
1122,G0_1123,F,,,132.947,90.6,-,-
344,G0_0345,M,,,132.77,90.6,-,-
9,G0_0010,F,,,132.695,90.6,-,-
1861,G0_1862,M,,,132.296,90.5,-,-
1680,G0_1681,M,,,131.423,90.4,-,-
1867,G0_1868,M,,,131.018,90.4,-,-
269,G0_0270,F,,,130.41,90.4,携带,-
1727,G0_1728,M,,,129.614,90.3,-,-
1333,G0_1334,F,,,129.487,90.2,-,-
1371,G0_1372,M,,,129.349,90.2,-,-
521,G0_0522,F,,,129.253,90.2,-,-
1204,G0_1205,M,,,129.111,90.1,-,-
1082,G0_1083,M,,,128.929,90.0,-,-
1276,G0_1277,M,,,128.478,90.0,-,-
1588,G0_1589,M,,,128.278,90.0,-,-
658,G0_0659,M,,,128.273,89.9,-,-
928,G0_0929,F,,,128.257,89.8,-,-
1224,G0_1225,F,,,128.247,89.8,-,-
1738,G0_1739,F,,,127.723,89.8,-,-
197,G0_0198,M,,,127.15,89.7,-,-
1458,G0_1459,F,,,127.021,89.6,-,-
1740,G0_1741,M,,,126.879,89.6,-,-
234,G0_0235,M,,,126.82,89.6,-,-
1131,G0_1132,M,,,126.637,89.5,-,-
1097,G0_1098,F,,,126.436,89.4,-,-
825,G0_0826,M,,,126.343,89.4,-,-
1180,G0_1181,F,,,125.294,89.4,-,-
503,G0_0504,M,,,124.891,89.3,-,-
609,G0_0610,M,,,124.682,89.2,-,-
301,G0_0302,F,,,124.301,89.2,-,-
1545,G0_1546,M,,,124.221,89.2,-,-
1179,G0_1180,F,,,123.867,89.1,-,-
857,G0_0858,M,,,123.304,89.0,-,-
807,G0_0808,M,,,123.137,89.0,-,-
913,G0_0914,M,,,123.017,89.0,-,-
1182,G0_1183,M,,,122.842,88.9,-,-
932,G0_0933,F,,,122.679,88.8,-,-
1525,G0_1526,F,,,122.461,88.8,-,-
1326,G0_1327,F,,,122.307,88.8,-,-
588,G0_0589,M,,,122.209,88.7,-,-
1215,G0_1216,M,,,122.154,88.6,-,-
1758,G0_1759,F,,,122.116,88.6,-,-
1140,G0_1141,M,,,122.088,88.6,-,-
1607,G0_1608,F,,,121.463,88.5,-,-
660,G0_0661,F,,,121.455,88.4,-,-
298,G0_0299,M,,,121.359,88.4,-,携带
1446,G0_1447,M,,,121.137,88.4,-,携带
1988,G0_1989,M,,,120.509,88.3,-,-
1419,G0_1420,F,,,120.459,88.2,-,-
265,G0_0266,F,,,120.438,88.2,-,-
354,G0_0355,F,,,120.167,88.2,-,-
1923,G0_1924,F,,,120.107,88.1,-,-
1551,G0_1552,M,,,120.021,88.0,-,-
184,G0_0185,M,,,119.996,88.0,-,携带
107,G0_0108,F,,,119.212,88.0,-,-
1050,G0_1051,M,,,118.7,87.9,-,-
1074,G0_1075,F,,,118.682,87.8,-,-
662,G0_0663,F,,,118.654,87.8,携带,-
1364,G0_1365,F,,,118.249,87.8,-,携带
1198,G0_1199,F,,,118.231,87.7,-,-
1068,G0_1069,M,,,117.306,87.6,携带,-
1763,G0_1764,M,,,117.242,87.6,-,携带
72,G0_0073,F,,,117.189,87.6,-,-
1270,G0_1271,F,,,117.102,87.5,携带,-
1922,G0_1923,M,,,116.492,87.4,-,-
1019,G0_1020,M,,,116.453,87.4,携带,-
669,G0_0670,M,,,116.308,87.4,-,-
833,G0_0834,M,,,116.098,87.3,-,-
378,G0_0379,F,,,115.894,87.2,-,-
1319,G0_1320,F,,,115.779,87.2,-,-
1908,G0_1909,F,,,115.582,87.2,-,携带
1717,G0_1718,M,,,115.184,87.1,-,-
140,G0_0141,F,,,115.085,87.0,-,-
55,G0_0056,F,,,114.887,87.0,携带,-
816,G0_0817,M,,,114.104,87.0,-,携带
516,G0_0517,M,,,114.072,86.9,-,-
271,G0_0272,M,,,113.873,86.8,-,-
556,G0_0557,F,,,113.763,86.8,-,-
188,G0_0189,F,,,113.706,86.8,-,-
761,G0_0762,F,,,113.657,86.7,-,-
1500,G0_1501,M,,,113.467,86.6,-,-
775,G0_0776,M,,,113.002,86.6,-,-
1726,G0_1727,F,,,112.821,86.6,-,携带
889,G0_0890,M,,,112.721,86.5,-,-
1156,G0_1157,M,,,112.361,86.4,-,-
1335,G0_1336,M,,,112.254,86.4,-,-
895,G0_0896,F,,,111.79,86.4,-,-
1793,G0_1794,M,,,111.631,86.3,-,-
1702,G0_1703,M,,,111.175,86.2,-,-
1441,G0_1442,M,,,110.353,86.2,-,-
734,G0_0735,F,,,110.066,86.2,-,-
735,G0_0736,M,,,109.605,86.1,-,-
687,G0_0688,M,,,109.562,86.0,-,-
831,G0_0832,M,,,109.315,86.0,-,-
934,G0_0935,F,,,108.848,86.0,-,-
1273,G0_1274,F,,,108.71,85.9,-,-
968,G0_0969,M,,,108.15,85.8,-,-
632,G0_0633,F,,,107.646,85.8,-,-
1272,G0_1273,M,,,107.586,85.8,-,-
998,G0_0999,F,,,107.33,85.7,-,-
1903,G0_1904,M,,,106.507,85.6,-,-
721,G0_0722,F,,,106.247,85.6,-,-
837,G0_0838,F,,,105.724,85.6,-,-
1017,G0_1018,F,,,105.703,85.5,携带,-
1213,G0_1214,M,,,105.664,85.4,-,携带
1047,G0_1048,F,,,105.652,85.4,-,-
818,G0_0819,F,,,105.632,85.4,-,-
848,G0_0849,F,,,105.522,85.3,携带,携带
274,G0_0275,M,,,105.471,85.2,-,携带
1668,G0_1669,F,,,105.341,85.2,携带,-
1649,G0_1650,F,,,104.967,85.2,-,-
450,G0_0451,M,,,104.225,85.1,-,-
515,G0_0516,F,,,104.092,85.0,-,-
351,G0_0352,F,,,104.016,85.0,-,-
576,G0_0577,F,,,103.983,85.0,-,-
972,G0_0973,F,,,103.939,84.9,携带,-
530,G0_0531,F,,,103.763,84.8,携带,-
1175,G0_1176,M,,,103.286,84.8,-,-
1181,G0_1182,F,,,103.169,84.8,-,-
967,G0_0968,F,,,102.626,84.7,-,-
992,G0_0993,M,,,102.486,84.6,-,携带
1033,G0_1034,M,,,102.442,84.6,-,-
958,G0_0959,M,,,102.179,84.6,-,-
292,G0_0293,F,,,101.876,84.5,-,-
1769,G0_1770,M,,,101.662,84.4,-,-
1633,G0_1634,M,,,101.639,84.4,-,-
656,G0_0657,M,,,101.543,84.4,-,-
652,G0_0653,F,,,101.495,84.3,-,-
112,G0_0113,F,,,101.229,84.2,-,-
863,G0_0864,F,,,101.047,84.2,携带,-
995,G0_0996,F,,,100.371,84.2,-,-
1896,G0_1897,F,,,99.936,84.1,-,-
989,G0_0990,M,,,99.906,84.0,-,携带
85,G0_0086,F,,,99.885,84.0,携带,-
1123,G0_1124,M,,,99.522,84.0,-,-
1295,G0_1296,M,,,99.281,83.9,携带,-
88,G0_0089,F,,,99.193,83.8,-,-
1397,G0_1398,F,,,99.156,83.8,-,携带
59,G0_0060,F,,,99.028,83.8,-,-
1278,G0_1279,F,,,98.706,83.7,-,-
1918,G0_1919,M,,,98.549,83.6,-,-
1317,G0_1318,M,,,98.51,83.6,-,-
712,G0_0713,F,,,98.163,83.6,-,携带
114,G0_0115,M,,,97.678,83.5,-,-
239,G0_0240,M,,,97.577,83.4,-,-
1265,G0_1266,F,,,97.572,83.4,-,-
1872,G0_1873,M,,,97.523,83.4,-,-
964,G0_0965,M,,,97.411,83.3,-,携带
1866,G0_1867,F,,,97.381,83.2,-,携带
383,G0_0384,F,,,97.309,83.2,-,-
1925,G0_1926,F,,,97.298,83.2,-,-
506,G0_0507,F,,,97.033,83.1,-,-
1166,G0_1167,F,,,97.03,83.0,-,-
1304,G0_1305,F,,,96.983,83.0,-,-
208,G0_0209,F,,,96.84,83.0,-,-
1915,G0_1916,M,,,96.694,82.9,-,-
293,G0_0294,M,,,96.289,82.8,-,-
686,G0_0687,F,,,96.124,82.8,携带,-
1642,G0_1643,F,,,96.047,82.8,携带,-
528,G0_0529,M,,,95.731,82.7,-,-
1414,G0_1415,F,,,95.71,82.6,携带,-
1788,G0_1789,M,,,95.618,82.6,-,-
1365,G0_1366,M,,,95.506,82.6,-,-
1054,G0_1055,M,,,95.393,82.5,-,-
777,G0_0778,M,,,94.525,82.4,-,-
1882,G0_1883,M,,,94.294,82.4,-,-
1569,G0_1570,M,,,94.104,82.4,-,-
536,G0_0537,F,,,93.56,82.3,-,携带
385,G0_0386,F,,,93.264,82.2,-,-
847,G0_0848,F,,,93.262,82.2,-,-
1109,G0_1110,M,,,92.522,82.2,携带,-
67,G0_0068,M,,,92.521,82.1,-,携带
435,G0_0436,M,,,92.266,82.0,-,-
649,G0_0650,M,,,92.197,82.0,-,-
479,G0_0480,F,,,92.07,82.0,携带,-
1177,G0_1178,F,,,91.961,81.9,-,-
525,G0_0526,M,,,91.734,81.8,-,-
190,G0_0191,F,,,91.705,81.8,携带,-
845,G0_0846,M,,,90.849,81.8,-,-
983,G0_0984,M,,,90.793,81.7,-,-
1060,G0_1061,M,,,90.709,81.6,-,-
1271,G0_1272,M,,,90.043,81.6,-,-
1805,G0_1806,M,,,89.78,81.6,-,-
1240,G0_1241,F,,,89.532,81.5,-,-
579,G0_0580,F,,,89.284,81.4,-,-
1205,G0_1206,M,,,89.196,81.4,携带,-
432,G0_0433,M,,,88.633,81.4,-,-
827,G0_0828,M,,,88.615,81.3,-,-
1950,G0_1951,M,,,88.612,81.2,-,-
1222,G0_1223,M,,,88.528,81.2,-,-
733,G0_0734,F,,,88.509,81.2,-,-
655,G0_0656,F,,,88.419,81.1,-,-
527,G0_0528,F,,,88.328,81.0,-,携带
1341,G0_1342,F,,,87.956,81.0,-,-
522,G0_0523,M,,,87.942,81.0,-,-
1394,G0_1395,M,,,87.901,80.9,-,-
1860,G0_1861,F,,,87.816,80.8,携带,-
519,G0_0520,F,,,87.251,80.8,-,-
453,G0_0454,F,,,87.185,80.8,-,-
762,G0_0763,M,,,86.978,80.7,-,携带
1670,G0_1671,M,,,86.892,80.6,-,-
633,G0_0634,M,,,86.668,80.6,携带,-
869,G0_0870,F,,,86.434,80.6,-,-
1262,G0_1263,M,,,86.247,80.5,携带,-
35,G0_0036,M,,,86.167,80.4,-,-
134,G0_0135,F,,,86.095,80.4,-,-
1703,G0_1704,F,,,85.017,80.4,-,携带
1375,G0_1376,M,,,84.955,80.3,-,-
593,G0_0594,F,,,84.478,80.2,-,-
1962,G0_1963,F,,,84.36,80.2,-,携带
441,G0_0442,M,,,84.171,80.2,-,-
1227,G0_1228,M,,,84.05,80.1,-,-
1672,G0_1673,M,,,83.879,80.0,-,-
1405,G0_1406,F,,,83.833,80.0,携带,-
1735,G0_1736,F,,,83.366,80.0,-,-
903,G0_0904,F,,,83.24,79.9,-,-
1853,G0_1854,M,,,82.935,79.8,-,-
1157,G0_1158,M,,,82.928,79.8,-,-
628,G0_0629,M,,,82.907,79.8,-,-
1533,G0_1534,M,,,82.888,79.7,-,-
343,G0_0344,M,,,82.573,79.6,-,-
953,G0_0954,F,,,82.563,79.6,-,-
1855,G0_1856,F,,,82.392,79.6,-,-
1413,G0_1414,F,,,82.115,79.5,-,携带
724,G0_0725,M,,,82.071,79.4,-,-
1836,G0_1837,F,,,81.962,79.4,-,携带
760,G0_0761,F,,,81.816,79.4,-,-
1425,G0_1426,M,,,81.718,79.3,-,-
241,G0_0242,M,,,81.7,79.2,携带,-
798,G0_0799,F,,,81.52,79.2,-,-
495,G0_0496,M,,,81.259,79.2,-,-
1463,G0_1464,M,,,81.217,79.1,携带,携带
341,G0_0342,M,,,80.695,79.0,携带,-
1920,G0_1921,F,,,80.641,79.0,-,-
613,G0_0614,M,,,80.286,79.0,-,-
1934,G0_1935,F,,,80.263,78.9,-,-
1700,G0_1701,M,,,80.214,78.8,-,-
1485,G0_1486,M,,,80.014,78.8,-,-
315,G0_0316,F,,,79.828,78.8,-,携带
1043,G0_1044,F,,,79.061,78.7,-,携带
614,G0_0615,F,,,79.043,78.6,-,-
595,G0_0596,M,,,78.748,78.6,-,-
1275,G0_1276,F,,,78.744,78.6,-,-
1995,G0_1996,M,,,78.561,78.5,-,-
1081,G0_1082,M,,,78.4,78.4,-,-
635,G0_0636,M,,,78.205,78.4,-,-
466,G0_0467,M,,,77.917,78.4,携带,-
1216,G0_1217,M,,,77.624,78.3,携带,-
291,G0_0292,F,,,77.459,78.2,-,携带
100,G0_0101,F,,,77.348,78.2,携带,-
1714,G0_1715,M,,,76.992,78.2,-,携带
1963,G0_1964,F,,,76.792,78.1,携带,-
89,G0_0090,F,,,75.984,78.0,-,-
1555,G0_1556,M,,,75.762,78.0,-,-
1513,G0_1514,F,,,75.448,78.0,-,携带
1347,G0_1348,M,,,75.23,77.9,-,-
873,G0_0874,F,,,75.159,77.8,-,-
1300,G0_1301,F,,,75.039,77.8,-,-
1948,G0_1949,F,,,75.002,77.8,-,-
1130,G0_1131,M,,,74.991,77.7,-,-
1532,G0_1533,F,,,74.743,77.6,-,-
1534,G0_1535,M,,,74.726,77.6,-,-
1196,G0_1197,F,,,74.585,77.6,-,-
1586,G0_1587,F,,,74.463,77.5,-,-
1003,G0_1004,M,,,74.434,77.4,-,-
791,G0_0792,F,,,73.624,77.4,携带,携带
1592,G0_1593,M,,,73.225,77.4,-,-
42,G0_0043,M,,,73.074,77.3,-,-
1877,G0_1878,F,,,72.612,77.2,-,携带
1644,G0_1645,M,,,72.511,77.2,-,-
1386,G0_1387,M,,,71.664,77.2,-,-
1015,G0_1016,F,,,71.262,77.1,-,-
1197,G0_1198,M,,,71.146,77.0,-,-
880,G0_0881,M,,,71.141,77.0,携带,-
672,G0_0673,F,,,70.828,77.0,-,-
1314,G0_1315,M,,,70.326,76.9,-,携带
627,G0_0628,M,,,70.297,76.8,-,-
1711,G0_1712,F,,,70.168,76.8,-,-
439,G0_0440,F,,,69.935,76.8,-,-
1490,G0_1491,F,,,69.89,76.7,-,-
1044,G0_1045,F,,,69.808,76.6,-,-
1518,G0_1519,F,,,69.672,76.6,-,-
201,G0_0202,F,,,69.66,76.6,-,-
1055,G0_1056,F,,,69.343,76.5,-,-
1600,G0_1601,M,,,69.259,76.4,-,-
1542,G0_1543,M,,,69.188,76.4,-,-
1999,G0_2000,M,,,68.937,76.4,-,-
1626,G0_1627,F,,,68.926,76.3,-,-
380,G0_0381,F,,,68.676,76.2,-,-
1531,G0_1532,F,,,68.589,76.2,-,-
1499,G0_1500,F,,,68.439,76.2,-,-
1418,G0_1419,M,,,67.976,76.1,-,-
1605,G0_1606,M,,,67.972,76.0,携带,-
276,G0_0277,F,,,67.961,76.0,携带,-
336,G0_0337,M,,,67.941,76.0,-,携带
748,G0_0749,F,,,66.937,75.9,-,-
868,G0_0869,F,,,66.822,75.8,-,-
553,G0_0554,F,,,66.821,75.8,-,-
1779,G0_1780,F,,,66.801,75.8,-,-
284,G0_0285,F,,,66.737,75.7,-,-
1662,G0_1663,M,,,66.48,75.6,-,-
1085,G0_1086,M,,,66.382,75.6,携带,-
771,G0_0772,F,,,66.326,75.6,-,-
974,G0_0975,M,,,66.11,75.5,-,-
1602,G0_1603,M,,,65.802,75.4,-,-
1298,G0_1299,F,,,65.644,75.4,-,-
1613,G0_1614,M,,,65.606,75.4,-,-
1878,G0_1879,M,,,65.157,75.3,-,-
1038,G0_1039,M,,,65.139,75.2,-,-
1822,G0_1823,F,,,64.99,75.2,-,-
285,G0_0286,M,,,64.92,75.2,-,-
1579,G0_1580,M,,,64.428,75.1,-,-
1820,G0_1821,M,,,64.368,75.0,-,-
871,G0_0872,F,,,64.297,75.0,-,-
754,G0_0755,F,,,64.027,75.0,-,-
518,G0_0519,M,,,63.867,74.9,-,-
373,G0_0374,F,,,63.866,74.8,-,-
303,G0_0304,M,,,63.617,74.8,-,-
605,G0_0606,F,,,63.364,74.8,-,-
665,G0_0666,F,,,62.97,74.7,-,-
933,G0_0934,F,,,62.859,74.6,-,-
1858,G0_1859,M,,,62.65,74.6,-,-
262,G0_0263,F,,,62.321,74.6,-,-
799,G0_0800,F,,,62.194,74.5,携带,-
421,G0_0422,F,,,62.088,74.4,-,-
130,G0_0131,F,,,62.077,74.4,-,-
1966,G0_1967,F,,,61.793,74.4,-,携带
139,G0_0140,M,,,61.452,74.3,携带,-
225,G0_0226,M,,,61.394,74.2,-,-
1583,G0_1584,M,,,60.801,74.2,-,-
1420,G0_1421,M,,,60.768,74.2,-,-
404,G0_0405,M,,,60.716,74.1,-,-
1152,G0_1153,F,,,60.499,74.0,-,-
1354,G0_1355,M,,,60.416,74.0,-,携带
1537,G0_1538,F,,,60.285,74.0,-,-
1173,G0_1174,F,,,60.277,73.9,-,-
316,G0_0317,M,,,59.998,73.8,-,-
309,G0_0310,M,,,59.878,73.8,-,-
468,G0_0469,M,,,59.828,73.8,-,-
1163,G0_1164,M,,,59.731,73.7,-,携带
1292,G0_1293,M,,,59.482,73.6,-,-
911,G0_0912,F,,,59.44,73.6,-,-
1826,G0_1827,F,,,59.376,73.6,-,-
369,G0_0370,F,,,59.268,73.5,-,-
328,G0_0329,F,,,59.182,73.4,-,-
747,G0_0748,M,,,59.078,73.4,-,-
1565,G0_1566,F,,,58.845,73.4,-,-
289,G0_0290,F,,,58.691,73.3,-,-
1859,G0_1860,F,,,58.513,73.2,-,-
1241,G0_1242,M,,,58.36,73.2,-,-
1739,G0_1740,F,,,58.209,73.2,-,-
330,G0_0331,F,,,58.159,73.1,携带,-
666,G0_0667,F,,,57.939,73.0,-,携带
413,G0_0414,M,,,57.792,73.0,-,-
210,G0_0211,M,,,57.783,73.0,-,-
27,G0_0028,M,,,57.682,72.9,-,-
755,G0_0756,M,,,57.496,72.8,-,-
575,G0_0576,M,,,57.359,72.8,-,-
226,G0_0227,M,,,57.323,72.8,携带,携带
1149,G0_1150,M,,,57.189,72.7,-,-
1174,G0_1175,F,,,57.109,72.6,携带,-
742,G0_0743,M,,,57.047,72.6,-,-
1246,G0_1247,M,,,56.746,72.6,-,-
110,G0_0111,F,,,56.617,72.5,-,-
1748,G0_1749,M,,,56.287,72.4,-,-
279,G0_0280,F,,,56.059,72.4,-,-
1628,G0_1629,M,,,55.963,72.4,-,-
1356,G0_1357,F,,,55.794,72.3,-,-
1402,G0_1403,M,,,55.395,72.2,-,-
924,G0_0925,M,,,55.377,72.2,-,-
1594,G0_1595,F,,,54.912,72.2,-,-
236,G0_0237,M,,,54.799,72.1,-,-
50,G0_0051,F,,,54.71,72.0,-,-
821,G0_0822,F,,,54.649,72.0,-,-
866,G0_0867,M,,,54.584,72.0,-,-
281,G0_0282,F,,,54.504,71.9,携带,-
102,G0_0103,M,,,54.318,71.8,-,携带
337,G0_0338,M,,,54.258,71.8,-,-
314,G0_0315,M,,,54.248,71.8,-,-
280,G0_0281,M,,,54.243,71.7,-,携带
1334,G0_1335,M,,,54.199,71.6,-,-
54,G0_0055,F,,,54.173,71.6,-,-
1472,G0_1473,F,,,53.951,71.6,-,-
597,G0_0598,F,,,53.86,71.5,-,-
1868,G0_1869,M,,,53.381,71.4,-,-
1473,G0_1474,F,,,53.278,71.4,-,-
1488,G0_1489,M,,,53.136,71.4,-,携带
708,G0_0709,F,,,52.603,71.3,-,-
169,G0_0170,M,,,52.198,71.2,-,-
986,G0_0987,M,,,51.982,71.2,-,携带
1164,G0_1165,M,,,51.979,71.2,-,-
1087,G0_1088,F,,,51.94,71.1,-,-
969,G0_0970,M,,,51.68,71.0,-,-
1942,G0_1943,F,,,51.583,71.0,-,-
1584,G0_1585,F,,,51.355,71.0,-,-
1806,G0_1807,M,,,51.311,70.9,-,-
427,G0_0428,F,,,51.259,70.8,-,-
70,G0_0071,M,,,50.921,70.8,-,-
1288,G0_1289,M,,,50.821,70.8,-,-
936,G0_0937,M,,,50.578,70.7,-,-
1155,G0_1156,F,,,50.416,70.6,-,-
1781,G0_1782,M,,,50.323,70.6,-,-
765,G0_0766,M,,,49.964,70.6,携带,-
165,G0_0166,M,,,49.936,70.5,-,-
1509,G0_1510,M,,,49.726,70.4,携带,-
113,G0_0114,M,,,49.575,70.4,-,-
1128,G0_1129,F,,,49.373,70.4,-,-
1502,G0_1503,M,,,49.113,70.3,-,-
1242,G0_1243,M,,,49.085,70.2,-,携带
1891,G0_1892,F,,,48.891,70.2,-,-
561,G0_0562,F,,,48.868,70.2,携带,携带
1501,G0_1502,M,,,48.823,70.1,-,-
1296,G0_1297,F,,,48.729,70.0,-,-
16,G0_0017,M,,,48.722,70.0,-,-
1476,G0_1477,F,,,48.69,70.0,-,携带
1387,G0_1388,F,,,48.681,69.9,-,-
767,G0_0768,F,,,48.62,69.8,-,-
162,G0_0163,F,,,48.563,69.8,-,-
1494,G0_1495,F,,,48.396,69.8,-,-
483,G0_0484,F,,,48.237,69.7,携带,-
1759,G0_1760,F,,,47.978,69.6,-,-
1713,G0_1714,F,,,47.883,69.6,-,-
1127,G0_1128,F,,,47.622,69.6,-,-
1455,G0_1456,F,,,47.569,69.5,-,-
397,G0_0398,M,,,47.422,69.4,-,-
467,G0_0468,M,,,47.121,69.4,-,-
1492,G0_1493,M,,,46.746,69.4,-,-
1145,G0_1146,F,,,46.694,69.3,-,-
1651,G0_1652,F,,,46.451,69.2,-,-
600,G0_0601,M,,,46.406,69.2,-,-
1871,G0_1872,M,,,46.339,69.2,-,-
1431,G0_1432,F,,,46.293,69.1,-,-
623,G0_0624,F,,,46.226,69.0,-,-
737,G0_0738,F,,,46.117,69.0,-,携带
258,G0_0259,M,,,46.101,69.0,-,-
189,G0_0190,F,,,46.013,68.9,-,-
782,G0_0783,M,,,45.664,68.8,-,携带
1012,G0_1013,F,,,45.545,68.8,-,-
28,G0_0029,F,,,45.394,68.8,-,-
1507,G0_1508,M,,,45.392,68.7,-,携带
299,G0_0300,M,,,45.335,68.6,-,-
548,G0_0549,F,,,45.187,68.6,-,-
1427,G0_1428,F,,,45.115,68.6,-,-
542,G0_0543,M,,,45.108,68.5,携带,-
0,G0_0001,M,,,44.897,68.4,-,-
1964,G0_1965,F,,,44.871,68.4,-,-
1905,G0_1906,M,,,44.864,68.4,-,-
718,G0_0719,M,,,44.785,68.3,-,-
144,G0_0145,M,,,44.714,68.2,-,-
499,G0_0500,M,,,44.703,68.2,-,-
454,G0_0455,M,,,44.501,68.2,-,携带
36,G0_0037,M,,,44.475,68.1,-,-
196,G0_0197,M,,,44.283,68.0,携带,-
448,G0_0449,F,,,44.168,68.0,-,-
1406,G0_1407,F,,,43.768,67.9,-,-
1782,G0_1783,M,,,43.7,67.9,-,-
643,G0_0644,F,,,43.589,67.8,-,-
154,G0_0155,M,,,43.373,67.8,-,携带
68,G0_0069,M,,,43.355,67.8,-,-
1954,G0_1955,F,,,43.15,67.7,-,-
389,G0_0390,M,,,42.945,67.6,-,-
1069,G0_1070,M,,,42.903,67.6,-,-
326,G0_0327,M,,,42.462,67.6,-,-
1873,G0_1874,M,,,42.329,67.5,携带,-
1493,G0_1494,M,,,42.317,67.4,-,-
1895,G0_1896,M,,,42.153,67.4,-,-
211,G0_0212,F,,,41.927,67.4,-,-
1721,G0_1722,F,,,41.491,67.3,-,-
692,G0_0693,M,,,41.389,67.2,-,-
1797,G0_1798,M,,,41.154,67.2,-,携带
1203,G0_1204,M,,,41.091,67.2,携带,-
1894,G0_1895,M,,,40.966,67.1,携带,-
504,G0_0505,F,,,40.904,67.0,-,-
817,G0_0818,F,,,40.837,67.0,-,-
714,G0_0715,F,,,40.73,66.9,-,-
1434,G0_1435,F,,,40.494,66.9,-,-
497,G0_0498,M,,,40.481,66.8,-,-
282,G0_0283,M,,,40.168,66.8,-,携带
390,G0_0391,F,,,40.165,66.8,-,-
1302,G0_1303,F,,,40.145,66.7,-,-
94,G0_0095,F,,,40.017,66.6,-,-
1987,G0_1988,M,,,39.612,66.6,-,-
79,G0_0080,F,,,39.499,66.6,-,-
1792,G0_1793,M,,,39.401,66.5,-,-
443,G0_0444,M,,,39.22,66.4,-,-
1818,G0_1819,F,,,39.188,66.4,-,-
377,G0_0378,M,,,39.177,66.4,-,携带
1336,G0_1337,F,,,39.026,66.3,-,-
1692,G0_1693,F,,,39.01,66.2,-,-
1639,G0_1640,F,,,38.7,66.2,-,-
233,G0_0234,F,,,38.491,66.2,-,-
1754,G0_1755,F,,,38.4,66.1,-,-
1889,G0_1890,M,,,38.303,66.0,-,-
359,G0_0360,F,,,38.095,66.0,-,-
1606,G0_1607,F,,,37.916,65.9,-,-
1912,G0_1913,M,,,37.72,65.9,-,-
346,G0_0347,F,,,37.663,65.8,携带,-
1807,G0_1808,F,,,37.589,65.8,-,-
122,G0_0123,M,,,37.501,65.8,-,-
21,G0_0022,M,,,37.416,65.7,-,-
1357,G0_1358,M,,,37.235,65.6,-,-
198,G0_0199,M,,,37.228,65.6,-,-
1362,G0_1363,F,,,37.027,65.6,携带,-
1771,G0_1772,M,,,36.961,65.5,-,-
756,G0_0757,M,,,36.796,65.4,-,-
1070,G0_1071,F,,,36.75,65.4,-,-
1256,G0_1257,F,,,36.697,65.4,-,-
170,G0_0171,F,,,36.658,65.3,-,-
604,G0_0605,M,,,36.538,65.2,-,-
885,G0_0886,F,,,36.276,65.2,携带,-
1598,G0_1599,M,,,36.147,65.2,-,携带
1151,G0_1152,M,,,35.991,65.1,-,-
1625,G0_1626,M,,,35.989,65.0,-,-
1829,G0_1830,F,,,35.724,65.0,-,-
2,G0_0003,M,,,35.262,64.9,-,-
981,G0_0982,M,,,34.912,64.9,-,-
1696,G0_1697,F,,,34.755,64.8,-,-
812,G0_0813,F,,,34.64,64.8,-,-
121,G0_0122,M,,,34.421,64.8,-,-
1284,G0_1285,M,,,34.394,64.7,携带,-
1423,G0_1424,M,,,34.379,64.6,-,携带
1690,G0_1691,M,,,34.364,64.6,-,-
1879,G0_1880,F,,,34.165,64.6,-,-
646,G0_0647,M,,,34.072,64.5,-,-
1176,G0_1177,F,,,34.028,64.4,-,-
222,G0_0223,F,,,34.027,64.4,携带,-
1978,G0_1979,M,,,33.918,64.4,-,-
1190,G0_1191,M,,,33.863,64.3,-,携带
1870,G0_1871,M,,,33.762,64.2,携带,-
1815,G0_1816,M,,,33.485,64.2,-,携带
797,G0_0798,M,,,33.483,64.2,携带,-
1784,G0_1785,M,,,33.481,64.1,-,-
540,G0_0541,F,,,33.44,64.0,-,-
923,G0_0924,M,,,33.417,64.0,-,-
584,G0_0585,F,,,33.262,64.0,-,-
1720,G0_1721,M,,,33.059,63.9,携带,-
994,G0_0995,F,,,33.048,63.8,-,-
1169,G0_1170,F,,,32.686,63.8,-,携带
793,G0_0794,M,,,32.559,63.8,-,-
1652,G0_1653,F,,,32.45,63.7,-,-
751,G0_0752,F,,,32.323,63.6,-,-
325,G0_0326,F,,,32.1,63.6,-,-
1582,G0_1583,F,,,32.092,63.6,-,-
1346,G0_1347,M,,,31.832,63.5,携带,-
471,G0_0472,F,,,31.809,63.4,-,-
1352,G0_1353,F,,,31.682,63.4,-,-
73,G0_0074,F,,,31.655,63.4,-,-
1824,G0_1825,M,,,31.476,63.3,-,-
910,G0_0911,F,,,31.409,63.2,-,携带
864,G0_0865,M,,,31.382,63.2,-,-
1107,G0_1108,F,,,31.221,63.2,-,携带
1663,G0_1664,M,,,31.213,63.1,-,-
1062,G0_1063,M,,,31.2,63.0,-,-
1451,G0_1452,F,,,31.039,63.0,-,-
659,G0_0660,M,,,30.986,63.0,-,-
277,G0_0278,F,,,30.684,62.9,-,-
1904,G0_1905,M,,,30.561,62.8,-,携带
1732,G0_1733,F,,,30.208,62.8,-,-
386,G0_0387,M,,,30.109,62.8,-,-
1481,G0_1482,M,,,29.745,62.7,携带,-
1422,G0_1423,F,,,29.519,62.6,携带,-
1664,G0_1665,M,,,29.507,62.6,-,-
874,G0_0875,M,,,29.448,62.6,-,-
892,G0_0893,F,,,29.419,62.5,-,-
1710,G0_1711,F,,,29.388,62.4,-,-
464,G0_0465,M,,,29.361,62.4,-,-
131,G0_0132,M,,,29.228,62.4,-,-
1981,G0_1982,M,,,29.01,62.3,携带,-
1475,G0_1476,F,,,28.965,62.2,-,-
502,G0_0503,F,,,28.95,62.2,-,-
1874,G0_1875,M,,,28.817,62.2,-,-
1512,G0_1513,M,,,28.793,62.1,-,-
1471,G0_1472,M,,,28.627,62.0,-,-
843,G0_0844,M,,,28.611,62.0,-,-
1722,G0_1723,F,,,28.485,62.0,-,-
417,G0_0418,F,,,27.85,61.9,-,-
709,G0_0710,M,,,27.818,61.8,-,-
84,G0_0085,F,,,27.755,61.8,-,-
1972,G0_1973,M,,,27.732,61.8,-,-
1580,G0_1581,M,,,27.602,61.7,-,-
813,G0_0814,M,,,27.512,61.6,-,-
1139,G0_1140,F,,,27.451,61.6,携带,-
1469,G0_1470,M,,,27.112,61.6,-,-
1323,G0_1324,F,,,27.059,61.5,-,-
931,G0_0932,F,,,26.936,61.4,-,-
1361,G0_1362,F,,,26.93,61.4,-,-
451,G0_0452,F,,,26.785,61.4,-,-
141,G0_0142,F,,,26.761,61.2,-,-
1376,G0_1377,M,,,26.761,61.3,-,-
1172,G0_1173,M,,,26.736,61.2,携带,-
550,G0_0551,M,,,26.603,61.2,-,-
1259,G0_1260,M,,,26.265,61.1,携带,携带
446,G0_0447,M,,,26.204,61.0,-,-
255,G0_0256,M,,,26.095,61.0,-,-
1108,G0_1109,F,,,26.011,61.0,-,-
1388,G0_1389,F,,,25.976,60.9,-,-
183,G0_0184,F,,,25.837,60.8,携带,携带
1016,G0_1017,F,,,25.779,60.8,-,-
1708,G0_1709,F,,,25.693,60.8,-,-
1236,G0_1237,F,,,25.678,60.7,携带,-
1629,G0_1630,M,,,25.596,60.6,携带,-
1454,G0_1455,F,,,25.476,60.6,-,-
1654,G0_1655,F,,,25.401,60.6,-,-
440,G0_0441,M,,,25.388,60.5,携带,-
1698,G0_1699,F,,,25.325,60.4,-,-
954,G0_0955,M,,,25.244,60.4,-,-
1930,G0_1931,F,,,25.188,60.4,-,-
759,G0_0760,F,,,25.06,60.3,-,-
1452,G0_1453,F,,,24.984,60.2,-,携带
872,G0_0873,M,,,24.786,60.2,-,携带
1715,G0_1716,F,,,24.703,60.2,-,-
1268,G0_1269,F,,,24.601,60.1,-,-
230,G0_0231,M,,,24.539,60.0,-,携带
1599,G0_1600,M,,,24.537,60.0,-,-
644,G0_0645,F,,,24.39,60.0,-,-
1517,G0_1518,F,,,24.376,59.9,携带,-
368,G0_0369,M,,,24.037,59.8,-,-
1617,G0_1618,M,,,24.021,59.8,-,-
1,G0_0002,F,,,23.966,59.8,-,-
750,G0_0751,M,,,23.581,59.7,-,-
1410,G0_1411,M,,,23.474,59.6,-,-
917,G0_0918,F,,,23.303,59.6,携带,-
726,G0_0727,F,,,23.222,59.6,-,-
29,G0_0030,F,,,23.114,59.5,携带,-
1090,G0_1091,M,,,23.064,59.4,-,-
1694,G0_1695,F,,,22.9,59.4,-,-
1429,G0_1430,F,,,22.553,59.4,-,携带
205,G0_0206,M,,,22.485,59.3,-,-
946,G0_0947,F,,,22.188,59.2,-,-
1158,G0_1159,F,,,22.11,59.2,-,-
621,G0_0622,M,,,21.996,59.2,-,-
1462,G0_1463,F,,,21.88,59.1,-,-
476,G0_0477,F,,,21.864,59.0,-,-
1775,G0_1776,F,,,21.63,59.0,-,携带
856,G0_0857,M,,,21.531,59.0,携带,携带
1083,G0_1084,M,,,21.238,58.9,-,-
1849,G0_1850,F,,,21.238,58.8,-,-
744,G0_0745,F,,,21.005,58.8,-,-
559,G0_0560,F,,,20.817,58.8,-,-
638,G0_0639,F,,,20.679,58.7,-,-
1709,G0_1710,F,,,20.629,58.6,-,携带
1407,G0_1408,F,,,20.405,58.6,-,-
422,G0_0423,F,,,20.137,58.6,-,-
1888,G0_1889,F,,,20.093,58.5,-,-
66,G0_0067,M,,,19.792,58.4,-,-
43,G0_0044,M,,,19.711,58.4,-,-
137,G0_0138,F,,,19.711,58.4,-,-
1936,G0_1937,M,,,19.666,58.3,-,-
757,G0_0758,F,,,19.588,58.2,携带,携带
1801,G0_1802,F,,,19.52,58.2,-,-
1997,G0_1998,F,,,19.491,58.2,-,-
1725,G0_1726,M,,,19.36,58.1,-,-
870,G0_0871,F,,,19.172,58.0,-,-
564,G0_0565,M,,,19.141,58.0,携带,-
905,G0_0906,F,,,18.94,58.0,-,-
1257,G0_1258,M,,,18.921,57.9,-,-
362,G0_0363,M,,,18.81,57.8,-,-
1000,G0_1001,F,,,18.686,57.8,-,-
238,G0_0239,F,,,18.685,57.8,-,-
1850,G0_1851,F,,,18.617,57.7,-,-
1880,G0_1881,M,,,18.57,57.6,-,携带
159,G0_0160,M,,,18.503,57.6,-,携带
625,G0_0626,F,,,18.419,57.6,-,-
484,G0_0485,M,,,18.234,57.5,-,携带
123,G0_0124,F,,,18.093,57.4,-,-
1619,G0_1620,M,,,17.965,57.4,-,-
610,G0_0611,M,,,17.822,57.4,-,-
533,G0_0534,M,,,17.675,57.3,-,-
1348,G0_1349,F,,,17.477,57.2,-,-
1170,G0_1171,F,,,17.051,57.2,-,-
1996,G0_1997,M,,,16.959,57.2,-,-
1955,G0_1956,M,,,16.852,57.1,-,-
437,G0_0438,M,,,16.713,57.0,携带,-
1218,G0_1219,F,,,16.347,57.0,-,-
832,G0_0833,F,,,16.043,57.0,-,携带
1862,G0_1863,F,,,15.985,56.9,-,-
194,G0_0195,F,,,15.925,56.8,-,-
1597,G0_1598,F,,,15.652,56.8,-,-
901,G0_0902,M,,,15.649,56.8,-,-
639,G0_0640,F,,,15.631,56.7,-,-
1007,G0_1008,M,,,15.517,56.6,-,携带
116,G0_0117,F,,,15.374,56.6,-,-
1765,G0_1766,F,,,15.247,56.6,-,-
22,G0_0023,M,,,15.194,56.5,携带,-
1486,G0_1487,M,,,15.104,56.4,-,-
1160,G0_1161,F,,,15.021,56.4,-,-
498,G0_0499,F,,,14.924,56.4,-,携带
792,G0_0793,F,,,14.54,56.3,-,-
803,G0_0804,F,,,14.161,56.2,-,-
1885,G0_1886,M,,,14.071,56.2,-,-
1608,G0_1609,M,,,14.063,56.2,-,-
1066,G0_1067,F,,,14.044,56.1,携带,-
8,G0_0009,F,,,13.7,56.0,-,-
296,G0_0297,M,,,13.656,56.0,携带,-
883,G0_0884,M,,,13.506,56.0,-,-
1148,G0_1149,F,,,13.35,55.9,-,-
965,G0_0966,M,,,13.161,55.8,-,-
161,G0_0162,F,,,13.157,55.8,-,-
48,G0_0049,M,,,12.856,55.8,-,-
1800,G0_1801,M,,,12.78,55.7,-,-
858,G0_0859,F,,,12.713,55.6,-,-
145,G0_0146,F,,,12.606,55.6,携带,-
120,G0_0121,M,,,12.603,55.6,-,-
1834,G0_1835,M,,,12.487,55.5,-,-
927,G0_0928,M,,,12.223,55.4,-,-
1974,G0_1975,M,,,12.189,55.4,-,-
806,G0_0807,M,,,12.151,55.4,-,-
982,G0_0983,F,,,11.908,55.3,-,-
1399,G0_1400,F,,,11.814,55.2,携带,-
668,G0_0669,M,,,11.743,55.2,携带,-
1116,G0_1117,M,,,11.601,55.2,-,-
1237,G0_1238,F,,,11.515,55.1,-,-
324,G0_0325,F,,,11.483,55.0,-,-
976,G0_0977,M,,,11.43,55.0,-,-
899,G0_0900,M,,,11.245,55.0,-,-
1344,G0_1345,M,,,11.037,54.9,-,携带
1970,G0_1971,F,,,10.938,54.8,携带,-
45,G0_0046,M,,,10.871,54.8,-,-
1479,G0_1480,M,,,10.75,54.8,-,-
340,G0_0341,F,,,10.743,54.7,-,-
740,G0_0741,F,,,10.73,54.6,-,-
537,G0_0538,M,,,10.529,54.6,-,-
701,G0_0702,M,,,10.235,54.6,-,-
44,G0_0045,F,,,9.97,54.5,-,-
1863,G0_1864,F,,,9.919,54.4,-,-
1645,G0_1646,M,,,9.913,54.4,-,-
1812,G0_1813,F,,,9.867,54.4,-,-
1442,G0_1443,M,,,9.558,54.3,-,-
648,G0_0649,F,,,9.43,54.2,携带,-
401,G0_0402,M,,,9.251,54.2,-,-
1289,G0_1290,F,,,9.25,54.2,-,-
308,G0_0309,F,,,9.18,54.1,-,-
1610,G0_1611,F,,,9.04,54.0,-,-
1718,G0_1719,M,,,9.021,54.0,-,-
1261,G0_1262,F,,,8.793,54.0,-,-
313,G0_0314,F,,,8.75,53.9,-,-
915,G0_0916,F,,,8.66,53.8,-,-
1498,G0_1499,M,,,8.624,53.8,-,-
1967,G0_1968,M,,,8.57,53.8,-,-
1660,G0_1661,M,,,8.059,53.7,-,携带
382,G0_0383,F,,,8.001,53.6,-,-
606,G0_0607,M,,,7.822,53.6,-,-
243,G0_0244,M,,,7.742,53.6,-,-
1741,G0_1742,F,,,7.538,53.5,携带,-
1249,G0_1250,M,,,7.077,53.4,-,携带
505,G0_0506,F,,,7.047,53.4,携带,-
985,G0_0986,F,,,6.889,53.4,-,-
1208,G0_1209,M,,,6.776,53.3,-,-
1653,G0_1654,M,,,6.605,53.2,-,-
332,G0_0333,M,,,6.597,53.2,-,-
1059,G0_1060,M,,,6.558,53.2,-,携带
1111,G0_1112,F,,,6.545,53.1,携带,-
1207,G0_1208,M,,,6.494,53.0,-,携带
746,G0_0747,M,,,6.363,53.0,-,-
929,G0_0930,F,,,6.311,53.0,-,-
1547,G0_1548,F,,,6.165,52.9,-,-
741,G0_0742,M,,,6.153,52.8,-,-
545,G0_0546,M,,,6.101,52.8,-,-
1550,G0_1551,M,,,6.047,52.8,携带,-
1736,G0_1737,M,,,6.004,52.7,-,-
1809,G0_1810,F,,,5.824,52.6,-,-
126,G0_0127,M,,,5.688,52.6,-,-
353,G0_0354,M,,,5.622,52.6,-,-
585,G0_0586,F,,,5.515,52.5,-,-
568,G0_0569,M,,,5.459,52.4,-,-
13,G0_0014,M,,,5.424,52.4,-,-
629,G0_0630,M,,,5.365,52.4,-,携带
1706,G0_1707,M,,,5.306,52.3,-,-
1126,G0_1127,M,,,5.262,52.2,-,-
1620,G0_1621,F,,,5.237,52.2,-,-
1640,G0_1641,F,,,5.108,52.2,-,-
671,G0_0672,M,,,5.065,52.1,-,-
641,G0_0642,M,,,4.65,52.0,-,-
1024,G0_1025,M,,,4.526,52.0,-,-
1522,G0_1523,M,,,4.437,52.0,-,-
1983,G0_1984,M,,,4.405,51.9,-,携带
1939,G0_1940,F,,,4.296,51.8,-,携带
1791,G0_1792,F,,,4.095,51.8,携带,-
74,G0_0075,M,,,3.444,51.8,-,-
1104,G0_1105,F,,,3.016,51.7,-,-
1783,G0_1784,M,,,2.959,51.6,携带,-
1377,G0_1378,F,,,2.916,51.6,-,-
1998,G0_1999,M,,,2.816,51.6,-,-
1032,G0_1033,M,,,2.729,51.5,-,-
492,G0_0493,F,,,2.686,51.4,-,-
945,G0_0946,M,,,2.635,51.4,-,-
14,G0_0015,F,,,2.538,51.4,-,-
46,G0_0047,F,,,1.993,51.3,-,-
877,G0_0878,M,,,1.843,51.2,-,携带
1917,G0_1918,M,,,1.745,51.2,-,-
909,G0_0910,F,,,1.675,51.2,-,-
158,G0_0159,M,,,1.567,51.1,携带,-
287,G0_0288,M,,,1.499,51.0,-,-
426,G0_0427,F,,,1.313,51.0,-,-
720,G0_0721,M,,,1.278,50.9,-,-
572,G0_0573,M,,,1.232,50.9,-,-
1693,G0_1694,F,,,1.188,50.8,-,-
914,G0_0915,F,,,1.135,50.8,-,携带
1029,G0_1030,M,,,0.974,50.8,-,-
546,G0_0547,M,,,0.69,50.7,-,-
1211,G0_1212,M,,,0.491,50.6,-,携带
459,G0_0460,M,,,0.43,50.6,-,-
1496,G0_1497,M,,,0.319,50.6,-,-
948,G0_0949,F,,,0.309,50.5,-,-
1051,G0_1052,F,,,0.186,50.4,-,-
1811,G0_1812,M,,,0.138,50.4,-,携带
526,G0_0527,M,,,0.071,50.3,-,-
335,G0_0336,F,,,0.058,50.3,携带,-
1865,G0_1866,F,,,-0.049,50.2,-,-
1559,G0_1560,M,,,-0.052,50.2,-,-
955,G0_0956,M,,,-0.17,50.2,-,-
268,G0_0269,M,,,-0.181,50.1,-,-
1286,G0_1287,M,,,-0.206,50.0,携带,-
352,G0_0353,F,,,-0.267,50.0,-,-
1385,G0_1386,F,,,-0.284,49.9,-,-
598,G0_0599,F,,,-0.325,49.9,-,-
1040,G0_1041,M,,,-0.669,49.8,-,-
1075,G0_1076,F,,,-0.754,49.8,-,携带
1627,G0_1628,F,,,-1.18,49.8,-,-
221,G0_0222,F,,,-1.283,49.7,-,-
408,G0_0409,F,,,-1.311,49.6,-,-
1439,G0_1440,F,,,-1.355,49.6,-,-
40,G0_0041,F,,,-1.365,49.6,-,-
400,G0_0401,M,,,-1.63,49.5,-,-
429,G0_0430,M,,,-1.705,49.4,-,-
248,G0_0249,M,,,-1.753,49.4,-,-
1301,G0_1302,F,,,-1.76,49.3,-,携带
433,G0_0434,F,,,-1.84,49.3,-,-
1630,G0_1631,M,,,-1.891,49.2,-,携带
778,G0_0779,F,,,-1.906,49.2,携带,-
1225,G0_1226,F,,,-3.064,49.2,-,-
374,G0_0375,F,,,-3.132,49.1,-,携带
138,G0_0139,M,,,-3.182,49.0,-,-
1453,G0_1454,M,,,-3.314,49.0,-,-
1756,G0_1757,F,,,-3.591,48.9,-,-
1353,G0_1354,M,,,-3.758,48.9,-,-
418,G0_0419,M,,,-3.945,48.8,-,-
731,G0_0732,M,,,-4.038,48.8,-,-
1477,G0_1478,F,,,-4.053,48.8,-,携带
1798,G0_1799,F,,,-4.455,48.7,-,-
142,G0_0143,F,,,-4.578,48.6,-,-
11,G0_0012,F,,,-4.632,48.6,-,-
617,G0_0618,M,,,-4.668,48.6,-,-
65,G0_0066,M,,,-5.259,48.5,-,-
103,G0_0104,F,,,-5.508,48.4,-,-
1760,G0_1761,F,,,-5.546,48.4,携带,-
129,G0_0130,M,,,-5.728,48.3,-,-
535,G0_0536,M,,,-5.884,48.3,-,携带
1632,G0_1633,F,,,-6.272,48.2,携带,携带
599,G0_0600,F,,,-6.463,48.2,携带,携带
814,G0_0815,M,,,-6.484,48.2,-,-
916,G0_0917,F,,,-6.671,48.1,-,-
1245,G0_1246,M,,,-6.713,48.0,-,-
1810,G0_1811,F,,,-6.921,48.0,-,-
444,G0_0445,F,,,-7.032,47.9,-,-
1960,G0_1961,M,,,-7.072,47.9,-,-
1093,G0_1094,F,,,-7.215,47.8,-,-
766,G0_0767,M,,,-7.382,47.8,-,携带
674,G0_0675,M,,,-7.417,47.8,携带,-
1287,G0_1288,M,,,-7.426,47.7,-,-
1546,G0_1547,F,,,-7.65,47.6,-,-
1540,G0_1541,F,,,-7.79,47.6,-,-
82,G0_0083,F,,,-8.032,47.6,携带,-
1369,G0_1370,F,,,-8.131,47.5,携带,-
855,G0_0856,M,,,-8.23,47.4,-,-
594,G0_0595,F,,,-8.251,47.4,-,-
879,G0_0880,F,,,-8.359,47.3,-,-
1491,G0_1492,F,,,-8.415,47.3,-,-
172,G0_0173,M,,,-8.47,47.2,-,-
81,G0_0082,M,,,-8.497,47.2,-,-
904,G0_0905,M,,,-8.775,47.2,-,-
1045,G0_1046,M,,,-8.835,47.1,-,-
1921,G0_1922,F,,,-8.88,47.0,携带,-
173,G0_0174,F,,,-9.062,47.0,-,-
132,G0_0133,M,,,-9.231,46.9,-,-
1773,G0_1774,M,,,-9.351,46.9,-,-
1142,G0_1143,M,,,-9.442,46.8,-,-
1004,G0_1005,M,,,-9.467,46.8,携带,-
558,G0_0559,M,,,-9.576,46.8,-,-
509,G0_0510,F,,,-9.758,46.7,-,-
886,G0_0887,F,,,-9.76,46.6,-,-
1026,G0_1027,F,,,-9.781,46.6,-,-
846,G0_0847,M,,,-10.013,46.6,-,-
1232,G0_1233,M,,,-10.257,46.5,-,-
1011,G0_1012,M,,,-10.27,46.4,-,-
894,G0_0895,F,,,-10.813,46.4,-,-
1077,G0_1078,M,,,-11.063,46.3,-,-
696,G0_0697,F,,,-11.237,46.3,-,-
32,G0_0033,M,,,-11.28,46.2,-,携带
1358,G0_1359,F,,,-11.371,46.2,-,-
1171,G0_1172,M,,,-11.42,46.2,-,-
391,G0_0392,F,,,-11.46,46.1,-,-
171,G0_0172,M,,,-11.47,46.0,-,-
414,G0_0415,F,,,-11.51,46.0,携带,-
1883,G0_1884,F,,,-11.618,45.9,-,-
164,G0_0165,F,,,-11.693,45.9,-,-
1623,G0_1624,M,,,-11.901,45.8,-,-
462,G0_0463,M,,,-12.08,45.8,-,-
1229,G0_1230,M,,,-12.123,45.8,-,-
26,G0_0027,M,,,-12.142,45.7,-,-
53,G0_0054,F,,,-12.157,45.6,-,-
232,G0_0233,M,,,-12.263,45.6,-,-
1167,G0_1168,F,,,-12.276,45.6,-,-
181,G0_0182,M,,,-12.574,45.5,-,携带
1767,G0_1768,F,,,-12.63,45.4,-,-
555,G0_0556,M,,,-12.977,45.4,携带,-
1141,G0_1142,F,,,-13.238,45.3,-,-
407,G0_0408,F,,,-13.345,45.3,-,携带
834,G0_0835,F,,,-13.4,45.2,-,-
844,G0_0845,M,,,-13.63,45.2,-,-
1086,G0_1087,F,,,-13.729,45.2,-,携带
1719,G0_1720,M,,,-13.88,45.1,-,-
1572,G0_1573,M,,,-14.107,45.0,-,-
1906,G0_1907,F,,,-14.231,45.0,-,-
1768,G0_1769,F,,,-14.259,44.9,携带,-
962,G0_0963,F,,,-14.273,44.9,-,-
5,G0_0006,M,,,-14.416,44.8,-,-
266,G0_0267,F,,,-14.455,44.8,-,-
1524,G0_1525,F,,,-14.616,44.8,-,-
1536,G0_1537,M,,,-14.71,44.7,-,-
333,G0_0334,F,,,-14.727,44.6,-,-
829,G0_0830,F,,,-14.757,44.6,-,-
108,G0_0109,M,,,-14.819,44.6,-,-
392,G0_0393,F,,,-14.845,44.5,-,-
990,G0_0991,F,,,-14.88,44.4,-,-
787,G0_0788,F,,,-15.15,44.4,携带,-
1067,G0_1068,M,,,-15.171,44.3,携带,-
1226,G0_1227,F,,,-15.889,44.3,-,-
1707,G0_1708,F,,,-16.052,44.2,携带,-
959,G0_0960,M,,,-16.136,44.2,-,-
1274,G0_1275,M,,,-16.27,44.2,-,-
1409,G0_1410,M,,,-16.316,44.1,-,-
1306,G0_1307,M,,,-16.405,44.0,-,-
1412,G0_1413,F,,,-16.408,44.0,-,-
1558,G0_1559,F,,,-16.54,43.9,-,-
785,G0_0786,M,,,-16.619,43.9,-,-
1539,G0_1540,M,,,-16.726,43.8,-,-
952,G0_0953,F,,,-16.859,43.8,-,携带
20,G0_0021,F,,,-17.033,43.8,-,-
1080,G0_1081,M,,,-17.105,43.7,-,-
348,G0_0349,F,,,-17.519,43.6,携带,-
1581,G0_1582,M,,,-17.543,43.6,-,-
819,G0_0820,F,,,-17.603,43.6,携带,-
1206,G0_1207,M,,,-17.689,43.5,-,携带
425,G0_0426,F,,,-17.711,43.4,-,-
1731,G0_1732,M,,,-17.936,43.4,-,-
1764,G0_1765,M,,,-18.281,43.3,-,-
1327,G0_1328,F,,,-18.34,43.3,携带,携带
631,G0_0632,F,,,-18.614,43.2,-,-
853,G0_0854,M,,,-18.912,43.2,-,携带
457,G0_0458,M,,,-18.916,43.2,-,-
212,G0_0213,M,,,-18.93,43.1,携带,-
1643,G0_1644,F,,,-19.005,43.0,-,-
1329,G0_1330,M,,,-19.019,43.0,-,-
960,G0_0961,M,,,-19.087,42.9,-,携带
703,G0_0704,F,,,-19.416,42.9,-,-
823,G0_0824,M,,,-19.679,42.8,-,-
688,G0_0689,M,,,-19.726,42.8,-,-
996,G0_0997,M,,,-19.785,42.8,-,-
549,G0_0550,F,,,-19.814,42.7,-,-
1162,G0_1163,F,,,-19.907,42.6,-,-
275,G0_0276,F,,,-20.215,42.6,-,-
1986,G0_1987,M,,,-20.375,42.6,-,-
286,G0_0287,M,,,-20.613,42.5,-,携带
677,G0_0678,F,,,-20.767,42.4,-,携带
317,G0_0318,F,,,-20.928,42.4,-,-
445,G0_0446,F,,,-21.073,42.3,-,-
925,G0_0926,M,,,-21.151,42.3,携带,-
937,G0_0938,M,,,-21.174,42.2,-,-
1553,G0_1554,F,,,-21.194,42.2,-,-
947,G0_0948,M,,,-21.476,42.2,-,携带
695,G0_0696,M,,,-21.723,42.1,-,-
1121,G0_1122,M,,,-22.17,42.0,-,-
1976,G0_1977,F,,,-22.21,42.0,-,-
207,G0_0208,F,,,-22.295,41.9,-,-
463,G0_0464,F,,,-22.361,41.9,携带,-
514,G0_0515,F,,,-22.363,41.8,-,-
1712,G0_1713,M,,,-22.409,41.8,-,-
80,G0_0081,F,,,-22.458,41.8,-,-
1260,G0_1261,M,,,-22.657,41.7,-,-
1020,G0_1021,F,,,-22.899,41.6,-,-
39,G0_0040,M,,,-22.963,41.6,-,-
1395,G0_1396,M,,,-22.97,41.6,-,-
1979,G0_1980,M,,,-23.029,41.5,携带,-
200,G0_0201,F,,,-23.041,41.4,-,-
1770,G0_1771,F,,,-23.081,41.4,携带,-
494,G0_0495,M,,,-23.083,41.3,-,-
214,G0_0215,M,,,-23.119,41.3,-,-
1415,G0_1416,F,,,-23.4,41.2,-,-
1450,G0_1451,M,,,-23.421,41.2,-,-
1528,G0_1529,M,,,-23.427,41.2,-,携带
1544,G0_1545,F,,,-23.48,41.1,-,-
1678,G0_1679,F,,,-23.565,41.0,-,-
219,G0_0220,F,,,-23.791,41.0,-,-
1339,G0_1340,M,,,-23.795,40.9,-,-
860,G0_0861,M,,,-23.797,40.9,-,-
1154,G0_1155,M,,,-24.082,40.8,-,-
930,G0_0931,F,,,-24.185,40.8,-,携带
1305,G0_1306,M,,,-24.378,40.8,-,-
240,G0_0241,F,,,-24.382,40.7,-,-
729,G0_0730,F,,,-24.393,40.6,-,-
690,G0_0691,F,,,-24.452,40.6,携带,-
1381,G0_1382,F,,,-24.669,40.6,-,-
1368,G0_1369,F,,,-24.723,40.5,-,-
364,G0_0365,F,,,-24.904,40.4,-,-
1064,G0_1065,F,,,-24.97,40.4,-,-
174,G0_0175,M,,,-25.04,40.3,-,-
577,G0_0578,F,,,-25.056,40.3,-,-
1614,G0_1615,F,,,-25.094,40.2,-,-
1919,G0_1920,F,,,-25.281,40.2,-,携带
1345,G0_1346,M,,,-25.394,40.2,-,携带
781,G0_0782,M,,,-25.47,40.1,-,-
826,G0_0827,M,,,-25.524,40.0,-,-
663,G0_0664,F,,,-25.936,40.0,携带,-
1687,G0_1688,F,,,-25.942,39.9,-,-
565,G0_0566,M,,,-26.076,39.9,-,-
1634,G0_1635,M,,,-26.113,39.8,-,-
764,G0_0765,M,,,-26.285,39.8,-,-
1057,G0_1058,M,,,-26.332,39.8,-,-
1426,G0_1427,F,,,-26.378,39.7,携带,-
647,G0_0648,F,,,-26.705,39.6,携带,携带
900,G0_0901,M,,,-26.739,39.6,-,-
1106,G0_1107,M,,,-26.812,39.6,-,-
1568,G0_1569,F,,,-27.035,39.5,-,携带
1248,G0_1249,M,,,-27.127,39.4,-,-
1982,G0_1983,F,,,-27.151,39.4,-,-
1728,G0_1729,F,,,-27.205,39.3,-,-
1946,G0_1947,M,,,-27.271,39.3,-,-
520,G0_0521,F,,,-27.333,39.2,-,-
1515,G0_1516,F,,,-27.409,39.2,-,-
1147,G0_1148,M,,,-27.461,39.2,-,携带
396,G0_0397,F,,,-27.708,39.1,-,-
1776,G0_1777,M,,,-27.868,39.0,-,-
640,G0_0641,M,,,-27.925,39.0,-,-
185,G0_0186,M,,,-28.007,38.9,-,-
940,G0_0941,M,,,-28.035,38.9,-,-
705,G0_0706,F,,,-28.225,38.8,-,-
1742,G0_1743,M,,,-28.339,38.8,-,-
1909,G0_1910,M,,,-28.487,38.8,携带,携带
125,G0_0126,M,,,-28.629,38.7,-,-
682,G0_0683,F,,,-28.867,38.6,-,-
1340,G0_1341,F,,,-29.027,38.6,-,-
987,G0_0988,M,,,-29.067,38.6,-,-
104,G0_0105,F,,,-29.362,38.5,-,-
919,G0_0920,M,,,-29.525,38.4,-,-
1571,G0_1572,F,,,-29.54,38.4,-,-
1264,G0_1265,M,,,-29.766,38.3,-,-
1562,G0_1563,M,,,-29.862,38.3,-,-
95,G0_0096,F,,,-29.92,38.2,-,-
1659,G0_1660,F,,,-29.922,38.2,携带,-
852,G0_0853,F,,,-30.286,38.2,-,-
752,G0_0753,M,,,-30.318,38.1,-,-
186,G0_0187,F,,,-30.356,38.0,-,-
366,G0_0367,F,,,-30.846,38.0,-,-
1146,G0_1147,F,,,-30.906,37.9,-,携带
278,G0_0279,F,,,-31.0,37.9,携带,-
1210,G0_1211,M,,,-31.046,37.8,-,-
1913,G0_1914,F,,,-31.049,37.8,-,-
1010,G0_1011,M,,,-31.172,37.8,-,-
379,G0_0380,F,,,-31.212,37.7,-,-
1212,G0_1213,M,,,-31.253,37.6,-,-
1002,G0_1003,M,,,-31.306,37.6,-,-
802,G0_0803,M,,,-31.522,37.6,-,-
209,G0_0210,M,,,-31.62,37.5,-,-
38,G0_0039,M,,,-31.626,37.4,-,-
1504,G0_1505,F,,,-31.663,37.4,-,-
487,G0_0488,F,,,-31.697,37.3,-,携带
700,G0_0701,F,,,-31.808,37.3,-,-
676,G0_0677,M,,,-31.922,37.2,-,携带
10,G0_0011,M,,,-32.164,37.2,携带,-
339,G0_0340,F,,,-32.218,37.2,-,-
1252,G0_1253,F,,,-32.385,37.1,-,-
323,G0_0324,M,,,-32.387,37.0,-,-
1110,G0_1111,F,,,-32.548,37.0,携带,-
1691,G0_1692,M,,,-32.559,36.9,-,-
51,G0_0052,M,,,-32.669,36.9,携带,-
227,G0_0228,M,,,-32.791,36.8,-,-
978,G0_0979,F,,,-32.82,36.8,-,-
249,G0_0250,F,,,-32.904,36.8,-,-
1952,G0_1953,F,,,-32.905,36.7,-,-
1041,G0_1042,F,,,-33.058,36.6,-,携带
83,G0_0084,F,,,-33.52,36.6,-,-
1511,G0_1512,F,,,-33.917,36.6,-,-
583,G0_0584,M,,,-34.037,36.5,-,-
334,G0_0335,M,,,-34.152,36.4,-,-
878,G0_0879,M,,,-34.688,36.4,-,-
715,G0_0716,M,,,-34.785,36.3,-,-
61,G0_0062,F,,,-34.864,36.3,-,-
1856,G0_1857,M,,,-35.079,36.2,-,-
809,G0_0810,M,,,-35.094,36.2,-,-
693,G0_0694,F,,,-35.13,36.2,-,-
722,G0_0723,M,,,-35.261,36.1,-,-
1231,G0_1232,M,,,-35.282,36.0,-,-
216,G0_0217,M,,,-35.348,36.0,-,-
1096,G0_1097,M,,,-35.453,36.0,-,-
861,G0_0862,M,,,-35.554,35.9,-,-
1804,G0_1805,M,,,-35.564,35.8,携带,-
1337,G0_1338,M,,,-35.572,35.8,-,-
1058,G0_1059,F,,,-35.614,35.8,-,-
907,G0_0908,M,,,-35.625,35.7,-,-
1291,G0_1292,F,,,-35.794,35.6,-,-
1299,G0_1300,F,,,-36.177,35.6,-,-
1199,G0_1200,M,,,-36.218,35.6,-,-
1803,G0_1804,M,,,-36.257,35.5,-,-
570,G0_0571,F,,,-36.339,35.4,-,携带
1761,G0_1762,F,,,-36.465,35.4,-,-
78,G0_0079,M,,,-36.482,35.3,-,-
1638,G0_1639,M,,,-36.856,35.3,-,携带
651,G0_0652,M,,,-36.869,35.2,-,-
57,G0_0058,M,,,-37.049,35.2,-,-
1637,G0_1638,F,,,-37.077,35.1,-,-
1554,G0_1555,F,,,-37.232,35.1,-,-
1516,G0_1517,F,,,-37.278,35.0,-,-
1282,G0_1283,F,,,-37.355,35.0,-,-
1188,G0_1189,F,,,-37.363,35.0,-,携带
1280,G0_1281,F,,,-37.491,34.9,-,-
30,G0_0031,M,,,-37.766,34.8,-,-
1285,G0_1286,M,,,-37.788,34.8,-,携带
1927,G0_1928,F,,,-37.8,34.8,-,-
1401,G0_1402,F,,,-37.872,34.7,-,-
896,G0_0897,F,,,-38.207,34.6,-,-
1281,G0_1282,M,,,-38.316,34.6,-,-
1195,G0_1196,F,,,-38.768,34.6,-,-
753,G0_0754,M,,,-38.957,34.5,-,-
1523,G0_1524,M,,,-39.027,34.4,-,-
1823,G0_1824,F,,,-39.094,34.4,-,-
1655,G0_1656,M,,,-39.32,34.3,-,携带
1573,G0_1574,F,,,-39.586,34.3,-,-
984,G0_0985,F,,,-40.065,34.2,携带,-
1830,G0_1831,M,,,-40.264,34.2,-,-
1695,G0_1696,F,,,-40.359,34.1,-,-
1980,G0_1981,F,,,-40.512,34.1,携带,-
242,G0_0243,M,,,-40.529,34.0,-,-
402,G0_0403,F,,,-40.645,34.0,-,-
551,G0_0552,M,,,-40.712,34.0,-,-
977,G0_0978,M,,,-40.911,33.9,-,-
4,G0_0005,M,,,-41.117,33.8,-,-
876,G0_0877,F,,,-41.265,33.8,-,-
1056,G0_1057,M,,,-41.476,33.8,-,-
1114,G0_1115,F,,,-41.705,33.7,-,-
7,G0_0008,M,,,-41.862,33.6,-,-
1223,G0_1224,M,,,-42.115,33.6,-,-
1063,G0_1064,M,,,-42.12,33.6,-,-
1991,G0_1992,M,,,-42.186,33.5,-,-
906,G0_0907,M,,,-42.319,33.4,-,-
743,G0_0744,M,,,-42.798,33.4,-,-
1052,G0_1053,M,,,-43.098,33.3,-,-
1992,G0_1993,F,,,-43.158,33.3,-,-
1766,G0_1767,F,,,-43.258,33.2,-,-
302,G0_0303,F,,,-43.361,33.2,-,-
1217,G0_1218,F,,,-43.381,33.1,-,-
541,G0_0542,F,,,-43.593,33.1,-,-
626,G0_0627,F,,,-43.595,33.0,-,-
153,G0_0154,F,,,-43.679,33.0,携带,-
1827,G0_1828,F,,,-43.853,33.0,-,携带
253,G0_0254,M,,,-43.925,32.9,-,-
710,G0_0711,F,,,-43.942,32.8,-,携带
1459,G0_1460,M,,,-43.949,32.8,-,-
1099,G0_1100,M,,,-44.052,32.8,-,-
485,G0_0486,F,,,-44.078,32.7,-,携带
786,G0_0787,F,,,-44.087,32.6,-,-
507,G0_0508,F,,,-44.692,32.6,-,-
1049,G0_1050,F,,,-44.845,32.6,-,-
469,G0_0470,M,,,-44.876,32.5,-,-
1914,G0_1915,M,,,-44.909,32.4,-,-
1968,G0_1969,F,,,-44.922,32.4,-,-
1133,G0_1134,M,,,-45.032,32.3,-,-
1351,G0_1352,F,,,-45.192,32.3,-,携带
1118,G0_1119,F,,,-45.355,32.2,-,-
547,G0_0548,M,,,-45.55,32.2,-,-
1666,G0_1667,F,,,-45.726,32.1,-,-
1468,G0_1469,M,,,-45.731,32.1,-,携带
1780,G0_1781,F,,,-46.066,32.0,-,-
1384,G0_1385,M,,,-46.079,32.0,-,携带
220,G0_0221,M,,,-46.238,32.0,-,-
680,G0_0681,M,,,-46.417,31.9,-,-
1037,G0_1038,F,,,-46.423,31.8,携带,-
1881,G0_1882,F,,,-46.635,31.8,携带,携带
670,G0_0671,M,,,-46.797,31.8,-,-
950,G0_0951,F,,,-46.958,31.7,-,-
195,G0_0196,F,,,-46.99,31.6,-,-
409,G0_0410,M,,,-47.052,31.6,-,-
1134,G0_1135,F,,,-47.069,31.6,-,-
1022,G0_1023,M,,,-47.237,31.5,-,-
820,G0_0821,M,,,-47.241,31.4,携带,-
356,G0_0357,M,,,-47.267,31.4,携带,-
152,G0_0153,M,,,-47.305,31.3,-,-
1641,G0_1642,M,,,-47.471,31.3,-,-
223,G0_0224,F,,,-47.719,31.2,-,-
1549,G0_1550,F,,,-48.242,31.2,-,-
1482,G0_1483,F,,,-48.319,31.1,携带,-
77,G0_0078,F,,,-48.397,31.1,-,-
859,G0_0860,F,,,-48.581,31.0,-,-
1778,G0_1779,M,,,-48.684,31.0,-,-
1837,G0_1838,F,,,-48.801,31.0,-,-
1390,G0_1391,F,,,-48.942,30.9,携带,-
1478,G0_1479,F,,,-48.973,30.8,-,-
795,G0_0796,F,,,-49.068,30.8,-,-
796,G0_0797,F,,,-49.411,30.8,-,-
842,G0_0843,F,,,-49.67,30.7,-,-
661,G0_0662,M,,,-49.722,30.6,-,携带
1263,G0_1264,F,,,-50.002,30.6,-,-
1961,G0_1962,F,,,-50.384,30.6,携带,-
1840,G0_1841,M,,,-50.417,30.5,-,-
1322,G0_1323,F,,,-50.433,30.4,-,-
1941,G0_1942,F,,,-50.54,30.4,-,-
261,G0_0262,M,,,-50.834,30.3,-,-
704,G0_0705,M,,,-51.019,30.3,-,-
1014,G0_1015,F,,,-51.068,30.2,-,-
1320,G0_1321,M,,,-51.309,30.2,-,-
1704,G0_1705,F,,,-51.381,30.1,-,-
202,G0_0203,M,,,-51.41,30.1,-,-
456,G0_0457,F,,,-51.685,30.0,-,-
567,G0_0568,F,,,-51.722,30.0,携带,-
449,G0_0450,F,,,-51.787,30.0,-,-
491,G0_0492,M,,,-52.214,29.9,-,-
1541,G0_1542,F,,,-52.329,29.8,-,携带
1835,G0_1836,M,,,-52.425,29.8,携带,-
1120,G0_1121,M,,,-52.595,29.8,携带,-
1411,G0_1412,F,,,-52.631,29.7,-,-
1321,G0_1322,M,,,-52.659,29.6,-,-
1844,G0_1845,F,,,-52.672,29.6,-,-
297,G0_0298,F,,,-52.929,29.6,-,-
1105,G0_1106,M,,,-53.109,29.5,-,-
824,G0_0825,F,,,-53.19,29.4,-,-
616,G0_0617,F,,,-53.3,29.4,-,-
1601,G0_1602,F,,,-54.109,29.3,-,携带
1527,G0_1528,M,,,-54.307,29.3,-,-
423,G0_0424,F,,,-54.41,29.2,携带,-
264,G0_0265,F,,,-54.433,29.2,-,-
1042,G0_1043,M,,,-54.444,29.1,-,-
1202,G0_1203,M,,,-54.591,29.1,-,-
1165,G0_1166,F,,,-55.311,29.0,-,-
1733,G0_1734,F,,,-55.434,29.0,-,-
1400,G0_1401,M,,,-55.498,29.0,-,-
1892,G0_1893,F,,,-55.711,28.9,-,-
1046,G0_1047,M,,,-56.078,28.8,-,-
1902,G0_1903,M,,,-56.194,28.8,-,-
970,G0_0971,M,,,-56.199,28.8,-,-
711,G0_0712,F,,,-56.254,28.7,-,-
306,G0_0307,F,,,-56.306,28.6,-,-
1661,G0_1662,M,,,-56.549,28.6,-,-
891,G0_0892,F,,,-56.636,28.6,-,-
769,G0_0770,F,,,-56.665,28.5,携带,-
1457,G0_1458,M,,,-56.777,28.4,-,携带
1372,G0_1373,M,,,-57.128,28.4,-,-
1615,G0_1616,F,,,-57.213,28.3,-,携带
1028,G0_1029,F,,,-57.425,28.3,-,-
1138,G0_1139,M,,,-57.57,28.2,-,-
811,G0_0812,F,,,-57.593,28.2,-,-
867,G0_0868,F,,,-57.858,28.1,-,-
1233,G0_1234,M,,,-58.126,28.1,-,-
1464,G0_1465,F,,,-58.132,28.0,-,-
1520,G0_1521,M,,,-58.339,28.0,携带,-
1841,G0_1842,F,,,-58.476,28.0,-,-
1552,G0_1553,F,,,-58.504,27.9,-,-
865,G0_0866,M,,,-58.668,27.8,携带,-
935,G0_0936,F,,,-58.828,27.8,-,-
557,G0_0558,F,,,-58.83,27.8,-,-
681,G0_0682,M,,,-58.863,27.7,-,-
1566,G0_1567,F,,,-58.982,27.6,携带,携带
1244,G0_1245,M,,,-59.267,27.6,-,-
49,G0_0050,M,,,-59.283,27.6,-,携带
1417,G0_1418,F,,,-59.619,27.5,-,-
730,G0_0731,F,,,-59.681,27.4,-,-
424,G0_0425,M,,,-60.283,27.4,-,-
941,G0_0942,F,,,-60.595,27.3,-,-
1103,G0_1104,M,,,-60.609,27.3,-,-
1750,G0_1751,M,,,-60.77,27.2,-,-
347,G0_0348,F,,,-60.819,27.2,-,-
1578,G0_1579,M,,,-61.075,27.1,-,-
862,G0_0863,M,,,-61.225,27.1,-,-
1102,G0_1103,F,,,-61.32,27.0,-,-
478,G0_0479,M,,,-61.527,27.0,-,-
1290,G0_1291,F,,,-61.669,27.0,-,携带
361,G0_0362,F,,,-61.946,26.9,-,-
679,G0_0680,M,,,-62.031,26.8,携带,携带
1910,G0_1911,F,,,-62.062,26.8,-,-
237,G0_0238,F,,,-62.557,26.8,-,-
645,G0_0646,M,,,-62.661,26.7,-,-
691,G0_0692,F,,,-62.902,26.6,-,携带
619,G0_0620,M,,,-63.033,26.6,-,-
790,G0_0791,M,,,-63.511,26.6,-,-
716,G0_0717,F,,,-64.221,26.5,-,-
1307,G0_1308,F,,,-64.246,26.4,-,-
1548,G0_1549,F,,,-64.324,26.4,携带,-
1078,G0_1079,M,,,-64.359,26.3,-,-
447,G0_0448,F,,,-64.457,26.3,-,-
229,G0_0230,M,,,-64.466,26.2,-,-
1529,G0_1530,F,,,-64.548,26.2,携带,-
634,G0_0635,M,,,-64.69,26.1,-,-
1137,G0_1138,F,,,-64.996,26.1,-,-
963,G0_0964,M,,,-65.096,26.0,携带,-
1219,G0_1220,M,,,-65.532,26.0,-,-
1440,G0_1441,M,,,-65.533,26.0,-,-
774,G0_0775,F,,,-65.735,25.9,-,-
1094,G0_1095,F,,,-65.988,25.8,-,-
155,G0_0156,F,,,-65.995,25.8,-,-
1931,G0_1932,M,,,-66.223,25.8,-,-
875,G0_0876,F,,,-66.26,25.7,携带,-
1508,G0_1509,M,,,-67.142,25.6,-,-
178,G0_0179,F,,,-67.148,25.6,-,-
192,G0_0193,M,,,-67.353,25.5,-,-
1985,G0_1986,F,,,-67.792,25.5,-,-
311,G0_0312,F,,,-68.016,25.5,-,携带
975,G0_0976,F,,,-68.119,25.4,-,-
1683,G0_1684,M,,,-68.613,25.3,携带,-
124,G0_0125,F,,,-68.697,25.3,-,-
1589,G0_1590,M,,,-68.706,25.2,-,-
1724,G0_1725,F,,,-68.728,25.2,-,-
1124,G0_1125,F,,,-68.853,25.1,-,-
1911,G0_1912,F,,,-69.025,25.1,-,-
828,G0_0829,F,,,-69.063,25.0,-,-
15,G0_0016,M,,,-69.133,25.0,-,-
1185,G0_1186,M,,,-69.399,25.0,-,-
815,G0_0816,F,,,-70.252,24.9,-,-
1018,G0_1019,F,,,-70.26,24.8,-,-
1574,G0_1575,F,,,-70.292,24.8,-,-
650,G0_0651,F,,,-70.366,24.8,-,-
1005,G0_1006,F,,,-70.714,24.7,-,-
1100,G0_1101,M,,,-70.752,24.6,-,-
1669,G0_1670,F,,,-71.046,24.6,携带,携带
376,G0_0377,F,,,-71.05,24.5,-,-
182,G0_0183,M,,,-71.165,24.5,-,-
1251,G0_1252,F,,,-71.219,24.5,-,携带
1461,G0_1462,F,,,-71.329,24.4,-,携带
1221,G0_1222,F,,,-71.547,24.3,-,携带
512,G0_0513,F,,,-71.575,24.3,-,-
25,G0_0026,F,,,-71.585,24.2,-,-
1951,G0_1952,F,,,-71.719,24.2,-,-
673,G0_0674,F,,,-71.813,24.1,-,-
698,G0_0699,F,,,-71.921,24.1,-,-
702,G0_0703,M,,,-72.341,24.0,携带,-
1796,G0_1797,M,,,-72.347,24.0,-,-
1360,G0_1361,M,,,-72.381,24.0,-,-
1330,G0_1331,F,,,-72.546,23.9,-,-
1538,G0_1539,F,,,-72.909,23.8,-,-
1971,G0_1972,M,,,-73.059,23.8,携带,携带
788,G0_0789,M,,,-73.224,23.8,-,-
800,G0_0801,M,,,-73.357,23.7,-,-
167,G0_0168,M,,,-73.492,23.6,-,-
1243,G0_1244,F,,,-73.835,23.6,-,-
1184,G0_1185,F,,,-74.056,23.5,-,携带
1648,G0_1649,F,,,-74.156,23.5,-,-
1150,G0_1151,M,,,-74.173,23.5,-,-
34,G0_0035,F,,,-74.206,23.4,-,-
1433,G0_1434,M,,,-74.371,23.3,-,-
460,G0_0461,F,,,-74.38,23.3,携带,-
1762,G0_1763,M,,,-74.466,23.2,-,-
58,G0_0059,M,,,-74.476,23.2,-,-
1112,G0_1113,M,,,-74.505,23.1,-,-
157,G0_0158,F,,,-74.855,23.1,携带,-
1944,G0_1945,F,,,-75.214,23.0,携带,-
1616,G0_1617,F,,,-75.307,23.0,-,-
1618,G0_1619,M,,,-75.392,22.9,-,-
888,G0_0889,F,,,-75.409,22.9,-,-
620,G0_0621,M,,,-75.48,22.8,-,-
1430,G0_1431,M,,,-75.492,22.8,-,-
531,G0_0532,M,,,-75.591,22.8,-,-
713,G0_0714,F,,,-75.607,22.7,-,-
41,G0_0042,F,,,-75.735,22.6,-,-
420,G0_0421,F,,,-75.902,22.6,-,-
920,G0_0921,F,,,-75.949,22.5,-,-
1391,G0_1392,F,,,-75.968,22.5,-,-
1671,G0_1672,F,,,-76.007,22.4,-,-
1194,G0_1195,M,,,-76.084,22.4,-,-
1777,G0_1778,F,,,-76.474,22.3,-,-
90,G0_0091,M,,,-76.592,22.3,-,-
1924,G0_1925,M,,,-76.599,22.2,-,-
1465,G0_1466,M,,,-76.754,22.2,-,携带
98,G0_0099,M,,,-77.366,22.1,-,-
213,G0_0214,F,,,-77.414,22.1,-,-
1753,G0_1754,F,,,-77.512,22.0,-,-
305,G0_0306,M,,,-77.678,22.0,-,-
257,G0_0258,F,,,-77.704,21.9,携带,-
1674,G0_1675,F,,,-77.729,21.9,-,-
106,G0_0107,F,,,-77.801,21.8,-,携带
1438,G0_1439,M,,,-77.828,21.8,-,携带
1564,G0_1565,M,,,-77.85,21.8,-,-
372,G0_0373,M,,,-78.149,21.7,-,-
1577,G0_1578,M,,,-78.22,21.6,携带,-
776,G0_0777,F,,,-78.31,21.6,-,-
1656,G0_1657,F,,,-78.343,21.5,-,-
177,G0_0178,M,,,-78.4,21.5,-,-
1585,G0_1586,M,,,-78.453,21.4,携带,-
1624,G0_1625,F,,,-78.455,21.4,-,携带
76,G0_0077,M,,,-78.791,21.3,-,-
918,G0_0919,M,,,-79.003,21.3,-,-
804,G0_0805,F,,,-79.739,21.2,-,-
455,G0_0456,F,,,-79.971,21.2,-,-
1989,G0_1990,F,,,-79.992,21.1,-,-
1008,G0_1009,M,,,-80.173,21.1,-,-
1178,G0_1179,F,,,-80.516,21.0,携带,-
1267,G0_1268,F,,,-81.208,21.0,-,-
442,G0_0443,F,,,-81.274,20.9,-,-
175,G0_0176,M,,,-81.631,20.9,携带,-
1838,G0_1839,M,,,-81.657,20.8,-,-
1039,G0_1040,F,,,-82.057,20.8,-,-
772,G0_0773,M,,,-82.145,20.8,-,-
1235,G0_1236,F,,,-82.361,20.7,-,-
524,G0_0525,F,,,-82.477,20.6,-,携带
1308,G0_1309,F,,,-82.605,20.6,-,-
1239,G0_1240,M,,,-82.638,20.5,-,-
1543,G0_1544,M,,,-83.052,20.5,-,-
1677,G0_1678,M,,,-83.178,20.4,-,-
1125,G0_1126,F,,,-83.542,20.4,携带,-
697,G0_0698,F,,,-83.655,20.3,携带,-
961,G0_0962,F,,,-83.994,20.3,携带,-
1436,G0_1437,F,,,-84.097,20.2,-,-
24,G0_0025,M,,,-84.401,20.2,携带,-
1312,G0_1313,M,,,-84.506,20.1,-,-
1234,G0_1235,F,,,-84.856,20.1,携带,-
387,G0_0388,M,,,-85.33,20.0,-,-
1006,G0_1007,M,,,-85.355,20.0,携带,-
203,G0_0204,M,,,-85.397,19.9,-,-
193,G0_0194,M,,,-85.624,19.9,-,-
1729,G0_1730,M,,,-85.647,19.8,-,-
1755,G0_1756,F,,,-86.177,19.8,-,-
1447,G0_1448,M,,,-86.238,19.8,-,-
31,G0_0032,F,,,-86.314,19.7,-,-
1283,G0_1284,M,,,-86.323,19.6,携带,-
406,G0_0407,M,,,-86.334,19.6,-,-
997,G0_0998,F,,,-86.391,19.5,-,-
371,G0_0372,F,,,-86.511,19.5,携带,-
294,G0_0295,M,,,-86.514,19.4,-,-
694,G0_0695,F,,,-86.542,19.4,-,-
607,G0_0608,M,,,-86.944,19.3,-,携带
1591,G0_1592,F,,,-87.046,19.3,-,-
1325,G0_1326,F,,,-87.112,19.2,-,-
1053,G0_1054,M,,,-87.217,19.2,-,-
582,G0_0583,F,,,-87.636,19.1,-,-
1647,G0_1648,M,,,-87.649,19.1,携带,-
1266,G0_1267,F,,,-88.0,19.0,-,-
235,G0_0236,M,,,-88.098,19.0,-,-
1831,G0_1832,F,,,-88.19,18.9,-,携带
1794,G0_1795,F,,,-88.191,18.9,-,-
1699,G0_1700,M,,,-88.216,18.8,-,-
1816,G0_1817,F,,,-88.666,18.8,-,-
267,G0_0268,M,,,-88.673,18.8,携带,-
1519,G0_1520,M,,,-88.832,18.7,-,携带
1646,G0_1647,M,,,-88.849,18.6,携带,-
1444,G0_1445,M,,,-89.006,18.6,-,-
851,G0_0852,F,,,-89.075,18.5,-,-
993,G0_0994,F,,,-89.235,18.5,-,携带
231,G0_0232,F,,,-89.503,18.4,-,-
560,G0_0561,M,,,-89.669,18.4,-,携带
1389,G0_1390,M,,,-89.769,18.3,-,-
101,G0_0102,F,,,-89.942,18.3,-,-
1404,G0_1405,F,,,-89.965,18.2,-,-
1294,G0_1295,F,,,-90.079,18.2,-,-
1785,G0_1786,F,,,-90.374,18.1,-,-
350,G0_0351,M,,,-90.455,18.1,-,-
358,G0_0359,M,,,-91.038,18.0,-,-
763,G0_0764,F,,,-91.235,18.0,-,-
381,G0_0382,F,,,-91.431,17.9,-,-
1349,G0_1350,M,,,-91.738,17.9,携带,-
1847,G0_1848,F,,,-92.184,17.8,-,-
1027,G0_1028,M,,,-92.459,17.8,-,-
1460,G0_1461,M,,,-93.04,17.8,携带,携带
1253,G0_1254,M,,,-93.074,17.7,携带,携带
133,G0_0134,M,,,-93.507,17.6,-,-
902,G0_0903,F,,,-93.578,17.6,-,-
163,G0_0164,F,,,-93.73,17.5,-,-
1821,G0_1822,F,,,-93.975,17.5,-,-
654,G0_0655,M,,,-94.044,17.4,-,-
1214,G0_1215,F,,,-94.527,17.4,携带,-
881,G0_0882,F,,,-94.729,17.3,-,-
465,G0_0466,F,,,-94.906,17.3,携带,-
1567,G0_1568,M,,,-95.141,17.2,携带,-
1590,G0_1591,F,,,-95.292,17.2,携带,-
1747,G0_1748,F,,,-95.546,17.1,-,-
552,G0_0553,F,,,-95.546,17.1,-,-
12,G0_0013,M,,,-95.814,17.0,-,-
581,G0_0582,M,,,-95.968,17.0,-,携带
1843,G0_1844,F,,,-96.137,16.9,-,携带
493,G0_0494,M,,,-96.358,16.9,-,-
1089,G0_1090,F,,,-96.563,16.8,携带,-
1443,G0_1444,M,,,-96.677,16.8,-,-
489,G0_0490,F,,,-96.758,16.8,-,-
300,G0_0301,F,,,-96.969,16.7,-,-
1563,G0_1564,F,,,-97.735,16.6,-,-
1774,G0_1775,F,,,-97.843,16.6,携带,-
571,G0_0572,M,,,-97.879,16.5,-,-
1819,G0_1820,F,,,-98.003,16.5,携带,-
288,G0_0289,F,,,-98.112,16.4,-,-
217,G0_0218,F,,,-98.15,16.4,-,携带
887,G0_0888,M,,,-98.483,16.3,-,-
1144,G0_1145,M,,,-98.579,16.3,携带,-
1449,G0_1450,F,,,-98.689,16.2,携带,携带
1343,G0_1344,M,,,-98.767,16.2,携带,-
370,G0_0371,F,,,-99.395,16.1,-,-
1484,G0_1485,F,,,-99.558,16.1,携带,-
749,G0_0750,F,,,-99.615,16.0,-,-
926,G0_0927,M,,,-99.983,16.0,-,-
736,G0_0737,F,,,-100.155,15.9,-,-
1382,G0_1383,M,,,-100.271,15.9,-,-
1424,G0_1425,F,,,-100.394,15.8,-,-
717,G0_0718,M,,,-100.424,15.8,-,-
148,G0_0149,F,,,-101.031,15.8,-,-
245,G0_0246,M,,,-101.048,15.7,-,-
1938,G0_1939,F,,,-101.113,15.6,携带,-
63,G0_0064,M,,,-101.637,15.6,-,-
1689,G0_1690,M,,,-101.764,15.5,-,携带
1403,G0_1404,F,,,-101.99,15.5,-,-
416,G0_0417,M,,,-102.093,15.4,-,-
71,G0_0072,F,,,-102.12,15.4,携带,-
758,G0_0759,F,,,-102.422,15.3,-,-
1398,G0_1399,M,,,-102.894,15.3,-,-
1959,G0_1960,F,,,-103.807,15.2,-,携带
23,G0_0024,F,,,-103.859,15.2,-,-
357,G0_0358,F,,,-103.925,15.1,携带,-
1497,G0_1498,F,,,-104.115,15.1,-,-
1557,G0_1558,M,,,-104.156,15.0,-,-
1686,G0_1687,M,,,-104.362,15.0,-,-
1611,G0_1612,M,,,-104.951,14.9,-,-
590,G0_0591,M,,,-104.962,14.9,-,-
596,G0_0597,F,,,-105.013,14.8,-,-
1845,G0_1846,M,,,-105.102,14.8,-,-
849,G0_0850,M,,,-105.191,14.8,-,-
678,G0_0679,F,,,-105.584,14.7,-,-
1744,G0_1745,M,,,-105.612,14.6,-,携带
1088,G0_1089,M,,,-105.944,14.6,-,-
1379,G0_1380,M,,,-106.069,14.5,-,-
419,G0_0420,M,,,-106.173,14.5,-,-
290,G0_0291,F,,,-106.454,14.4,-,-
622,G0_0623,M,,,-106.842,14.4,-,携带
438,G0_0439,M,,,-106.871,14.3,携带,携带
1193,G0_1194,F,,,-106.892,14.3,-,-
1383,G0_1384,F,,,-107.603,14.2,-,-
1875,G0_1876,M,,,-107.679,14.2,-,-
908,G0_0909,M,,,-107.682,14.1,-,-
1673,G0_1674,F,,,-107.875,14.1,-,-
1183,G0_1184,F,,,-108.008,14.0,-,携带
1191,G0_1192,M,,,-108.095,14.0,-,-
1258,G0_1259,M,,,-108.109,13.9,携带,携带
689,G0_0690,M,,,-108.13,13.9,-,-
1209,G0_1210,F,,,-108.86,13.8,-,-
1937,G0_1938,F,,,-109.317,13.8,-,-
1752,G0_1753,M,,,-109.401,13.8,-,-
898,G0_0899,M,,,-109.617,13.7,携带,-
474,G0_0475,F,,,-109.619,13.6,-,携带
592,G0_0593,M,,,-109.743,13.6,-,-
1143,G0_1144,F,,,-110.089,13.5,-,携带
523,G0_0524,M,,,-110.178,13.5,-,-
1117,G0_1118,F,,,-110.403,13.4,-,-
1030,G0_1031,F,,,-110.595,13.4,携带,-
394,G0_0395,F,,,-110.662,13.3,-,-
939,G0_0940,F,,,-110.929,13.3,-,-
850,G0_0851,M,,,-111.293,13.2,-,-
1929,G0_1930,M,,,-111.448,13.2,-,-
388,G0_0389,F,,,-111.612,13.1,-,-
1480,G0_1481,M,,,-111.74,13.1,-,-
1269,G0_1270,F,,,-111.815,13.0,携带,-
1247,G0_1248,M,,,-112.064,13.0,-,-
739,G0_0740,F,,,-112.77,12.9,-,-
510,G0_0511,M,,,-113.032,12.9,-,-
398,G0_0399,M,,,-113.127,12.8,-,-
224,G0_0225,M,,,-113.359,12.8,-,-
1065,G0_1066,F,,,-113.677,12.8,-,-
1023,G0_1024,M,,,-113.719,12.7,-,-
653,G0_0654,M,,,-114.075,12.6,-,-
897,G0_0898,F,,,-114.289,12.6,-,携带
384,G0_0385,F,,,-114.48,12.5,-,-
1940,G0_1941,F,,,-114.571,12.5,-,-
801,G0_0802,F,,,-115.242,12.4,-,-
991,G0_0992,F,,,-115.432,12.4,-,-
1869,G0_1870,F,,,-115.485,12.3,-,-
1495,G0_1496,F,,,-115.617,12.3,-,-
1505,G0_1506,F,,,-115.643,12.2,-,-
1684,G0_1685,F,,,-115.755,12.2,-,携带
657,G0_0658,M,,,-115.886,12.1,携带,-
1846,G0_1847,M,,,-116.518,12.1,-,-
118,G0_0119,M,,,-116.638,12.0,-,-
835,G0_0836,F,,,-116.661,12.0,-,-
199,G0_0200,F,,,-116.823,11.9,-,-
1746,G0_1747,M,,,-116.988,11.9,-,-
1159,G0_1160,M,,,-117.024,11.8,携带,-
1161,G0_1162,F,,,-117.279,11.8,-,-
1435,G0_1436,F,,,-118.457,11.8,-,携带
1091,G0_1092,M,,,-118.565,11.7,-,-
1854,G0_1855,F,,,-118.644,11.6,-,-
1396,G0_1397,F,,,-118.644,11.6,-,-
1636,G0_1637,F,,,-118.716,11.5,-,-
1071,G0_1072,M,,,-119.019,11.5,-,携带
1255,G0_1256,M,,,-119.302,11.4,携带,-
1723,G0_1724,F,,,-119.457,11.4,-,-
1745,G0_1746,M,,,-119.483,11.3,-,-
544,G0_0545,M,,,-119.684,11.3,携带,携带
601,G0_0602,F,,,-119.919,11.2,携带,-
436,G0_0437,F,,,-120.102,11.2,-,-
160,G0_0161,F,,,-120.135,11.1,-,-
1675,G0_1676,F,,,-120.398,11.1,-,-
1848,G0_1849,F,,,-120.465,11.0,-,-
1132,G0_1133,F,,,-120.774,11.0,携带,-
1676,G0_1677,F,,,-120.793,10.9,-,-
1136,G0_1137,M,,,-120.998,10.9,-,-
1359,G0_1360,F,,,-121.517,10.8,携带,-
179,G0_0180,F,,,-121.669,10.8,-,携带
477,G0_0478,M,,,-121.738,10.8,携带,-
1890,G0_1891,F,,,-121.836,10.7,-,-
1201,G0_1202,F,,,-122.791,10.6,-,-
942,G0_0943,F,,,-123.329,10.6,-,-
822,G0_0823,F,,,-123.494,10.5,-,-
486,G0_0487,M,,,-123.508,10.5,-,-
1187,G0_1188,F,,,-123.604,10.4,-,-
1521,G0_1522,F,,,-123.645,10.4,-,-
603,G0_0604,M,,,-123.731,10.3,-,携带
1001,G0_1002,F,,,-123.851,10.3,携带,携带
980,G0_0981,M,,,-123.864,10.2,-,-
256,G0_0257,F,,,-124.063,10.2,-,-
1489,G0_1490,M,,,-124.697,10.1,携带,携带
574,G0_0575,M,,,-125.407,10.1,-,-
706,G0_0707,F,,,-125.445,10.0,-,-
562,G0_0563,M,,,-125.657,10.0,-,-
951,G0_0952,F,,,-125.892,9.9,-,-
428,G0_0429,M,,,-126.028,9.9,-,携带
884,G0_0885,M,,,-126.058,9.8,-,携带
168,G0_0169,F,,,-126.091,9.8,-,-
1393,G0_1394,F,,,-126.431,9.8,-,-
1943,G0_1944,M,,,-127.183,9.7,携带,-
127,G0_0128,F,,,-127.359,9.6,-,-
732,G0_0733,M,,,-127.4,9.6,-,携带
1506,G0_1507,F,,,-127.596,9.5,-,-
338,G0_0339,F,,,-127.656,9.5,-,-
1603,G0_1604,M,,,-127.72,9.4,携带,携带
1832,G0_1833,M,,,-128.056,9.4,-,-
360,G0_0361,M,,,-128.06,9.3,-,-
783,G0_0784,F,,,-128.414,9.3,-,携带
355,G0_0356,M,,,-128.422,9.2,-,-
1612,G0_1613,M,,,-129.478,9.2,-,-
890,G0_0891,F,,,-130.134,9.1,-,-
1842,G0_1843,M,,,-130.236,9.1,-,-
773,G0_0774,F,,,-130.246,9.0,携带,-
611,G0_0612,F,,,-131.061,9.0,携带,-
1035,G0_1036,F,,,-131.161,8.9,-,-
319,G0_0320,M,,,-131.619,8.9,-,-
1622,G0_1623,F,,,-131.632,8.8,-,-
1378,G0_1379,F,,,-131.854,8.8,-,-
96,G0_0097,M,,,-132.078,8.8,-,-
244,G0_0245,M,,,-132.88,8.7,-,-
1701,G0_1702,M,,,-133.555,8.6,-,携带
1025,G0_1026,F,,,-134.492,8.6,-,携带
1679,G0_1680,F,,,-134.522,8.5,携带,-
452,G0_0453,M,,,-134.591,8.5,-,-
1342,G0_1343,F,,,-134.598,8.4,-,-
1036,G0_1037,M,,,-135.156,8.4,携带,-
1953,G0_1954,F,,,-135.651,8.3,-,-
966,G0_0967,F,,,-135.943,8.3,-,携带
480,G0_0481,F,,,-135.951,8.2,-,-
615,G0_0616,F,,,-135.998,8.2,-,-
608,G0_0609,F,,,-136.403,8.1,-,-
1795,G0_1796,M,,,-136.725,8.1,-,-
511,G0_0512,F,,,-136.82,8.0,-,-
830,G0_0831,F,,,-138.115,8.0,-,-
1200,G0_1201,M,,,-138.137,7.9,-,-
117,G0_0118,F,,,-138.465,7.9,-,-
1786,G0_1787,F,,,-138.589,7.8,-,-
854,G0_0855,F,,,-138.838,7.8,-,-
1338,G0_1339,F,,,-139.201,7.8,-,-
146,G0_0147,F,,,-139.512,7.7,-,-
534,G0_0535,M,,,-139.627,7.6,-,携带
836,G0_0837,M,,,-140.028,7.6,-,-
1975,G0_1976,F,,,-140.238,7.5,-,-
1857,G0_1858,F,,,-141.149,7.5,-,-
246,G0_0247,M,,,-141.457,7.4,-,携带
37,G0_0038,F,,,-141.576,7.4,-,-
143,G0_0144,M,,,-142.181,7.3,-,携带
789,G0_0790,F,,,-142.292,7.3,-,-
128,G0_0129,M,,,-142.364,7.2,-,携带
151,G0_0152,F,,,-143.35,7.2,-,-
1751,G0_1752,F,,,-143.397,7.1,-,-
375,G0_0376,F,,,-143.695,7.1,-,-
1825,G0_1826,F,,,-143.796,7.0,-,-
725,G0_0726,F,,,-143.857,7.0,-,-
1716,G0_1717,M,,,-144.038,6.9,携带,-
922,G0_0923,F,,,-144.594,6.9,-,-
921,G0_0922,F,,,-144.692,6.8,-,-
1366,G0_1367,F,,,-145.202,6.8,-,-
1303,G0_1304,M,,,-145.663,6.8,-,-
957,G0_0958,F,,,-146.328,6.7,-,-
1373,G0_1374,M,,,-146.908,6.6,-,-
1535,G0_1536,F,,,-147.076,6.6,-,-
105,G0_0106,F,,,-147.29,6.5,-,-
62,G0_0063,M,,,-147.913,6.5,-,-
1510,G0_1511,F,,,-148.363,6.4,携带,-
75,G0_0076,M,,,-148.387,6.4,-,-
342,G0_0343,M,,,-148.663,6.3,-,-
1789,G0_1790,M,,,-148.998,6.3,-,-
135,G0_0136,F,,,-149.286,6.2,-,-
1380,G0_1381,F,,,-149.764,6.2,-,-
1467,G0_1468,M,,,-149.961,6.1,-,-
1309,G0_1310,F,,,-150.029,6.1,-,携带
642,G0_0643,M,,,-150.075,6.0,-,-
1350,G0_1351,F,,,-150.078,6.0,-,-
1034,G0_1035,M,,,-150.207,5.9,-,-
481,G0_0482,M,,,-150.69,5.9,携带,-
1466,G0_1467,M,,,-150.853,5.8,-,-
1621,G0_1622,F,,,-151.07,5.8,携带,-
1421,G0_1422,M,,,-152.285,5.8,-,-
458,G0_0459,M,,,-152.297,5.7,-,-
345,G0_0346,F,,,-152.647,5.6,-,-
1833,G0_1834,M,,,-152.797,5.6,-,-
1734,G0_1735,M,,,-153.995,5.5,-,-
569,G0_0570,M,,,-154.635,5.5,-,-
490,G0_0491,F,,,-154.667,5.4,-,-
1073,G0_1074,F,,,-155.885,5.4,-,-
1884,G0_1885,F,,,-156.019,5.3,-,-
251,G0_0252,F,,,-157.325,5.3,-,-
111,G0_0112,F,,,-157.477,5.2,-,-
539,G0_0540,M,,,-158.799,5.2,-,-
310,G0_0311,M,,,-158.906,5.1,-,-
794,G0_0795,M,,,-158.92,5.1,-,携带
1189,G0_1190,F,,,-159.258,5.0,-,-
86,G0_0087,M,,,-160.136,5.0,-,-
56,G0_0057,F,,,-161.515,4.9,-,-
488,G0_0489,F,,,-161.625,4.9,-,-
1790,G0_1791,F,,,-161.79,4.8,-,-
1279,G0_1280,M,,,-161.867,4.8,-,-
912,G0_0913,F,,,-162.058,4.8,-,-
1168,G0_1169,F,,,-162.106,4.7,携带,携带
1957,G0_1958,M,,,-162.211,4.6,-,-
1933,G0_1934,M,,,-162.265,4.6,-,-
1370,G0_1371,F,,,-162.28,4.5,-,-
1250,G0_1251,F,,,-163.382,4.5,-,-
1595,G0_1596,M,,,-163.654,4.4,携带,-
1813,G0_1814,F,,,-163.734,4.4,-,-
473,G0_0474,M,,,-163.746,4.3,-,-
602,G0_0603,M,,,-163.822,4.3,-,携带
1254,G0_1255,F,,,-165.964,4.2,-,-
415,G0_0416,F,,,-167.159,4.2,-,-
1277,G0_1278,F,,,-168.331,4.1,-,-
1186,G0_1187,M,,,-168.47,4.1,-,-
1969,G0_1970,F,,,-169.952,4.0,-,-
1092,G0_1093,F,,,-171.594,4.0,-,-
399,G0_0400,F,,,-171.893,3.9,-,-
529,G0_0530,M,,,-172.269,3.9,-,-
1331,G0_1332,F,,,-172.637,3.8,-,-
1932,G0_1933,M,,,-172.984,3.8,携带,-
612,G0_0613,M,,,-173.13,3.8,携带,-
1688,G0_1689,F,,,-173.216,3.7,-,-
956,G0_0957,F,,,-173.731,3.6,-,-
973,G0_0974,F,,,-174.001,3.6,-,-
1561,G0_1562,M,,,-175.689,3.5,-,-
667,G0_0668,M,,,-176.04,3.5,-,-
321,G0_0322,M,,,-177.532,3.4,-,-
580,G0_0581,M,,,-177.888,3.4,-,-
1009,G0_1010,M,,,-178.821,3.3,-,-
431,G0_0432,M,,,-179.219,3.3,携带,-
1367,G0_1368,F,,,-179.696,3.2,-,-
187,G0_0188,M,,,-181.403,3.2,-,-
254,G0_0255,F,,,-181.858,3.1,-,携带
191,G0_0192,F,,,-182.257,3.1,-,-
260,G0_0261,F,,,-182.761,3.0,-,-
1575,G0_1576,M,,,-182.767,3.0,-,-
587,G0_0588,M,,,-183.455,2.9,-,-
228,G0_0229,F,,,-184.23,2.9,携带,-
1956,G0_1957,F,,,-184.942,2.8,-,-
683,G0_0684,M,,,-185.741,2.8,-,-
327,G0_0328,M,,,-186.035,2.8,-,-
1609,G0_1610,M,,,-188.606,2.7,-,-
944,G0_0945,F,,,-190.327,2.6,-,-
1658,G0_1659,F,,,-191.561,2.6,-,携带
320,G0_0321,M,,,-194.143,2.5,-,-
403,G0_0404,F,,,-194.385,2.5,携带,-
727,G0_0728,M,,,-195.791,2.4,-,-
1483,G0_1484,M,,,-197.094,2.4,-,-
1474,G0_1475,F,,,-197.37,2.3,-,-
784,G0_0785,M,,,-197.537,2.3,-,-
312,G0_0313,F,,,-197.825,2.2,携带,-
563,G0_0564,M,,,-197.846,2.2,-,-
664,G0_0665,F,,,-197.863,2.1,-,-
87,G0_0088,M,,,-198.497,2.1,-,-
618,G0_0619,F,,,-203.349,2.0,-,-
1886,G0_1887,M,,,-203.694,2.0,-,-
1556,G0_1557,F,,,-204.082,1.9,-,-
1945,G0_1946,F,,,-204.875,1.9,-,-
1470,G0_1471,F,,,-207.759,1.8,-,-
624,G0_0625,M,,,-208.501,1.8,-,-
329,G0_0330,M,,,-209.134,1.8,携带,-
1828,G0_1829,F,,,-210.432,1.7,-,-
1310,G0_1311,F,,,-211.187,1.6,-,-
1926,G0_1927,M,,,-211.992,1.6,-,-
97,G0_0098,F,,,-212.433,1.5,-,-
543,G0_0544,F,,,-212.565,1.5,-,-
943,G0_0944,F,,,-212.855,1.4,携带,-
1900,G0_1901,F,,,-214.51,1.4,-,-
1487,G0_1488,M,,,-215.572,1.3,-,携带
1958,G0_1959,M,,,-216.452,1.3,-,-
637,G0_0638,F,,,-218.521,1.2,-,-
176,G0_0177,M,,,-221.419,1.2,-,-
270,G0_0271,M,,,-221.873,1.1,携带,-
1749,G0_1750,F,,,-222.012,1.1,携带,-
1899,G0_1900,F,,,-223.323,1.0,-,-
1408,G0_1409,F,,,-225.623,1.0,-,-
1947,G0_1948,F,,,-228.701,0.9,-,携带
532,G0_0533,M,,,-230.794,0.9,-,-
938,G0_0939,F,,,-232.345,0.8,-,-
1316,G0_1317,M,,,-234.343,0.8,-,-
1772,G0_1773,M,,,-237.414,0.8,-,-
1851,G0_1852,F,,,-237.645,0.7,携带,携带
218,G0_0219,F,,,-240.141,0.6,携带,-
723,G0_0724,F,,,-240.596,0.6,-,-
1048,G0_1049,F,,,-240.756,0.5,-,-
591,G0_0592,F,,,-245.491,0.5,携带,携带
136,G0_0137,M,,,-254.142,0.4,-,-
250,G0_0251,F,,,-255.135,0.4,-,-
1061,G0_1062,F,,,-257.404,0.3,-,-
538,G0_0539,M,,,-264.008,0.3,-,-
1814,G0_1815,M,,,-268.316,0.2,-,-
1587,G0_1588,M,,,-270.982,0.2,-,-
273,G0_0274,F,,,-274.025,0.1,-,-
1328,G0_1329,F,,,-295.728,0.1,-,-
1228,G0_1229,F,,,-343.847,0.0,携带,-
