id,batch,generation,sex,gebv
G0_0001,G0,0,M,44.897
G0_0002,G0,0,F,23.966
G0_0003,G0,0,M,35.262
G0_0004,G0,0,F,161.854
G0_0005,G0,0,M,-41.117
G0_0006,G0,0,M,-14.416
G0_0007,G0,0,M,134.154
G0_0008,G0,0,M,-41.862
G0_0009,G0,0,F,13.7
G0_0010,G0,0,F,132.695
G0_0011,G0,0,M,-32.164
G0_0012,G0,0,F,-4.632
G0_0013,G0,0,M,-95.814
G0_0014,G0,0,M,5.424
G0_0015,G0,0,F,2.538
G0_0016,G0,0,M,-69.133
G0_0017,G0,0,M,48.722
G0_0018,G0,0,F,169.557
G0_0019,G0,0,F,151.384
G0_0020,G0,0,M,179.899
G0_0021,G0,0,F,-17.033
G0_0022,G0,0,M,37.416
G0_0023,G0,0,M,15.194
G0_0024,G0,0,F,-103.859
G0_0025,G0,0,M,-84.401
G0_0026,G0,0,F,-71.585
G0_0027,G0,0,M,-12.142
G0_0028,G0,0,M,57.682
G0_0029,G0,0,F,45.394
G0_0030,G0,0,F,23.114
G0_0031,G0,0,M,-37.766
G0_0032,G0,0,F,-86.314
G0_0033,G0,0,M,-11.28
G0_0034,G0,0,F,294.104
G0_0035,G0,0,F,-74.206
G0_0036,G0,0,M,86.167
G0_0037,G0,0,M,44.475
G0_0038,G0,0,F,-141.576
G0_0039,G0,0,M,-31.626
G0_0040,G0,0,M,-22.963
G0_0041,G0,0,F,-1.365
G0_0042,G0,0,F,-75.735
G0_0043,G0,0,M,73.074
G0_0044,G0,0,M,19.711
G0_0045,G0,0,F,9.97
G0_0046,G0,0,M,10.871
G0_0047,G0,0,F,1.993
G0_0048,G0,0,M,207.073
G0_0049,G0,0,M,12.856
G0_0050,G0,0,M,-59.283
G0_0051,G0,0,F,54.71
G0_0052,G0,0,M,-32.669
G0_0053,G0,0,F,138.83
G0_0054,G0,0,F,-12.157
G0_0055,G0,0,F,54.173
G0_0056,G0,0,F,114.887
G0_0057,G0,0,F,-161.515
G0_0058,G0,0,M,-37.049
G0_0059,G0,0,M,-74.476
G0_0060,G0,0,F,99.028
G0_0061,G0,0,F,192.126
G0_0062,G0,0,F,-34.864
G0_0063,G0,0,M,-147.913
G0_0064,G0,0,M,-101.637
G0_0065,G0,0,F,213.73
G0_0066,G0,0,M,-5.259
G0_0067,G0,0,M,19.792
G0_0068,G0,0,M,92.521
G0_0069,G0,0,M,43.355
G0_0070,G0,0,M,163.934
G0_0071,G0,0,M,50.921
G0_0072,G0,0,F,-102.12
G0_0073,G0,0,F,117.189
G0_0074,G0,0,F,31.655
G0_0075,G0,0,M,3.444
G0_0076,G0,0,M,-148.387
G0_0077,G0,0,M,-78.791
G0_0078,G0,0,F,-48.397
G0_0079,G0,0,M,-36.482
G0_0080,G0,0,F,39.499
G0_0081,G0,0,F,-22.458
G0_0082,G0,0,M,-8.497
G0_0083,G0,0,F,-8.032
G0_0084,G0,0,F,-33.52
G0_0085,G0,0,F,27.755
G0_0086,G0,0,F,99.885
G0_0087,G0,0,M,-160.136
G0_0088,G0,0,M,-198.497
G0_0089,G0,0,F,99.193
G0_0090,G0,0,F,75.984
G0_0091,G0,0,M,-76.592
G0_0092,G0,0,M,181.905
G0_0093,G0,0,F,142.191
G0_0094,G0,0,M,145.058
G0_0095,G0,0,F,40.017
G0_0096,G0,0,F,-29.92
G0_0097,G0,0,M,-132.078
G0_0098,G0,0,F,-212.433
G0_0099,G0,0,M,-77.366
G0_0100,G0,0,F,215.731
G0_0101,G0,0,F,77.348
G0_0102,G0,0,F,-89.942
G0_0103,G0,0,M,54.318
G0_0104,G0,0,F,-5.508
G0_0105,G0,0,F,-29.362
G0_0106,G0,0,F,-147.29
G0_0107,G0,0,F,-77.801
G0_0108,G0,0,F,119.212
G0_0109,G0,0,M,-14.819
G0_0110,G0,0,M,171.06
G0_0111,G0,0,F,56.617
G0_0112,G0,0,F,-157.477
G0_0113,G0,0,F,101.229
G0_0114,G0,0,M,49.575
G0_0115,G0,0,M,97.678
G0_0116,G0,0,F,158.601
G0_0117,G0,0,F,15.374
G0_0118,G0,0,F,-138.465
G0_0119,G0,0,M,-116.638
G0_0120,G0,0,M,189.252
G0_0121,G0,0,M,12.603
G0_0122,G0,0,M,34.421
G0_0123,G0,0,M,37.501
G0_0124,G0,0,F,18.093
G0_0125,G0,0,F,-68.697
G0_0126,G0,0,M,-28.629
G0_0127,G0,0,M,5.688
G0_0128,G0,0,F,-127.359
G0_0129,G0,0,M,-142.364
G0_0130,G0,0,M,-5.728
G0_0131,G0,0,F,62.077
G0_0132,G0,0,M,29.228
G0_0133,G0,0,M,-9.231
G0_0134,G0,0,M,-93.507
G0_0135,G0,0,F,86.095
G0_0136,G0,0,F,-149.286
G0_0137,G0,0,M,-254.142
G0_0138,G0,0,F,19.711
G0_0139,G0,0,M,-3.182
G0_0140,G0,0,M,61.452
G0_0141,G0,0,F,115.085
G0_0142,G0,0,F,26.761
G0_0143,G0,0,F,-4.578
G0_0144,G0,0,M,-142.181
G0_0145,G0,0,M,44.714
G0_0146,G0,0,F,12.606
G0_0147,G0,0,F,-139.512
G0_0148,G0,0,M,219.963
G0_0149,G0,0,F,-101.031
G0_0150,G0,0,M,196.634
G0_0151,G0,0,M,145.096
G0_0152,G0,0,F,-143.35
G0_0153,G0,0,M,-47.305
G0_0154,G0,0,F,-43.679
G0_0155,G0,0,M,43.373
G0_0156,G0,0,F,-65.995
G0_0157,G0,0,F,140.8
G0_0158,G0,0,F,-74.855
G0_0159,G0,0,M,1.567
G0_0160,G0,0,M,18.503
G0_0161,G0,0,F,-120.135
G0_0162,G0,0,F,13.157
G0_0163,G0,0,F,48.563
G0_0164,G0,0,F,-93.73
G0_0165,G0,0,F,-11.693
G0_0166,G0,0,M,49.936
G0_0167,G0,0,M,208.925
G0_0168,G0,0,M,-73.492
G0_0169,G0,0,F,-126.091
G0_0170,G0,0,M,52.198
G0_0171,G0,0,F,36.658
G0_0172,G0,0,M,-11.47
G0_0173,G0,0,M,-8.47
G0_0174,G0,0,F,-9.062
G0_0175,G0,0,M,-25.04
G0_0176,G0,0,M,-81.631
G0_0177,G0,0,M,-221.419
G0_0178,G0,0,M,-78.4
G0_0179,G0,0,F,-67.148
G0_0180,G0,0,F,-121.669
G0_0181,G0,0,M,331.133
G0_0182,G0,0,M,-12.574
G0_0183,G0,0,M,-71.165
G0_0184,G0,0,F,25.837
G0_0185,G0,0,M,119.996
G0_0186,G0,0,M,-28.007
G0_0187,G0,0,F,-30.356
G0_0188,G0,0,M,-181.403
G0_0189,G0,0,F,113.706
G0_0190,G0,0,F,46.013
G0_0191,G0,0,F,91.705
G0_0192,G0,0,F,-182.257
G0_0193,G0,0,M,-67.353
G0_0194,G0,0,M,-85.624
G0_0195,G0,0,F,15.925
G0_0196,G0,0,F,-46.99
G0_0197,G0,0,M,44.283
G0_0198,G0,0,M,127.15
G0_0199,G0,0,M,37.228
G0_0200,G0,0,F,-116.823
G0_0201,G0,0,F,-23.041
G0_0202,G0,0,F,69.66
G0_0203,G0,0,M,-51.41
G0_0204,G0,0,M,-85.397
G0_0205,G0,0,M,214.6
G0_0206,G0,0,M,22.485
G0_0207,G0,0,F,210.466
G0_0208,G0,0,F,-22.295
G0_0209,G0,0,F,96.84
G0_0210,G0,0,M,-31.62
G0_0211,G0,0,M,57.783
G0_0212,G0,0,F,41.927
G0_0213,G0,0,M,-18.93
G0_0214,G0,0,F,-77.414
G0_0215,G0,0,M,-23.119
G0_0216,G0,0,F,146.177
G0_0217,G0,0,M,-35.348
G0_0218,G0,0,F,-98.15
G0_0219,G0,0,F,-240.141
G0_0220,G0,0,F,-23.791
G0_0221,G0,0,M,-46.238
G0_0222,G0,0,F,-1.283
G0_0223,G0,0,F,34.027
G0_0224,G0,0,F,-47.719
G0_0225,G0,0,M,-113.359
G0_0226,G0,0,M,61.394
G0_0227,G0,0,M,57.323
G0_0228,G0,0,M,-32.791
G0_0229,G0,0,F,-184.23
G0_0230,G0,0,M,-64.466
G0_0231,G0,0,M,24.539
G0_0232,G0,0,F,-89.503
G0_0233,G0,0,M,-12.263
G0_0234,G0,0,F,38.491
G0_0235,G0,0,M,126.82
G0_0236,G0,0,M,-88.098
G0_0237,G0,0,M,54.799
G0_0238,G0,0,F,-62.557
G0_0239,G0,0,F,18.685
G0_0240,G0,0,M,97.577
G0_0241,G0,0,F,-24.382
G0_0242,G0,0,M,81.7
G0_0243,G0,0,M,-40.529
G0_0244,G0,0,M,7.742
G0_0245,G0,0,M,-132.88
G0_0246,G0,0,M,-101.048
G0_0247,G0,0,M,-141.457
G0_0248,G0,0,F,162.597
G0_0249,G0,0,M,-1.753
G0_0250,G0,0,F,-32.904
G0_0251,G0,0,F,-255.135
G0_0252,G0,0,F,-157.325
G0_0253,G0,0,M,195.994
G0_0254,G0,0,M,-43.925
G0_0255,G0,0,F,-181.858
G0_0256,G0,0,M,26.095
G0_0257,G0,0,F,-124.063
G0_0258,G0,0,F,-77.704
G0_0259,G0,0,M,46.101
G0_0260,G0,0,M,242.109
G0_0261,G0,0,F,-182.761
G0_0262,G0,0,M,-50.834
G0_0263,G0,0,F,62.321
G0_0264,G0,0,F,152.635
G0_0265,G0,0,F,-54.433
G0_0266,G0,0,F,120.438
G0_0267,G0,0,F,-14.455
G0_0268,G0,0,M,-88.673
G0_0269,G0,0,M,-0.181
G0_0270,G0,0,F,130.41
G0_0271,G0,0,M,-221.873
G0_0272,G0,0,M,113.873
G0_0273,G0,0,M,204.035
G0_0274,G0,0,F,-274.025
G0_0275,G0,0,M,105.471
G0_0276,G0,0,F,-20.215
G0_0277,G0,0,F,67.961
G0_0278,G0,0,F,30.684
G0_0279,G0,0,F,-31.0
G0_0280,G0,0,F,56.059
G0_0281,G0,0,M,54.243
G0_0282,G0,0,F,54.504
G0_0283,G0,0,M,40.168
G0_0284,G0,0,F,166.045
G0_0285,G0,0,F,66.737
G0_0286,G0,0,M,64.92
G0_0287,G0,0,M,-20.613
G0_0288,G0,0,M,1.499
G0_0289,G0,0,F,-98.112
G0_0290,G0,0,F,58.691
G0_0291,G0,0,F,-106.454
G0_0292,G0,0,F,77.459
G0_0293,G0,0,F,101.876
G0_0294,G0,0,M,96.289
G0_0295,G0,0,M,-86.514
G0_0296,G0,0,M,198.956
G0_0297,G0,0,M,13.656
G0_0298,G0,0,F,-52.929
G0_0299,G0,0,M,121.359
G0_0300,G0,0,M,45.335
G0_0301,G0,0,F,-96.969
G0_0302,G0,0,F,124.301
G0_0303,G0,0,F,-43.361
G0_0304,G0,0,M,63.617
G0_0305,G0,0,F,164.782
G0_0306,G0,0,M,-77.678
G0_0307,G0,0,F,-56.306
G0_0308,G0,0,M,162.886
G0_0309,G0,0,F,9.18
G0_0310,G0,0,M,59.878
G0_0311,G0,0,M,-158.906
G0_0312,G0,0,F,-68.016
G0_0313,G0,0,F,-197.825
G0_0314,G0,0,F,8.75
G0_0315,G0,0,M,54.248
G0_0316,G0,0,F,79.828
G0_0317,G0,0,M,59.998
G0_0318,G0,0,F,-20.928
G0_0319,G0,0,M,219.413
G0_0320,G0,0,M,-131.619
G0_0321,G0,0,M,-194.143
G0_0322,G0,0,M,-177.532
G0_0323,G0,0,F,138.398
G0_0324,G0,0,M,-32.387
G0_0325,G0,0,F,11.483
G0_0326,G0,0,F,32.1
G0_0327,G0,0,M,42.462
G0_0328,G0,0,M,-186.035
G0_0329,G0,0,F,59.182
G0_0330,G0,0,M,-209.134
G0_0331,G0,0,F,58.159
G0_0332,G0,0,M,154.371
G0_0333,G0,0,M,6.597
G0_0334,G0,0,F,-14.727
G0_0335,G0,0,M,-34.152
G0_0336,G0,0,F,0.058
G0_0337,G0,0,M,67.941
G0_0338,G0,0,M,54.258
G0_0339,G0,0,F,-127.656
G0_0340,G0,0,F,-32.218
G0_0341,G0,0,F,10.743
G0_0342,G0,0,M,80.695
G0_0343,G0,0,M,-148.663
G0_0344,G0,0,M,82.573
G0_0345,G0,0,M,132.77
G0_0346,G0,0,F,-152.647
G0_0347,G0,0,F,37.663
G0_0348,G0,0,F,-60.819
G0_0349,G0,0,F,-17.519
G0_0350,G0,0,M,204.572
G0_0351,G0,0,M,-90.455
G0_0352,G0,0,F,104.016
G0_0353,G0,0,F,-0.267
G0_0354,G0,0,M,5.622
G0_0355,G0,0,F,120.167
G0_0356,G0,0,M,-128.422
G0_0357,G0,0,M,-47.267
G0_0358,G0,0,F,-103.925
G0_0359,G0,0,M,-91.038
G0_0360,G0,0,F,38.095
G0_0361,G0,0,M,-128.06
G0_0362,G0,0,F,-61.946
G0_0363,G0,0,M,18.81
G0_0364,G0,0,F,190.842
G0_0365,G0,0,F,-24.904
G0_0366,G0,0,M,183.786
G0_0367,G0,0,F,-30.846
G0_0368,G0,0,M,166.904
G0_0369,G0,0,M,24.037
G0_0370,G0,0,F,59.268
G0_0371,G0,0,F,-99.395
G0_0372,G0,0,F,-86.511
G0_0373,G0,0,M,-78.149
G0_0374,G0,0,F,63.866
G0_0375,G0,0,F,-3.132
G0_0376,G0,0,F,-143.695
G0_0377,G0,0,F,-71.05
G0_0378,G0,0,M,39.177
G0_0379,G0,0,F,115.894
G0_0380,G0,0,F,-31.212
G0_0381,G0,0,F,68.676
G0_0382,G0,0,F,-91.431
G0_0383,G0,0,F,8.001
G0_0384,G0,0,F,97.309
G0_0385,G0,0,F,-114.48
G0_0386,G0,0,F,93.264
G0_0387,G0,0,M,30.109
G0_0388,G0,0,M,-85.33
G0_0389,G0,0,F,-111.612
G0_0390,G0,0,M,42.945
G0_0391,G0,0,F,40.165
G0_0392,G0,0,F,-11.46
G0_0393,G0,0,F,-14.845
G0_0394,G0,0,F,241.128
G0_0395,G0,0,F,-110.662
G0_0396,G0,0,F,140.799
G0_0397,G0,0,F,-27.708
G0_0398,G0,0,M,47.422
G0_0399,G0,0,M,-113.127
G0_0400,G0,0,F,-171.893
G0_0401,G0,0,M,-1.63
G0_0402,G0,0,M,9.251
G0_0403,G0,0,F,-40.645
G0_0404,G0,0,F,-194.385
G0_0405,G0,0,M,60.716
G0_0406,G0,0,F,157.14
G0_0407,G0,0,M,-86.334
G0_0408,G0,0,F,-13.345
G0_0409,G0,0,F,-1.311
G0_0410,G0,0,M,-47.052
G0_0411,G0,0,F,175.845
G0_0412,G0,0,M,184.234
G0_0413,G0,0,M,244.649
G0_0414,G0,0,M,57.792
G0_0415,G0,0,F,-11.51
G0_0416,G0,0,F,-167.159
G0_0417,G0,0,M,-102.093
G0_0418,G0,0,F,27.85
G0_0419,G0,0,M,-3.945
G0_0420,G0,0,M,-106.173
G0_0421,G0,0,F,-75.902
G0_0422,G0,0,F,62.088
G0_0423,G0,0,F,20.137
G0_0424,G0,0,F,-54.41
G0_0425,G0,0,M,-60.283
G0_0426,G0,0,F,-17.711
G0_0427,G0,0,F,1.313
G0_0428,G0,0,F,51.259
G0_0429,G0,0,M,-126.028
G0_0430,G0,0,M,-1.705
G0_0431,G0,0,M,188.013
G0_0432,G0,0,M,-179.219
G0_0433,G0,0,M,88.633
G0_0434,G0,0,F,-1.84
G0_0435,G0,0,F,227.26
G0_0436,G0,0,M,92.266
G0_0437,G0,0,F,-120.102
G0_0438,G0,0,M,16.713
G0_0439,G0,0,M,-106.871
G0_0440,G0,0,F,69.935
G0_0441,G0,0,M,25.388
G0_0442,G0,0,M,84.171
G0_0443,G0,0,F,-81.274
G0_0444,G0,0,M,39.22
G0_0445,G0,0,F,-7.032
G0_0446,G0,0,F,-21.073
G0_0447,G0,0,M,26.204
G0_0448,G0,0,F,-64.457
G0_0449,G0,0,F,44.168
G0_0450,G0,0,F,-51.787
G0_0451,G0,0,M,104.225
G0_0452,G0,0,F,26.785
G0_0453,G0,0,M,-134.591
G0_0454,G0,0,F,87.185
G0_0455,G0,0,M,44.501
G0_0456,G0,0,F,-79.971
G0_0457,G0,0,F,-51.685
G0_0458,G0,0,M,-18.916
G0_0459,G0,0,M,-152.297
G0_0460,G0,0,M,0.43
G0_0461,G0,0,F,-74.38
G0_0462,G0,0,F,134.904
G0_0463,G0,0,M,-12.08
G0_0464,G0,0,F,-22.361
G0_0465,G0,0,M,29.361
G0_0466,G0,0,F,-94.906
G0_0467,G0,0,M,77.917
G0_0468,G0,0,M,47.121
G0_0469,G0,0,M,59.828
G0_0470,G0,0,M,-44.876
G0_0471,G0,0,M,185.89
G0_0472,G0,0,F,31.809
G0_0473,G0,0,M,166.158
G0_0474,G0,0,M,-163.746
G0_0475,G0,0,F,-109.619
G0_0476,G0,0,F,161.829
G0_0477,G0,0,F,21.864
G0_0478,G0,0,M,-121.738
G0_0479,G0,0,M,-61.527
G0_0480,G0,0,F,92.07
G0_0481,G0,0,F,-135.951
G0_0482,G0,0,M,-150.69
G0_0483,G0,0,M,195.1
G0_0484,G0,0,F,48.237
G0_0485,G0,0,M,18.234
G0_0486,G0,0,F,-44.078
G0_0487,G0,0,M,-123.508
G0_0488,G0,0,F,-31.697
G0_0489,G0,0,F,-161.625
G0_0490,G0,0,F,-96.758
G0_0491,G0,0,F,-154.667
G0_0492,G0,0,M,-52.214
G0_0493,G0,0,F,2.686
G0_0494,G0,0,M,-96.358
G0_0495,G0,0,M,-23.083
G0_0496,G0,0,M,81.259
G0_0497,G0,0,F,157.291
G0_0498,G0,0,M,40.481
G0_0499,G0,0,F,14.924
G0_0500,G0,0,M,44.703
G0_0501,G0,0,M,142.959
G0_0502,G0,0,F,194.99
G0_0503,G0,0,F,28.95
G0_0504,G0,0,M,124.891
G0_0505,G0,0,F,40.904
G0_0506,G0,0,F,7.047
G0_0507,G0,0,F,97.033
G0_0508,G0,0,F,-44.692
G0_0509,G0,0,M,212.233
G0_0510,G0,0,F,-9.758
G0_0511,G0,0,M,-113.032
G0_0512,G0,0,F,-136.82
G0_0513,G0,0,F,-71.575
G0_0514,G0,0,M,135.628
G0_0515,G0,0,F,-22.363
G0_0516,G0,0,F,104.092
G0_0517,G0,0,M,114.072
G0_0518,G0,0,M,144.957
G0_0519,G0,0,M,63.867
G0_0520,G0,0,F,87.251
G0_0521,G0,0,F,-27.333
G0_0522,G0,0,F,129.253
G0_0523,G0,0,M,87.942
G0_0524,G0,0,M,-110.178
G0_0525,G0,0,F,-82.477
G0_0526,G0,0,M,91.734
G0_0527,G0,0,M,0.071
G0_0528,G0,0,F,88.328
G0_0529,G0,0,M,95.731
G0_0530,G0,0,M,-172.269
G0_0531,G0,0,F,103.763
G0_0532,G0,0,M,-75.591
G0_0533,G0,0,M,-230.794
G0_0534,G0,0,M,17.675
G0_0535,G0,0,M,-139.627
G0_0536,G0,0,M,-5.884
G0_0537,G0,0,F,93.56
G0_0538,G0,0,M,10.529
G0_0539,G0,0,M,-264.008
G0_0540,G0,0,M,-158.799
G0_0541,G0,0,F,33.44
G0_0542,G0,0,F,-43.593
G0_0543,G0,0,M,45.108
G0_0544,G0,0,F,-212.565
G0_0545,G0,0,M,-119.684
G0_0546,G0,0,M,6.101
G0_0547,G0,0,M,0.69
G0_0548,G0,0,M,-45.55
G0_0549,G0,0,F,45.187
G0_0550,G0,0,F,-19.814
G0_0551,G0,0,M,26.603
G0_0552,G0,0,M,-40.712
G0_0553,G0,0,F,-95.546
G0_0554,G0,0,F,66.821
G0_0555,G0,0,M,156.297
G0_0556,G0,0,M,-12.977
G0_0557,G0,0,F,113.763
G0_0558,G0,0,F,-58.83
G0_0559,G0,0,M,-9.576
G0_0560,G0,0,F,20.817
G0_0561,G0,0,M,-89.669
G0_0562,G0,0,F,48.868
G0_0563,G0,0,M,-125.657
G0_0564,G0,0,M,-197.846
G0_0565,G0,0,M,19.141
G0_0566,G0,0,M,-26.076
G0_0567,G0,0,F,185.332
G0_0568,G0,0,F,-51.722
G0_0569,G0,0,M,5.459
G0_0570,G0,0,M,-154.635
G0_0571,G0,0,F,-36.339
G0_0572,G0,0,M,-97.879
G0_0573,G0,0,M,1.232
G0_0574,G0,0,F,155.449
G0_0575,G0,0,M,-125.407
G0_0576,G0,0,M,57.359
G0_0577,G0,0,F,103.983
G0_0578,G0,0,F,-25.056
G0_0579,G0,0,F,172.379
G0_0580,G0,0,F,89.284
G0_0581,G0,0,M,-177.888
G0_0582,G0,0,M,-95.968
G0_0583,G0,0,F,-87.636
G0_0584,G0,0,M,-34.037
G0_0585,G0,0,F,33.262
G0_0586,G0,0,F,5.515
G0_0587,G0,0,M,140.6
G0_0588,G0,0,M,-183.455
G0_0589,G0,0,M,122.209
G0_0590,G0,0,F,219.589
G0_0591,G0,0,M,-104.962
G0_0592,G0,0,F,-245.491
G0_0593,G0,0,M,-109.743
G0_0594,G0,0,F,84.478
G0_0595,G0,0,F,-8.251
G0_0596,G0,0,M,78.748
G0_0597,G0,0,F,-105.013
G0_0598,G0,0,F,53.86
G0_0599,G0,0,F,-0.325
G0_0600,G0,0,F,-6.463
G0_0601,G0,0,M,46.406
G0_0602,G0,0,F,-119.919
G0_0603,G0,0,M,-163.822
G0_0604,G0,0,M,-123.731
G0_0605,G0,0,M,36.538
G0_0606,G0,0,F,63.364
G0_0607,G0,0,M,7.822
G0_0608,G0,0,M,-86.944
G0_0609,G0,0,F,-136.403
G0_0610,G0,0,M,124.682
G0_0611,G0,0,M,17.822
G0_0612,G0,0,F,-131.061
G0_0613,G0,0,M,-173.13
G0_0614,G0,0,M,80.286
G0_0615,G0,0,F,79.043
G0_0616,G0,0,F,-135.998
G0_0617,G0,0,F,-53.3
G0_0618,G0,0,M,-4.668
G0_0619,G0,0,F,-203.349
G0_0620,G0,0,M,-63.033
G0_0621,G0,0,M,-75.48
G0_0622,G0,0,M,21.996
G0_0623,G0,0,M,-106.842
G0_0624,G0,0,F,46.226
G0_0625,G0,0,M,-208.501
G0_0626,G0,0,F,18.419
G0_0627,G0,0,F,-43.595
G0_0628,G0,0,M,70.297
G0_0629,G0,0,M,82.907
G0_0630,G0,0,M,5.365
G0_0631,G0,0,F,253.286
G0_0632,G0,0,F,-18.614
G0_0633,G0,0,F,107.646
G0_0634,G0,0,M,86.668
G0_0635,G0,0,M,-64.69
G0_0636,G0,0,M,78.205
G0_0637,G0,0,F,143.297
G0_0638,G0,0,F,-218.521
G0_0639,G0,0,F,20.679
G0_0640,G0,0,F,15.631
G0_0641,G0,0,M,-27.925
G0_0642,G0,0,M,4.65
G0_0643,G0,0,M,-150.075
G0_0644,G0,0,F,43.589
G0_0645,G0,0,F,24.39
G0_0646,G0,0,M,-62.661
G0_0647,G0,0,M,34.072
G0_0648,G0,0,F,-26.705
G0_0649,G0,0,F,9.43
G0_0650,G0,0,M,92.197
G0_0651,G0,0,F,-70.366
G0_0652,G0,0,M,-36.869
G0_0653,G0,0,F,101.495
G0_0654,G0,0,M,-114.075
G0_0655,G0,0,M,-94.044
G0_0656,G0,0,F,88.419
G0_0657,G0,0,M,101.543
G0_0658,G0,0,M,-115.886
G0_0659,G0,0,M,128.273
G0_0660,G0,0,M,30.986
G0_0661,G0,0,F,121.455
G0_0662,G0,0,M,-49.722
G0_0663,G0,0,F,118.654
G0_0664,G0,0,F,-25.936
G0_0665,G0,0,F,-197.863
G0_0666,G0,0,F,62.97
G0_0667,G0,0,F,57.939
G0_0668,G0,0,M,-176.04
G0_0669,G0,0,M,11.743
G0_0670,G0,0,M,116.308
G0_0671,G0,0,M,-46.797
G0_0672,G0,0,M,5.065
G0_0673,G0,0,F,70.828
G0_0674,G0,0,F,-71.813
G0_0675,G0,0,M,-7.417
G0_0676,G0,0,F,208.636
G0_0677,G0,0,M,-31.922
G0_0678,G0,0,F,-20.767
G0_0679,G0,0,F,-105.584
G0_0680,G0,0,M,-62.031
G0_0681,G0,0,M,-46.417
G0_0682,G0,0,M,-58.863
G0_0683,G0,0,F,-28.867
G0_0684,G0,0,M,-185.741
G0_0685,G0,0,M,162.265
G0_0686,G0,0,F,196.132
G0_0687,G0,0,F,96.124
G0_0688,G0,0,M,109.562
G0_0689,G0,0,M,-19.726
G0_0690,G0,0,M,-108.13
G0_0691,G0,0,F,-24.452
G0_0692,G0,0,F,-62.902
G0_0693,G0,0,M,41.389
G0_0694,G0,0,F,-35.13
G0_0695,G0,0,F,-86.542
G0_0696,G0,0,M,-21.723
G0_0697,G0,0,F,-11.237
G0_0698,G0,0,F,-83.655
G0_0699,G0,0,F,-71.921
G0_0700,G0,0,M,146.415
G0_0701,G0,0,F,-31.808
G0_0702,G0,0,M,10.235
G0_0703,G0,0,M,-72.341
G0_0704,G0,0,F,-19.416
G0_0705,G0,0,M,-51.019
G0_0706,G0,0,F,-28.225
G0_0707,G0,0,F,-125.445
G0_0708,G0,0,F,218.453
G0_0709,G0,0,F,52.603
G0_0710,G0,0,M,27.818
G0_0711,G0,0,F,-43.942
G0_0712,G0,0,F,-56.254
G0_0713,G0,0,F,98.163
G0_0714,G0,0,F,-75.607
G0_0715,G0,0,F,40.73
G0_0716,G0,0,M,-34.785
G0_0717,G0,0,F,-64.221
G0_0718,G0,0,M,-100.424
G0_0719,G0,0,M,44.785
G0_0720,G0,0,M,184.428
G0_0721,G0,0,M,1.278
G0_0722,G0,0,F,106.247
G0_0723,G0,0,M,-35.261
G0_0724,G0,0,F,-240.596
G0_0725,G0,0,M,82.071
G0_0726,G0,0,F,-143.857
G0_0727,G0,0,F,23.222
G0_0728,G0,0,M,-195.791
G0_0729,G0,0,M,209.275
G0_0730,G0,0,F,-24.393
G0_0731,G0,0,F,-59.681
G0_0732,G0,0,M,-4.038
G0_0733,G0,0,M,-127.4
G0_0734,G0,0,F,88.509
G0_0735,G0,0,F,110.066
G0_0736,G0,0,M,109.605
G0_0737,G0,0,F,-100.155
G0_0738,G0,0,F,46.117
G0_0739,G0,0,M,148.479
G0_0740,G0,0,F,-112.77
G0_0741,G0,0,F,10.73
G0_0742,G0,0,M,6.153
G0_0743,G0,0,M,57.047
G0_0744,G0,0,M,-42.798
G0_0745,G0,0,F,21.005
G0_0746,G0,0,F,177.561
G0_0747,G0,0,M,6.363
G0_0748,G0,0,M,59.078
G0_0749,G0,0,F,66.937
G0_0750,G0,0,F,-99.615
G0_0751,G0,0,M,23.581
G0_0752,G0,0,F,32.323
G0_0753,G0,0,M,-30.318
G0_0754,G0,0,M,-38.957
G0_0755,G0,0,F,64.027
G0_0756,G0,0,M,57.496
G0_0757,G0,0,M,36.796
G0_0758,G0,0,F,19.588
G0_0759,G0,0,F,-102.422
G0_0760,G0,0,F,25.06
G0_0761,G0,0,F,81.816
G0_0762,G0,0,F,113.657
G0_0763,G0,0,M,86.978
G0_0764,G0,0,F,-91.235
G0_0765,G0,0,M,-26.285
G0_0766,G0,0,M,49.964
G0_0767,G0,0,M,-7.382
G0_0768,G0,0,F,48.62
G0_0769,G0,0,M,212.25
G0_0770,G0,0,F,-56.665
G0_0771,G0,0,M,171.891
G0_0772,G0,0,F,66.326
G0_0773,G0,0,M,-82.145
G0_0774,G0,0,F,-130.246
G0_0775,G0,0,F,-65.735
G0_0776,G0,0,M,113.002
G0_0777,G0,0,F,-78.31
G0_0778,G0,0,M,94.525
G0_0779,G0,0,F,-1.906
G0_0780,G0,0,F,339.417
G0_0781,G0,0,M,134.679
G0_0782,G0,0,M,-25.47
G0_0783,G0,0,M,45.664
G0_0784,G0,0,F,-128.414
G0_0785,G0,0,M,-197.537
G0_0786,G0,0,M,-16.619
G0_0787,G0,0,F,-44.087
G0_0788,G0,0,F,-15.15
G0_0789,G0,0,M,-73.224
G0_0790,G0,0,F,-142.292
G0_0791,G0,0,M,-63.511
G0_0792,G0,0,F,73.624
G0_0793,G0,0,F,14.54
G0_0794,G0,0,M,32.559
G0_0795,G0,0,M,-158.92
G0_0796,G0,0,F,-49.068
G0_0797,G0,0,F,-49.411
G0_0798,G0,0,M,33.483
G0_0799,G0,0,F,81.52
G0_0800,G0,0,F,62.194
G0_0801,G0,0,M,-73.357
G0_0802,G0,0,F,-115.242
G0_0803,G0,0,M,-31.522
G0_0804,G0,0,F,14.161
G0_0805,G0,0,F,-79.739
G0_0806,G0,0,M,134.172
G0_0807,G0,0,M,12.151
G0_0808,G0,0,M,123.137
G0_0809,G0,0,M,134.57
G0_0810,G0,0,M,-35.094
G0_0811,G0,0,F,133.45
G0_0812,G0,0,F,-57.593
G0_0813,G0,0,F,34.64
G0_0814,G0,0,M,27.512
G0_0815,G0,0,M,-6.484
G0_0816,G0,0,F,-70.252
G0_0817,G0,0,M,114.104
G0_0818,G0,0,F,40.837
G0_0819,G0,0,F,105.632
G0_0820,G0,0,F,-17.603
G0_0821,G0,0,M,-47.241
G0_0822,G0,0,F,54.649
G0_0823,G0,0,F,-123.494
G0_0824,G0,0,M,-19.679
G0_0825,G0,0,F,-53.19
G0_0826,G0,0,M,126.343
G0_0827,G0,0,M,-25.524
G0_0828,G0,0,M,88.615
G0_0829,G0,0,F,-69.063
G0_0830,G0,0,F,-14.757
G0_0831,G0,0,F,-138.115
G0_0832,G0,0,M,109.315
G0_0833,G0,0,F,16.043
G0_0834,G0,0,M,116.098
G0_0835,G0,0,F,-13.4
G0_0836,G0,0,F,-116.661
G0_0837,G0,0,M,-140.028
G0_0838,G0,0,F,105.724
G0_0839,G0,0,F,167.559
G0_0840,G0,0,M,177.927
G0_0841,G0,0,M,217.503
G0_0842,G0,0,F,216.947
G0_0843,G0,0,F,-49.67
G0_0844,G0,0,M,28.611
G0_0845,G0,0,M,-13.63
G0_0846,G0,0,M,90.849
G0_0847,G0,0,M,-10.013
G0_0848,G0,0,F,93.262
G0_0849,G0,0,F,105.522
G0_0850,G0,0,M,-105.191
G0_0851,G0,0,M,-111.293
G0_0852,G0,0,F,-89.075
G0_0853,G0,0,F,-30.286
G0_0854,G0,0,M,-18.912
G0_0855,G0,0,F,-138.838
G0_0856,G0,0,M,-8.23
G0_0857,G0,0,M,21.531
G0_0858,G0,0,M,123.304
G0_0859,G0,0,F,12.713
G0_0860,G0,0,F,-48.581
G0_0861,G0,0,M,-23.797
G0_0862,G0,0,M,-35.554
G0_0863,G0,0,M,-61.225
G0_0864,G0,0,F,101.047
G0_0865,G0,0,M,31.382
G0_0866,G0,0,M,-58.668
G0_0867,G0,0,M,54.584
G0_0868,G0,0,F,-57.858
G0_0869,G0,0,F,66.822
G0_0870,G0,0,F,86.434
G0_0871,G0,0,F,19.172
G0_0872,G0,0,F,64.297
G0_0873,G0,0,M,24.786
G0_0874,G0,0,F,75.159
G0_0875,G0,0,M,29.448
G0_0876,G0,0,F,-66.26
G0_0877,G0,0,F,-41.265
G0_0878,G0,0,M,1.843
G0_0879,G0,0,M,-34.688
G0_0880,G0,0,F,-8.359
G0_0881,G0,0,M,71.141
G0_0882,G0,0,F,-94.729
G0_0883,G0,0,F,176.075
G0_0884,G0,0,M,13.506
G0_0885,G0,0,M,-126.058
G0_0886,G0,0,F,36.276
G0_0887,G0,0,F,-9.76
G0_0888,G0,0,M,-98.483
G0_0889,G0,0,F,-75.409
G0_0890,G0,0,M,112.721
G0_0891,G0,0,F,-130.134
G0_0892,G0,0,F,-56.636
G0_0893,G0,0,F,29.419
G0_0894,G0,0,M,138.644
G0_0895,G0,0,F,-10.813
G0_0896,G0,0,F,111.79
G0_0897,G0,0,F,-38.207
G0_0898,G0,0,F,-114.289
G0_0899,G0,0,M,-109.617
G0_0900,G0,0,M,11.245
G0_0901,G0,0,M,-26.739
G0_0902,G0,0,M,15.649
G0_0903,G0,0,F,-93.578
G0_0904,G0,0,F,83.24
G0_0905,G0,0,M,-8.775
G0_0906,G0,0,F,18.94
G0_0907,G0,0,M,-42.319
G0_0908,G0,0,M,-35.625
G0_0909,G0,0,M,-107.682
G0_0910,G0,0,F,1.675
G0_0911,G0,0,F,31.409
G0_0912,G0,0,F,59.44
G0_0913,G0,0,F,-162.058
G0_0914,G0,0,M,123.017
G0_0915,G0,0,F,1.135
G0_0916,G0,0,F,8.66
G0_0917,G0,0,F,-6.671
G0_0918,G0,0,F,23.303
G0_0919,G0,0,M,-79.003
G0_0920,G0,0,M,-29.525
G0_0921,G0,0,F,-75.949
G0_0922,G0,0,F,-144.692
G0_0923,G0,0,F,-144.594
G0_0924,G0,0,M,33.417
G0_0925,G0,0,M,55.377
G0_0926,G0,0,M,-21.151
G0_0927,G0,0,M,-99.983
G0_0928,G0,0,M,12.223
G0_0929,G0,0,F,128.257
G0_0930,G0,0,F,6.311
G0_0931,G0,0,F,-24.185
G0_0932,G0,0,F,26.936
G0_0933,G0,0,F,122.679
G0_0934,G0,0,F,62.859
G0_0935,G0,0,F,108.848
G0_0936,G0,0,F,-58.828
G0_0937,G0,0,M,50.578
G0_0938,G0,0,M,-21.174
G0_0939,G0,0,F,-232.345
G0_0940,G0,0,F,-110.929
G0_0941,G0,0,M,-28.035
G0_0942,G0,0,F,-60.595
G0_0943,G0,0,F,-123.329
G0_0944,G0,0,F,-212.855
G0_0945,G0,0,F,-190.327
G0_0946,G0,0,M,2.635
G0_0947,G0,0,F,22.188
G0_0948,G0,0,M,-21.476
G0_0949,G0,0,F,0.309
G0_0950,G0,0,F,159.168
G0_0951,G0,0,F,-46.958
G0_0952,G0,0,F,-125.892
G0_0953,G0,0,F,-16.859
G0_0954,G0,0,F,82.563
G0_0955,G0,0,M,25.244
G0_0956,G0,0,M,-0.17
G0_0957,G0,0,F,-173.731
G0_0958,G0,0,F,-146.328
G0_0959,G0,0,M,102.179
G0_0960,G0,0,M,-16.136
G0_0961,G0,0,M,-19.087
G0_0962,G0,0,F,-83.994
G0_0963,G0,0,F,-14.273
G0_0964,G0,0,M,-65.096
G0_0965,G0,0,M,97.411
G0_0966,G0,0,M,13.161
G0_0967,G0,0,F,-135.943
G0_0968,G0,0,F,102.626
G0_0969,G0,0,M,108.15
G0_0970,G0,0,M,51.68
G0_0971,G0,0,M,-56.199
G0_0972,G0,0,M,134.44
G0_0973,G0,0,F,103.939
G0_0974,G0,0,F,-174.001
G0_0975,G0,0,M,66.11
G0_0976,G0,0,F,-68.119
G0_0977,G0,0,M,11.43
G0_0978,G0,0,M,-40.911
G0_0979,G0,0,F,-32.82
G0_0980,G0,0,F,220.066
G0_0981,G0,0,M,-123.864
G0_0982,G0,0,M,34.912
G0_0983,G0,0,F,11.908
G0_0984,G0,0,M,90.793
G0_0985,G0,0,F,-40.065
G0_0986,G0,0,F,6.889
G0_0987,G0,0,M,51.982
G0_0988,G0,0,M,-29.067
G0_0989,G0,0,F,177.787
G0_0990,G0,0,M,99.906
G0_0991,G0,0,F,-14.88
G0_0992,G0,0,F,-115.432
G0_0993,G0,0,M,102.486
G0_0994,G0,0,F,-89.235
G0_0995,G0,0,F,33.048
G0_0996,G0,0,F,100.371
G0_0997,G0,0,M,-19.785
G0_0998,G0,0,F,-86.391
G0_0999,G0,0,F,107.33
G0_1000,G0,0,M,141.33
G0_1001,G0,0,F,18.686
G0_1002,G0,0,F,-123.851
G0_1003,G0,0,M,-31.306
G0_1004,G0,0,M,74.434
G0_1005,G0,0,M,-9.467
G0_1006,G0,0,F,-70.714
G0_1007,G0,0,M,-85.355
G0_1008,G0,0,M,15.517
G0_1009,G0,0,M,-80.173
G0_1010,G0,0,M,-178.821
G0_1011,G0,0,M,-31.172
G0_1012,G0,0,M,-10.27
G0_1013,G0,0,F,45.545
G0_1014,G0,0,F,177.568
G0_1015,G0,0,F,-51.068
G0_1016,G0,0,F,71.262
G0_1017,G0,0,F,25.779
G0_1018,G0,0,F,105.703
G0_1019,G0,0,F,-70.26
G0_1020,G0,0,M,116.453
G0_1021,G0,0,F,-22.899
G0_1022,G0,0,F,174.441
G0_1023,G0,0,M,-47.237
G0_1024,G0,0,M,-113.719
G0_1025,G0,0,M,4.526
G0_1026,G0,0,F,-134.492
G0_1027,G0,0,F,-9.781
G0_1028,G0,0,M,-92.459
G0_1029,G0,0,F,-57.425
G0_1030,G0,0,M,0.974
G0_1031,G0,0,F,-110.595
G0_1032,G0,0,F,163.831
G0_1033,G0,0,M,2.729
G0_1034,G0,0,M,102.442
G0_1035,G0,0,M,-150.207
G0_1036,G0,0,F,-131.161
G0_1037,G0,0,M,-135.156
G0_1038,G0,0,F,-46.423
G0_1039,G0,0,M,65.139
G0_1040,G0,0,F,-82.057
G0_1041,G0,0,M,-0.669
G0_1042,G0,0,F,-33.058
G0_1043,G0,0,M,-54.444
G0_1044,G0,0,F,79.061
G0_1045,G0,0,F,69.808
G0_1046,G0,0,M,-8.835
G0_1047,G0,0,M,-56.078
G0_1048,G0,0,F,105.652
G0_1049,G0,0,F,-240.756
G0_1050,G0,0,F,-44.845
G0_1051,G0,0,M,118.7
G0_1052,G0,0,F,0.186
G0_1053,G0,0,M,-43.098
G0_1054,G0,0,M,-87.217
G0_1055,G0,0,M,95.393
G0_1056,G0,0,F,69.343
G0_1057,G0,0,M,-41.476
G0_1058,G0,0,M,-26.332
G0_1059,G0,0,F,-35.614
G0_1060,G0,0,M,6.558
G0_1061,G0,0,M,90.709
G0_1062,G0,0,F,-257.404
G0_1063,G0,0,M,31.2
G0_1064,G0,0,M,-42.12
G0_1065,G0,0,F,-24.97
G0_1066,G0,0,F,-113.677
G0_1067,G0,0,F,14.044
G0_1068,G0,0,M,-15.171
G0_1069,G0,0,M,117.306
G0_1070,G0,0,M,42.903
G0_1071,G0,0,F,36.75
G0_1072,G0,0,M,-119.019
G0_1073,G0,0,M,141.346
G0_1074,G0,0,F,-155.885
G0_1075,G0,0,F,118.682
G0_1076,G0,0,F,-0.754
G0_1077,G0,0,M,133.171
G0_1078,G0,0,M,-11.063
G0_1079,G0,0,M,-64.359
G0_1080,G0,0,F,281.952
G0_1081,G0,0,M,-17.105
G0_1082,G0,0,M,78.4
G0_1083,G0,0,M,128.929
G0_1084,G0,0,M,21.238
G0_1085,G0,0,M,191.327
G0_1086,G0,0,M,66.382
G0_1087,G0,0,F,-13.729
G0_1088,G0,0,F,51.94
G0_1089,G0,0,M,-105.944
G0_1090,G0,0,F,-96.563
G0_1091,G0,0,M,23.064
G0_1092,G0,0,M,-118.565
G0_1093,G0,0,F,-171.594
G0_1094,G0,0,F,-7.215
G0_1095,G0,0,F,-65.988
G0_1096,G0,0,F,176.006
G0_1097,G0,0,M,-35.453
G0_1098,G0,0,F,126.436
G0_1099,G0,0,F,156.801
G0_1100,G0,0,M,-44.052
G0_1101,G0,0,M,-70.752
G0_1102,G0,0,M,143.47
G0_1103,G0,0,F,-61.32
G0_1104,G0,0,M,-60.609
G0_1105,G0,0,F,3.016
G0_1106,G0,0,M,-53.109
G0_1107,G0,0,M,-26.812
G0_1108,G0,0,F,31.221
G0_1109,G0,0,F,26.011
G0_1110,G0,0,M,92.522
G0_1111,G0,0,F,-32.548
G0_1112,G0,0,F,6.545
G0_1113,G0,0,M,-74.505
G0_1114,G0,0,M,134.947
G0_1115,G0,0,F,-41.705
G0_1116,G0,0,M,179.577
G0_1117,G0,0,M,11.601
G0_1118,G0,0,F,-110.403
G0_1119,G0,0,F,-45.355
G0_1120,G0,0,F,276.844
G0_1121,G0,0,M,-52.595
G0_1122,G0,0,M,-22.17
G0_1123,G0,0,F,132.947
G0_1124,G0,0,M,99.522
G0_1125,G0,0,F,-68.853
G0_1126,G0,0,F,-83.542
G0_1127,G0,0,M,5.262
G0_1128,G0,0,F,47.622
G0_1129,G0,0,F,49.373
G0_1130,G0,0,F,173.304
G0_1131,G0,0,M,74.991
G0_1132,G0,0,M,126.637
G0_1133,G0,0,F,-120.774
G0_1134,G0,0,M,-45.032
G0_1135,G0,0,F,-47.069
G0_1136,G0,0,F,205.21
G0_1137,G0,0,M,-120.998
G0_1138,G0,0,F,-64.996
G0_1139,G0,0,M,-57.57
G0_1140,G0,0,F,27.451
G0_1141,G0,0,M,122.088
G0_1142,G0,0,F,-13.238
G0_1143,G0,0,M,-9.442
G0_1144,G0,0,F,-110.089
G0_1145,G0,0,M,-98.579
G0_1146,G0,0,F,46.694
G0_1147,G0,0,F,-30.906
G0_1148,G0,0,M,-27.461
G0_1149,G0,0,F,13.35
G0_1150,G0,0,M,57.189
G0_1151,G0,0,M,-74.173
G0_1152,G0,0,M,35.991
G0_1153,G0,0,F,60.499
G0_1154,G0,0,M,158.575
G0_1155,G0,0,M,-24.082
G0_1156,G0,0,F,50.416
G0_1157,G0,0,M,112.361
G0_1158,G0,0,M,82.928
G0_1159,G0,0,F,22.11
G0_1160,G0,0,M,-117.024
G0_1161,G0,0,F,15.021
G0_1162,G0,0,F,-117.279
G0_1163,G0,0,F,-19.907
G0_1164,G0,0,M,59.731
G0_1165,G0,0,M,51.979
G0_1166,G0,0,F,-55.311
G0_1167,G0,0,F,97.03
G0_1168,G0,0,F,-12.276
G0_1169,G0,0,F,-162.106
G0_1170,G0,0,F,32.686
G0_1171,G0,0,F,17.051
G0_1172,G0,0,M,-11.42
G0_1173,G0,0,M,26.736
G0_1174,G0,0,F,60.277
G0_1175,G0,0,F,57.109
G0_1176,G0,0,M,103.286
G0_1177,G0,0,F,34.028
G0_1178,G0,0,F,91.961
G0_1179,G0,0,F,-80.516
G0_1180,G0,0,F,123.867
G0_1181,G0,0,F,125.294
G0_1182,G0,0,F,103.169
G0_1183,G0,0,M,122.842
G0_1184,G0,0,F,-108.008
G0_1185,G0,0,F,-74.056
G0_1186,G0,0,M,-69.399
G0_1187,G0,0,M,-168.47
G0_1188,G0,0,F,-123.604
G0_1189,G0,0,F,-37.363
G0_1190,G0,0,F,-159.258
G0_1191,G0,0,M,33.863
G0_1192,G0,0,M,-108.095
G0_1193,G0,0,F,236.431
G0_1194,G0,0,F,-106.892
G0_1195,G0,0,M,-76.084
G0_1196,G0,0,F,-38.768
G0_1197,G0,0,F,74.585
G0_1198,G0,0,M,71.146
G0_1199,G0,0,F,118.231
G0_1200,G0,0,M,-36.218
G0_1201,G0,0,M,-138.137
G0_1202,G0,0,F,-122.791
G0_1203,G0,0,M,-54.591
G0_1204,G0,0,M,41.091
G0_1205,G0,0,M,129.111
G0_1206,G0,0,M,89.196
G0_1207,G0,0,M,-17.689
G0_1208,G0,0,M,6.494
G0_1209,G0,0,M,6.776
G0_1210,G0,0,F,-108.86
G0_1211,G0,0,M,-31.046
G0_1212,G0,0,M,0.491
G0_1213,G0,0,M,-31.253
G0_1214,G0,0,M,105.664
G0_1215,G0,0,F,-94.527
G0_1216,G0,0,M,122.154
G0_1217,G0,0,M,77.624
G0_1218,G0,0,F,-43.381
G0_1219,G0,0,F,16.347
G0_1220,G0,0,M,-65.532
G0_1221,G0,0,M,215.568
G0_1222,G0,0,F,-71.547
G0_1223,G0,0,M,88.528
G0_1224,G0,0,M,-42.115
G0_1225,G0,0,F,128.247
G0_1226,G0,0,F,-3.064
G0_1227,G0,0,F,-15.889
G0_1228,G0,0,M,84.05
G0_1229,G0,0,F,-343.847
G0_1230,G0,0,M,-12.123
G0_1231,G0,0,M,152.376
G0_1232,G0,0,M,-35.282
G0_1233,G0,0,M,-10.257
G0_1234,G0,0,M,-58.126
G0_1235,G0,0,F,-84.856
G0_1236,G0,0,F,-82.361
G0_1237,G0,0,F,25.678
G0_1238,G0,0,F,11.515
G0_1239,G0,0,F,263.252
G0_1240,G0,0,M,-82.638
G0_1241,G0,0,F,89.532
G0_1242,G0,0,M,58.36
G0_1243,G0,0,M,49.085
G0_1244,G0,0,F,-73.835
G0_1245,G0,0,M,-59.267
G0_1246,G0,0,M,-6.713
G0_1247,G0,0,M,56.746
G0_1248,G0,0,M,-112.064
G0_1249,G0,0,M,-27.127
G0_1250,G0,0,M,7.077
G0_1251,G0,0,F,-163.382
G0_1252,G0,0,F,-71.219
G0_1253,G0,0,F,-32.385
G0_1254,G0,0,M,-93.074
G0_1255,G0,0,F,-165.964
G0_1256,G0,0,M,-119.302
G0_1257,G0,0,F,36.697
G0_1258,G0,0,M,18.921
G0_1259,G0,0,M,-108.109
G0_1260,G0,0,M,26.265
G0_1261,G0,0,M,-22.657
G0_1262,G0,0,F,8.793
G0_1263,G0,0,M,86.247
G0_1264,G0,0,F,-50.002
G0_1265,G0,0,M,-29.766
G0_1266,G0,0,F,97.572
G0_1267,G0,0,F,-88.0
G0_1268,G0,0,F,-81.208
G0_1269,G0,0,F,24.601
G0_1270,G0,0,F,-111.815
G0_1271,G0,0,F,117.102
G0_1272,G0,0,M,90.043
G0_1273,G0,0,M,107.586
G0_1274,G0,0,F,108.71
G0_1275,G0,0,M,-16.27
G0_1276,G0,0,F,78.744
G0_1277,G0,0,M,128.478
G0_1278,G0,0,F,-168.331
G0_1279,G0,0,F,98.706
G0_1280,G0,0,M,-161.867
G0_1281,G0,0,F,-37.491
G0_1282,G0,0,M,-38.316
G0_1283,G0,0,F,-37.355
G0_1284,G0,0,M,-86.323
G0_1285,G0,0,M,34.394
G0_1286,G0,0,M,-37.788
G0_1287,G0,0,M,-0.206
G0_1288,G0,0,M,-7.426
G0_1289,G0,0,M,50.821
G0_1290,G0,0,F,9.25
G0_1291,G0,0,F,-61.669
G0_1292,G0,0,F,-35.794
G0_1293,G0,0,M,59.482
G0_1294,G0,0,F,169.968
G0_1295,G0,0,F,-90.079
G0_1296,G0,0,M,99.281
G0_1297,G0,0,F,48.729
G0_1298,G0,0,F,223.943
G0_1299,G0,0,F,65.644
G0_1300,G0,0,F,-36.177
G0_1301,G0,0,F,75.039
G0_1302,G0,0,F,-1.76
G0_1303,G0,0,F,40.145
G0_1304,G0,0,M,-145.663
G0_1305,G0,0,F,96.983
G0_1306,G0,0,M,-24.378
G0_1307,G0,0,M,-16.405
G0_1308,G0,0,F,-64.246
G0_1309,G0,0,F,-82.605
G0_1310,G0,0,F,-150.029
G0_1311,G0,0,F,-211.187
G0_1312,G0,0,M,239.351
G0_1313,G0,0,M,-84.506
G0_1314,G0,0,M,143.709
G0_1315,G0,0,M,70.326
G0_1316,G0,0,F,144.881
G0_1317,G0,0,M,-234.343
G0_1318,G0,0,M,98.51
G0_1319,G0,0,M,197.941
G0_1320,G0,0,F,115.779
G0_1321,G0,0,M,-51.309
G0_1322,G0,0,M,-52.659
G0_1323,G0,0,F,-50.433
G0_1324,G0,0,F,27.059
G0_1325,G0,0,F,150.395
G0_1326,G0,0,F,-87.112
G0_1327,G0,0,F,122.307
G0_1328,G0,0,F,-18.34
G0_1329,G0,0,F,-295.728
G0_1330,G0,0,M,-19.019
G0_1331,G0,0,F,-72.546
G0_1332,G0,0,F,-172.637
G0_1333,G0,0,F,240.597
G0_1334,G0,0,F,129.487
G0_1335,G0,0,M,54.199
G0_1336,G0,0,M,112.254
G0_1337,G0,0,F,39.026
G0_1338,G0,0,M,-35.572
G0_1339,G0,0,F,-139.201
G0_1340,G0,0,M,-23.795
G0_1341,G0,0,F,-29.027
G0_1342,G0,0,F,87.956
G0_1343,G0,0,F,-134.598
G0_1344,G0,0,M,-98.767
G0_1345,G0,0,M,11.037
G0_1346,G0,0,M,-25.394
G0_1347,G0,0,M,31.832
G0_1348,G0,0,M,75.23
G0_1349,G0,0,F,17.477
G0_1350,G0,0,M,-91.738
G0_1351,G0,0,F,-150.078
G0_1352,G0,0,F,-45.192
G0_1353,G0,0,F,31.682
G0_1354,G0,0,M,-3.758
G0_1355,G0,0,M,60.416
G0_1356,G0,0,M,188.728
G0_1357,G0,0,F,55.794
G0_1358,G0,0,M,37.235
G0_1359,G0,0,F,-11.371
G0_1360,G0,0,F,-121.517
G0_1361,G0,0,M,-72.381
G0_1362,G0,0,F,26.93
G0_1363,G0,0,F,37.027
G0_1364,G0,0,F,179.039
G0_1365,G0,0,F,118.249
G0_1366,G0,0,M,95.506
G0_1367,G0,0,F,-145.202
G0_1368,G0,0,F,-179.696
G0_1369,G0,0,F,-24.723
G0_1370,G0,0,F,-8.131
G0_1371,G0,0,F,-162.28
G0_1372,G0,0,M,129.349
G0_1373,G0,0,M,-57.128
G0_1374,G0,0,M,-146.908
G0_1375,G0,0,F,181.124
G0_1376,G0,0,M,84.955
G0_1377,G0,0,M,26.761
G0_1378,G0,0,F,2.916
G0_1379,G0,0,F,-131.854
G0_1380,G0,0,M,-106.069
G0_1381,G0,0,F,-149.764
G0_1382,G0,0,F,-24.669
G0_1383,G0,0,M,-100.271
G0_1384,G0,0,F,-107.603
G0_1385,G0,0,M,-46.079
G0_1386,G0,0,F,-0.284
G0_1387,G0,0,M,71.664
G0_1388,G0,0,F,48.681
G0_1389,G0,0,F,25.976
G0_1390,G0,0,M,-89.769
G0_1391,G0,0,F,-48.942
G0_1392,G0,0,F,-75.968
G0_1393,G0,0,F,143.34
G0_1394,G0,0,F,-126.431
G0_1395,G0,0,M,87.901
G0_1396,G0,0,M,-22.97
G0_1397,G0,0,F,-118.644
G0_1398,G0,0,F,99.156
G0_1399,G0,0,M,-102.894
G0_1400,G0,0,F,11.814
G0_1401,G0,0,M,-55.498
G0_1402,G0,0,F,-37.872
G0_1403,G0,0,M,55.395
G0_1404,G0,0,F,-101.99
G0_1405,G0,0,F,-89.965
G0_1406,G0,0,F,83.833
G0_1407,G0,0,F,43.768
G0_1408,G0,0,F,20.405
G0_1409,G0,0,F,-225.623
G0_1410,G0,0,M,-16.316
G0_1411,G0,0,M,23.474
G0_1412,G0,0,F,-52.631
G0_1413,G0,0,F,-16.408
G0_1414,G0,0,F,82.115
G0_1415,G0,0,F,95.71
G0_1416,G0,0,F,-23.4
G0_1417,G0,0,M,182.945
G0_1418,G0,0,F,-59.619
G0_1419,G0,0,M,67.976
G0_1420,G0,0,F,120.459
G0_1421,G0,0,M,60.768
G0_1422,G0,0,M,-152.285
G0_1423,G0,0,F,29.519
G0_1424,G0,0,M,34.379
G0_1425,G0,0,F,-100.394
G0_1426,G0,0,M,81.718
G0_1427,G0,0,F,-26.378
G0_1428,G0,0,F,45.115
G0_1429,G0,0,M,152.121
G0_1430,G0,0,F,22.553
G0_1431,G0,0,M,-75.492
G0_1432,G0,0,F,46.293
G0_1433,G0,0,F,134.798
G0_1434,G0,0,M,-74.371
G0_1435,G0,0,F,40.494
G0_1436,G0,0,F,-118.457
G0_1437,G0,0,F,-84.097
G0_1438,G0,0,F,146.049
G0_1439,G0,0,M,-77.828
G0_1440,G0,0,F,-1.355
G0_1441,G0,0,M,-65.533
G0_1442,G0,0,M,110.353
G0_1443,G0,0,M,9.558
G0_1444,G0,0,M,-96.677
G0_1445,G0,0,M,-89.006
G0_1446,G0,0,F,139.57
G0_1447,G0,0,M,121.137
G0_1448,G0,0,M,-86.238
G0_1449,G0,0,M,161.699
G0_1450,G0,0,F,-98.689
G0_1451,G0,0,M,-23.421
G0_1452,G0,0,F,31.039
G0_1453,G0,0,F,24.984
G0_1454,G0,0,M,-3.314
G0_1455,G0,0,F,25.476
G0_1456,G0,0,F,47.569
G0_1457,G0,0,F,221.786
G0_1458,G0,0,M,-56.777
G0_1459,G0,0,F,127.021
G0_1460,G0,0,M,-43.949
G0_1461,G0,0,M,-93.04
G0_1462,G0,0,F,-71.329
G0_1463,G0,0,F,21.88
G0_1464,G0,0,M,81.217
G0_1465,G0,0,F,-58.132
G0_1466,G0,0,M,-76.754
G0_1467,G0,0,M,-150.853
G0_1468,G0,0,M,-149.961
G0_1469,G0,0,M,-45.731
G0_1470,G0,0,M,27.112
G0_1471,G0,0,F,-207.759
G0_1472,G0,0,M,28.627
G0_1473,G0,0,F,53.951
G0_1474,G0,0,F,53.278
G0_1475,G0,0,F,-197.37
G0_1476,G0,0,F,28.965
G0_1477,G0,0,F,48.69
G0_1478,G0,0,F,-4.053
G0_1479,G0,0,F,-48.973
G0_1480,G0,0,M,10.75
G0_1481,G0,0,M,-111.74
G0_1482,G0,0,M,29.745
G0_1483,G0,0,F,-48.319
G0_1484,G0,0,M,-197.094
G0_1485,G0,0,F,-99.558
G0_1486,G0,0,M,80.014
G0_1487,G0,0,M,15.104
G0_1488,G0,0,M,-215.572
G0_1489,G0,0,M,53.136
G0_1490,G0,0,M,-124.697
G0_1491,G0,0,F,69.89
G0_1492,G0,0,F,-8.415
G0_1493,G0,0,M,46.746
G0_1494,G0,0,M,42.317
G0_1495,G0,0,F,48.396
G0_1496,G0,0,F,-115.617
G0_1497,G0,0,M,0.319
G0_1498,G0,0,F,-104.115
G0_1499,G0,0,M,8.624
G0_1500,G0,0,F,68.439
G0_1501,G0,0,M,113.467
G0_1502,G0,0,M,48.823
G0_1503,G0,0,M,49.113
G0_1504,G0,0,F,145.24
G0_1505,G0,0,F,-31.663
G0_1506,G0,0,F,-115.643
G0_1507,G0,0,F,-127.596
G0_1508,G0,0,M,45.392
G0_1509,G0,0,M,-67.142
G0_1510,G0,0,M,49.726
G0_1511,G0,0,F,-148.363
G0_1512,G0,0,F,-33.917
G0_1513,G0,0,M,28.793
G0_1514,G0,0,F,75.448
G0_1515,G0,0,M,161.099
G0_1516,G0,0,F,-27.409
G0_1517,G0,0,F,-37.278
G0_1518,G0,0,F,24.376
G0_1519,G0,0,F,69.672
G0_1520,G0,0,M,-88.832
G0_1521,G0,0,M,-58.339
G0_1522,G0,0,F,-123.645
G0_1523,G0,0,M,4.437
G0_1524,G0,0,M,-39.027
G0_1525,G0,0,F,-14.616
G0_1526,G0,0,F,122.461
G0_1527,G0,0,F,165.652
G0_1528,G0,0,M,-54.307
G0_1529,G0,0,M,-23.427
G0_1530,G0,0,F,-64.548
G0_1531,G0,0,F,136.456
G0_1532,G0,0,F,68.589
G0_1533,G0,0,F,74.743
G0_1534,G0,0,M,82.888
G0_1535,G0,0,M,74.726
G0_1536,G0,0,F,-147.076
G0_1537,G0,0,M,-14.71
G0_1538,G0,0,F,60.285
G0_1539,G0,0,F,-72.909
G0_1540,G0,0,M,-16.726
G0_1541,G0,0,F,-7.79
G0_1542,G0,0,F,-52.329
G0_1543,G0,0,M,69.188
G0_1544,G0,0,M,-83.052
G0_1545,G0,0,F,-23.48
G0_1546,G0,0,M,124.221
G0_1547,G0,0,F,-7.65
G0_1548,G0,0,F,6.165
G0_1549,G0,0,F,-64.324
G0_1550,G0,0,F,-48.242
G0_1551,G0,0,M,6.047
G0_1552,G0,0,M,120.021
G0_1553,G0,0,F,-58.504
G0_1554,G0,0,F,-21.194
G0_1555,G0,0,F,-37.232
G0_1556,G0,0,M,75.762
G0_1557,G0,0,F,-204.082
G0_1558,G0,0,M,-104.156
G0_1559,G0,0,F,-16.54
G0_1560,G0,0,M,-0.052
G0_1561,G0,0,F,236.794
G0_1562,G0,0,M,-175.689
G0_1563,G0,0,M,-29.862
G0_1564,G0,0,F,-97.735
G0_1565,G0,0,M,-77.85
G0_1566,G0,0,F,58.845
G0_1567,G0,0,F,-58.982
G0_1568,G0,0,M,-95.141
G0_1569,G0,0,F,-27.035
G0_1570,G0,0,M,94.104
G0_1571,G0,0,F,225.472
G0_1572,G0,0,F,-29.54
G0_1573,G0,0,M,-14.107
G0_1574,G0,0,F,-39.586
G0_1575,G0,0,F,-70.292
G0_1576,G0,0,M,-182.767
G0_1577,G0,0,F,168.17
G0_1578,G0,0,M,-78.22
G0_1579,G0,0,M,-61.075
G0_1580,G0,0,M,64.428
G0_1581,G0,0,M,27.602
G0_1582,G0,0,M,-17.543
G0_1583,G0,0,F,32.092
G0_1584,G0,0,M,60.801
G0_1585,G0,0,F,51.355
G0_1586,G0,0,M,-78.453
G0_1587,G0,0,F,74.463
G0_1588,G0,0,M,-270.982
G0_1589,G0,0,M,128.278
G0_1590,G0,0,M,-68.706
G0_1591,G0,0,F,-95.292
G0_1592,G0,0,F,-87.046
G0_1593,G0,0,M,73.225
G0_1594,G0,0,F,173.872
G0_1595,G0,0,F,54.912
G0_1596,G0,0,M,-163.654
G0_1597,G0,0,M,156.535
G0_1598,G0,0,F,15.652
G0_1599,G0,0,M,36.147
G0_1600,G0,0,M,24.537
G0_1601,G0,0,M,69.259
G0_1602,G0,0,F,-54.109
G0_1603,G0,0,M,65.802
G0_1604,G0,0,M,-127.72
G0_1605,G0,0,F,202.774
G0_1606,G0,0,M,67.972
G0_1607,G0,0,F,37.916
G0_1608,G0,0,F,121.463
G0_1609,G0,0,M,14.063
G0_1610,G0,0,M,-188.606
G0_1611,G0,0,F,9.04
G0_1612,G0,0,M,-104.951
G0_1613,G0,0,M,-129.478
G0_1614,G0,0,M,65.606
G0_1615,G0,0,F,-25.094
G0_1616,G0,0,F,-57.213
G0_1617,G0,0,F,-75.307
G0_1618,G0,0,M,24.021
G0_1619,G0,0,M,-75.392
G0_1620,G0,0,M,17.965
G0_1621,G0,0,F,5.237
G0_1622,G0,0,F,-151.07
G0_1623,G0,0,F,-131.632
G0_1624,G0,0,M,-11.901
G0_1625,G0,0,F,-78.455
G0_1626,G0,0,M,35.989
G0_1627,G0,0,F,68.926
G0_1628,G0,0,F,-1.18
G0_1629,G0,0,M,55.963
G0_1630,G0,0,M,25.596
G0_1631,G0,0,M,-1.891
G0_1632,G0,0,F,174.577
G0_1633,G0,0,F,-6.272
G0_1634,G0,0,M,101.639
G0_1635,G0,0,M,-26.113
G0_1636,G0,0,M,208.495
G0_1637,G0,0,F,-118.716
G0_1638,G0,0,F,-37.077
G0_1639,G0,0,M,-36.856
G0_1640,G0,0,F,38.7
G0_1641,G0,0,F,5.108
G0_1642,G0,0,M,-47.471
G0_1643,G0,0,F,96.047
G0_1644,G0,0,F,-19.005
G0_1645,G0,0,M,72.511
G0_1646,G0,0,M,9.913
G0_1647,G0,0,M,-88.849
G0_1648,G0,0,M,-87.649
G0_1649,G0,0,F,-74.156
G0_1650,G0,0,F,104.967
G0_1651,G0,0,F,266.119
G0_1652,G0,0,F,46.451
G0_1653,G0,0,F,32.45
G0_1654,G0,0,M,6.605
G0_1655,G0,0,F,25.401
G0_1656,G0,0,M,-39.32
G0_1657,G0,0,F,-78.343
G0_1658,G0,0,M,136.734
G0_1659,G0,0,F,-191.561
G0_1660,G0,0,F,-29.922
G0_1661,G0,0,M,8.059
G0_1662,G0,0,M,-56.549
G0_1663,G0,0,M,66.48
G0_1664,G0,0,M,31.213
G0_1665,G0,0,M,29.507
G0_1666,G0,0,F,200.863
G0_1667,G0,0,F,-45.726
G0_1668,G0,0,M,149.124
G0_1669,G0,0,F,105.341
G0_1670,G0,0,F,-71.046
G0_1671,G0,0,M,86.892
G0_1672,G0,0,F,-76.007
G0_1673,G0,0,M,83.879
G0_1674,G0,0,F,-107.875
G0_1675,G0,0,F,-77.729
G0_1676,G0,0,F,-120.398
G0_1677,G0,0,F,-120.793
G0_1678,G0,0,M,-83.178
G0_1679,G0,0,F,-23.565
G0_1680,G0,0,F,-134.522
G0_1681,G0,0,M,131.423
G0_1682,G0,0,F,137.096
G0_1683,G0,0,M,218.301
G0_1684,G0,0,M,-68.613
G0_1685,G0,0,F,-115.755
G0_1686,G0,0,F,149.489
G0_1687,G0,0,M,-104.362
G0_1688,G0,0,F,-25.942
G0_1689,G0,0,F,-173.216
G0_1690,G0,0,M,-101.764
G0_1691,G0,0,M,34.364
G0_1692,G0,0,M,-32.559
G0_1693,G0,0,F,39.01
G0_1694,G0,0,F,1.188
G0_1695,G0,0,F,22.9
G0_1696,G0,0,F,-40.359
G0_1697,G0,0,F,34.755
G0_1698,G0,0,M,196.164
G0_1699,G0,0,F,25.325
G0_1700,G0,0,M,-88.216
G0_1701,G0,0,M,80.214
G0_1702,G0,0,M,-133.555
G0_1703,G0,0,M,111.175
G0_1704,G0,0,F,85.017
G0_1705,G0,0,F,-51.381
G0_1706,G0,0,M,182.223
G0_1707,G0,0,M,5.306
G0_1708,G0,0,F,-16.052
G0_1709,G0,0,F,25.693
G0_1710,G0,0,F,20.629
G0_1711,G0,0,F,29.388
G0_1712,G0,0,F,70.168
G0_1713,G0,0,M,-22.409
G0_1714,G0,0,F,47.883
G0_1715,G0,0,M,76.992
G0_1716,G0,0,F,24.703
G0_1717,G0,0,M,-144.038
G0_1718,G0,0,M,115.184
G0_1719,G0,0,M,9.021
G0_1720,G0,0,M,-13.88
G0_1721,G0,0,M,33.059
G0_1722,G0,0,F,41.491
G0_1723,G0,0,F,28.485
G0_1724,G0,0,F,-119.457
G0_1725,G0,0,F,-68.728
G0_1726,G0,0,M,19.36
G0_1727,G0,0,F,112.821
G0_1728,G0,0,M,129.614
G0_1729,G0,0,F,-27.205
G0_1730,G0,0,M,-85.647
G0_1731,G0,0,F,149.354
G0_1732,G0,0,M,-17.936
G0_1733,G0,0,F,30.208
G0_1734,G0,0,F,-55.434
G0_1735,G0,0,M,-153.995
G0_1736,G0,0,F,83.366
G0_1737,G0,0,M,6.004
G0_1738,G0,0,M,140.382
G0_1739,G0,0,F,127.723
G0_1740,G0,0,F,58.209
G0_1741,G0,0,M,126.879
G0_1742,G0,0,F,7.538
G0_1743,G0,0,M,-28.339
G0_1744,G0,0,M,213.25
G0_1745,G0,0,M,-105.612
G0_1746,G0,0,M,-119.483
G0_1747,G0,0,M,-116.988
G0_1748,G0,0,F,-95.546
G0_1749,G0,0,M,56.287
G0_1750,G0,0,F,-222.012
G0_1751,G0,0,M,-60.77
G0_1752,G0,0,F,-143.397
G0_1753,G0,0,M,-109.401
G0_1754,G0,0,F,-77.512
G0_1755,G0,0,F,38.4
G0_1756,G0,0,F,-86.177
G0_1757,G0,0,F,-3.591
G0_1758,G0,0,M,158.072
G0_1759,G0,0,F,122.116
G0_1760,G0,0,F,47.978
G0_1761,G0,0,F,-5.546
G0_1762,G0,0,F,-36.465
G0_1763,G0,0,M,-74.466
G0_1764,G0,0,M,117.242
G0_1765,G0,0,M,-18.281
G0_1766,G0,0,F,15.247
G0_1767,G0,0,F,-43.258
G0_1768,G0,0,F,-12.63
G0_1769,G0,0,F,-14.259
G0_1770,G0,0,M,101.662
G0_1771,G0,0,F,-23.081
G0_1772,G0,0,M,36.961
G0_1773,G0,0,M,-237.414
G0_1774,G0,0,M,-9.351
G0_1775,G0,0,F,-97.843
G0_1776,G0,0,F,21.63
G0_1777,G0,0,M,-27.868
G0_1778,G0,0,F,-76.474
G0_1779,G0,0,M,-48.684
G0_1780,G0,0,F,66.801
G0_1781,G0,0,F,-46.066
G0_1782,G0,0,M,50.323
G0_1783,G0,0,M,43.7
G0_1784,G0,0,M,2.959
G0_1785,G0,0,M,33.481
G0_1786,G0,0,F,-90.374
G0_1787,G0,0,F,-138.589
G0_1788,G0,0,F,141.163
G0_1789,G0,0,M,95.618
G0_1790,G0,0,M,-148.998
G0_1791,G0,0,F,-161.79
G0_1792,G0,0,F,4.095
G0_1793,G0,0,M,39.401
G0_1794,G0,0,M,111.631
G0_1795,G0,0,F,-88.191
G0_1796,G0,0,M,-136.725
G0_1797,G0,0,M,-72.347
G0_1798,G0,0,M,41.154
G0_1799,G0,0,F,-4.455
G0_1800,G0,0,F,181.873
G0_1801,G0,0,M,12.78
G0_1802,G0,0,F,19.52
G0_1803,G0,0,F,255.44
G0_1804,G0,0,M,-36.257
G0_1805,G0,0,M,-35.564
G0_1806,G0,0,M,89.78
G0_1807,G0,0,M,51.311
G0_1808,G0,0,F,37.589
G0_1809,G0,0,M,135.231
G0_1810,G0,0,F,5.824
G0_1811,G0,0,F,-6.921
G0_1812,G0,0,M,0.138
G0_1813,G0,0,F,9.867
G0_1814,G0,0,F,-163.734
G0_1815,G0,0,M,-268.316
G0_1816,G0,0,M,33.485
G0_1817,G0,0,F,-88.666
G0_1818,G0,0,M,138.859
G0_1819,G0,0,F,39.188
G0_1820,G0,0,F,-98.003
G0_1821,G0,0,M,64.368
G0_1822,G0,0,F,-93.975
G0_1823,G0,0,F,64.99
G0_1824,G0,0,F,-39.094
G0_1825,G0,0,M,31.476
G0_1826,G0,0,F,-143.796
G0_1827,G0,0,F,59.376
G0_1828,G0,0,F,-43.853
G0_1829,G0,0,F,-210.432
G0_1830,G0,0,F,35.724
G0_1831,G0,0,M,-40.264
G0_1832,G0,0,F,-88.19
G0_1833,G0,0,M,-128.056
G0_1834,G0,0,M,-152.797
G0_1835,G0,0,M,12.487
G0_1836,G0,0,M,-52.425
G0_1837,G0,0,F,81.962
G0_1838,G0,0,F,-48.801
G0_1839,G0,0,M,-81.657
G0_1840,G0,0,F,140.147
G0_1841,G0,0,M,-50.417
G0_1842,G0,0,F,-58.476
G0_1843,G0,0,M,-130.236
G0_1844,G0,0,F,-96.137
G0_1845,G0,0,F,-52.672
G0_1846,G0,0,M,-105.102
G0_1847,G0,0,M,-116.518
G0_1848,G0,0,F,-92.184
G0_1849,G0,0,F,-120.465
G0_1850,G0,0,F,21.238
G0_1851,G0,0,F,18.617
G0_1852,G0,0,F,-237.645
G0_1853,G0,0,M,179.524
G0_1854,G0,0,M,82.935
G0_1855,G0,0,F,-118.644
G0_1856,G0,0,F,82.392
G0_1857,G0,0,M,-35.079
G0_1858,G0,0,F,-141.149
G0_1859,G0,0,M,62.65
G0_1860,G0,0,F,58.513
G0_1861,G0,0,F,87.816
G0_1862,G0,0,M,132.296
G0_1863,G0,0,F,15.985
G0_1864,G0,0,F,9.919
G0_1865,G0,0,M,202.844
G0_1866,G0,0,F,-0.049
G0_1867,G0,0,F,97.381
G0_1868,G0,0,M,131.018
G0_1869,G0,0,M,53.381
G0_1870,G0,0,F,-115.485
G0_1871,G0,0,M,33.762
G0_1872,G0,0,M,46.339
G0_1873,G0,0,M,97.523
G0_1874,G0,0,M,42.329
G0_1875,G0,0,M,28.817
G0_1876,G0,0,M,-107.679
G0_1877,G0,0,F,158.706
G0_1878,G0,0,F,72.612
G0_1879,G0,0,M,65.157
G0_1880,G0,0,F,34.165
G0_1881,G0,0,M,18.57
G0_1882,G0,0,F,-46.635
G0_1883,G0,0,M,94.294
G0_1884,G0,0,F,-11.618
G0_1885,G0,0,F,-156.019
G0_1886,G0,0,M,14.071
G0_1887,G0,0,M,-203.694
G0_1888,G0,0,F,182.115
G0_1889,G0,0,F,20.093
G0_1890,G0,0,M,38.303
G0_1891,G0,0,F,-121.836
G0_1892,G0,0,F,48.891
G0_1893,G0,0,F,-55.711
G0_1894,G0,0,M,255.151
G0_1895,G0,0,M,40.966
G0_1896,G0,0,M,42.153
G0_1897,G0,0,F,99.936
G0_1898,G0,0,M,161.421
G0_1899,G0,0,F,194.817
G0_1900,G0,0,F,-223.323
G0_1901,G0,0,F,-214.51
G0_1902,G0,0,F,133.396
G0_1903,G0,0,M,-56.194
G0_1904,G0,0,M,106.507
G0_1905,G0,0,M,30.561
G0_1906,G0,0,M,44.864
G0_1907,G0,0,F,-14.231
G0_1908,G0,0,M,144.72
G0_1909,G0,0,F,115.582
G0_1910,G0,0,M,-28.487
G0_1911,G0,0,F,-62.062
G0_1912,G0,0,F,-69.025
G0_1913,G0,0,M,37.72
G0_1914,G0,0,F,-31.049
G0_1915,G0,0,M,-44.909
G0_1916,G0,0,M,96.694
G0_1917,G0,0,F,169.547
G0_1918,G0,0,M,1.745
G0_1919,G0,0,M,98.549
G0_1920,G0,0,F,-25.281
G0_1921,G0,0,F,80.641
G0_1922,G0,0,F,-8.88
G0_1923,G0,0,M,116.492
G0_1924,G0,0,F,120.107
G0_1925,G0,0,M,-76.599
G0_1926,G0,0,F,97.298
G0_1927,G0,0,M,-211.992
G0_1928,G0,0,F,-37.8
G0_1929,G0,0,F,136.539
G0_1930,G0,0,M,-111.448
G0_1931,G0,0,F,25.188
G0_1932,G0,0,M,-66.223
G0_1933,G0,0,M,-172.984
G0_1934,G0,0,M,-162.265
G0_1935,G0,0,F,80.263
G0_1936,G0,0,F,153.784
G0_1937,G0,0,M,19.666
G0_1938,G0,0,F,-109.317
G0_1939,G0,0,F,-101.113
G0_1940,G0,0,F,4.296
G0_1941,G0,0,F,-114.571
G0_1942,G0,0,F,-50.54
G0_1943,G0,0,F,51.583
G0_1944,G0,0,M,-127.183
G0_1945,G0,0,F,-75.214
G0_1946,G0,0,F,-204.875
G0_1947,G0,0,M,-27.271
G0_1948,G0,0,F,-228.701
G0_1949,G0,0,F,75.002
G0_1950,G0,0,F,220.645
G0_1951,G0,0,M,88.612
G0_1952,G0,0,F,-71.719
G0_1953,G0,0,F,-32.905
G0_1954,G0,0,F,-135.651
G0_1955,G0,0,F,43.15
G0_1956,G0,0,M,16.852
G0_1957,G0,0,F,-184.942
G0_1958,G0,0,M,-162.211
G0_1959,G0,0,M,-216.452
G0_1960,G0,0,F,-103.807
G0_1961,G0,0,M,-7.072
G0_1962,G0,0,F,-50.384
G0_1963,G0,0,F,84.36
G0_1964,G0,0,F,76.792
G0_1965,G0,0,F,44.871
G0_1966,G0,0,F,157.654
G0_1967,G0,0,F,61.793
G0_1968,G0,0,M,8.57
G0_1969,G0,0,F,-44.922
G0_1970,G0,0,F,-169.952
G0_1971,G0,0,F,10.938
G0_1972,G0,0,M,-73.059
G0_1973,G0,0,M,27.732
G0_1974,G0,0,M,158.816
G0_1975,G0,0,M,12.189
G0_1976,G0,0,F,-140.238
G0_1977,G0,0,F,-22.21
G0_1978,G0,0,M,197.224
G0_1979,G0,0,M,33.918
G0_1980,G0,0,M,-23.029
G0_1981,G0,0,F,-40.512
G0_1982,G0,0,M,29.01
G0_1983,G0,0,F,-27.151
G0_1984,G0,0,M,4.405
G0_1985,G0,0,F,140.286
G0_1986,G0,0,F,-67.792
G0_1987,G0,0,M,-20.375
G0_1988,G0,0,M,39.612
G0_1989,G0,0,M,120.509
G0_1990,G0,0,F,-79.992
G0_1991,G0,0,F,221.975
G0_1992,G0,0,M,-42.186
G0_1993,G0,0,F,-43.158
G0_1994,G0,0,F,138.725
G0_1995,G0,0,F,188.535
G0_1996,G0,0,M,78.561
G0_1997,G0,0,M,16.959
G0_1998,G0,0,F,19.491
G0_1999,G0,0,M,2.816
G0_2000,G0,0,M,68.937
