id,bw42_g,generation,batch
G0_0001,2587.9,0,G0
G0_0002,2933.8,0,G0
G0_0003,2557.4,0,G0
G0_0004,2818.8,0,G0
G0_0005,2548.2,0,G0
G0_0006,2796.2,0,G0
G0_0007,2953.6,0,G0
G0_0008,2586.6,0,G0
G0_0009,2640.3,0,G0
G0_0010,2742.7,0,G0
G0_0011,2729.1,0,G0
G0_0012,2351.5,0,G0
G0_0013,2516.5,0,G0
G0_0014,2810.9,0,G0
G0_0015,2858.4,0,G0
G0_0016,2768.0,0,G0
G0_0017,3369.8,0,G0
G0_0018,3094.5,0,G0
G0_0019,3134.3,0,G0
G0_0020,2851.4,0,G0
G0_0021,2936.1,0,G0
G0_0022,3133.9,0,G0
G0_0023,2786.0,0,G0
G0_0024,2701.9,0,G0
G0_0025,2980.5,0,G0
G0_0026,2835.0,0,G0
G0_0027,2736.7,0,G0
G0_0028,3091.8,0,G0
G0_0029,2759.3,0,G0
G0_0030,3004.2,0,G0
G0_0031,2573.1,0,G0
G0_0032,2576.0,0,G0
G0_0033,2638.5,0,G0
G0_0034,3432.1,0,G0
G0_0035,2887.1,0,G0
G0_0036,3387.7,0,G0
G0_0037,2843.3,0,G0
G0_0038,2602.5,0,G0
G0_0039,2663.8,0,G0
G0_0040,2784.5,0,G0
G0_0041,2895.9,0,G0
G0_0042,2747.0,0,G0
G0_0043,3115.4,0,G0
G0_0044,3184.2,0,G0
G0_0045,2544.3,0,G0
G0_0046,2879.4,0,G0
G0_0047,2618.3,0,G0
G0_0048,2991.9,0,G0
G0_0049,3065.6,0,G0
G0_0050,2535.4,0,G0
G0_0051,2680.6,0,G0
G0_0052,2570.6,0,G0
G0_0053,2895.1,0,G0
G0_0054,2611.8,0,G0
G0_0055,2903.8,0,G0
G0_0056,2817.0,0,G0
G0_0057,2690.5,0,G0
G0_0058,2254.3,0,G0
G0_0059,2868.0,0,G0
G0_0060,3247.1,0,G0
G0_0061,2957.2,0,G0
G0_0062,2677.4,0,G0
G0_0063,2607.7,0,G0
G0_0064,2794.5,0,G0
G0_0065,3107.3,0,G0
G0_0066,2809.5,0,G0
G0_0067,3034.6,0,G0
G0_0068,2586.2,0,G0
G0_0069,2840.6,0,G0
G0_0070,3322.9,0,G0
G0_0071,2819.2,0,G0
G0_0072,2575.9,0,G0
G0_0073,2988.7,0,G0
G0_0074,2754.4,0,G0
G0_0075,2924.0,0,G0
G0_0076,2441.3,0,G0
G0_0077,2879.0,0,G0
G0_0078,2697.8,0,G0
G0_0079,2855.4,0,G0
G0_0080,3010.0,0,G0
G0_0081,2733.5,0,G0
G0_0082,2208.9,0,G0
G0_0083,2760.5,0,G0
G0_0084,2842.6,0,G0
G0_0085,3166.1,0,G0
G0_0086,3132.4,0,G0
G0_0087,2537.6,0,G0
G0_0088,2439.7,0,G0
G0_0089,2562.9,0,G0
G0_0090,2620.0,0,G0
G0_0091,2700.6,0,G0
G0_0092,3320.0,0,G0
G0_0093,2995.1,0,G0
G0_0094,3394.8,0,G0
G0_0095,2642.9,0,G0
G0_0096,2771.6,0,G0
G0_0097,2347.0,0,G0
G0_0098,2018.8,0,G0
G0_0099,2495.5,0,G0
G0_0100,3167.3,0,G0
G0_0101,2797.1,0,G0
G0_0102,2835.0,0,G0
G0_0103,2671.4,0,G0
G0_0104,2664.5,0,G0
G0_0105,2742.8,0,G0
G0_0106,2526.1,0,G0
G0_0107,2745.6,0,G0
G0_0108,2847.1,0,G0
G0_0109,3011.2,0,G0
G0_0110,3385.5,0,G0
G0_0111,2715.0,0,G0
G0_0112,2472.0,0,G0
G0_0113,3103.5,0,G0
G0_0114,3152.0,0,G0
G0_0115,3214.2,0,G0
G0_0116,2978.9,0,G0
G0_0117,3071.4,0,G0
G0_0118,2449.8,0,G0
G0_0119,2941.5,0,G0
G0_0120,3107.0,0,G0
G0_0121,2513.7,0,G0
G0_0122,2709.3,0,G0
G0_0123,2774.0,0,G0
G0_0124,2662.3,0,G0
G0_0125,2635.7,0,G0
G0_0126,2873.6,0,G0
G0_0127,3051.4,0,G0
G0_0128,2546.0,0,G0
G0_0129,2487.8,0,G0
G0_0130,2938.9,0,G0
G0_0131,2825.8,0,G0
G0_0132,2792.2,0,G0
G0_0133,2957.5,0,G0
G0_0134,2599.1,0,G0
G0_0135,3216.8,0,G0
G0_0136,2875.8,0,G0
G0_0137,2192.3,0,G0
G0_0138,2708.4,0,G0
G0_0139,2666.1,0,G0
G0_0140,2823.6,0,G0
G0_0141,2941.9,0,G0
G0_0142,3108.3,0,G0
G0_0143,2577.7,0,G0
G0_0144,2516.8,0,G0
G0_0145,2830.6,0,G0
G0_0146,2748.5,0,G0
G0_0147,2279.7,0,G0
G0_0148,3392.6,0,G0
G0_0149,2933.3,0,G0
G0_0150,3101.7,0,G0
G0_0151,3116.9,0,G0
G0_0152,2554.1,0,G0
G0_0153,2839.4,0,G0
G0_0154,2630.8,0,G0
G0_0155,2670.3,0,G0
G0_0156,2524.5,0,G0
G0_0157,2949.4,0,G0
G0_0158,2618.5,0,G0
G0_0159,2838.9,0,G0
G0_0160,2746.5,0,G0
G0_0161,2298.1,0,G0
G0_0162,2916.7,0,G0
G0_0163,2474.3,0,G0
G0_0164,2659.4,0,G0
G0_0165,2874.7,0,G0
G0_0166,2830.8,0,G0
G0_0167,3026.6,0,G0
G0_0168,2709.6,0,G0
G0_0169,2799.1,0,G0
G0_0170,2651.0,0,G0
G0_0171,2793.0,0,G0
G0_0172,2760.5,0,G0
G0_0173,2702.6,0,G0
G0_0174,2835.9,0,G0
G0_0175,2793.0,0,G0
G0_0176,2707.5,0,G0
G0_0177,2305.0,0,G0
G0_0178,3116.9,0,G0
G0_0179,2658.2,0,G0
G0_0180,2556.1,0,G0
G0_0181,3358.3,0,G0
G0_0182,2777.6,0,G0
G0_0183,2473.9,0,G0
G0_0184,3109.1,0,G0
G0_0185,2676.7,0,G0
G0_0186,2423.9,0,G0
G0_0187,3132.7,0,G0
G0_0188,2756.7,0,G0
G0_0189,3226.0,0,G0
G0_0190,2679.6,0,G0
G0_0191,2854.8,0,G0
G0_0192,2322.5,0,G0
G0_0193,2631.4,0,G0
G0_0194,2698.3,0,G0
G0_0195,2741.4,0,G0
G0_0196,2478.1,0,G0
G0_0197,2819.9,0,G0
G0_0198,3081.2,0,G0
G0_0199,3236.7,0,G0
G0_0200,2647.2,0,G0
G0_0201,2993.9,0,G0
G0_0202,3266.3,0,G0
G0_0203,2782.8,0,G0
G0_0204,2644.3,0,G0
G0_0205,3093.1,0,G0
G0_0206,2918.0,0,G0
G0_0207,3277.8,0,G0
G0_0208,2562.0,0,G0
G0_0209,2888.0,0,G0
G0_0210,2873.8,0,G0
G0_0211,2776.7,0,G0
G0_0212,3279.3,0,G0
G0_0213,3090.0,0,G0
G0_0214,3070.7,0,G0
G0_0215,2906.1,0,G0
G0_0216,2967.5,0,G0
G0_0217,2468.1,0,G0
G0_0218,2713.5,0,G0
G0_0219,2551.0,0,G0
G0_0220,3085.4,0,G0
G0_0221,2613.5,0,G0
G0_0222,2646.1,0,G0
G0_0223,2741.9,0,G0
G0_0224,2654.1,0,G0
G0_0225,2458.1,0,G0
G0_0226,2759.5,0,G0
G0_0227,2714.3,0,G0
G0_0228,2952.5,0,G0
G0_0229,2032.8,0,G0
G0_0230,2474.7,0,G0
G0_0231,2986.2,0,G0
G0_0232,2768.8,0,G0
G0_0233,2791.8,0,G0
G0_0234,3235.4,0,G0
G0_0235,2976.7,0,G0
G0_0236,2518.5,0,G0
G0_0237,2833.4,0,G0
G0_0238,2669.9,0,G0
G0_0239,2516.3,0,G0
G0_0240,2837.0,0,G0
G0_0241,2961.2,0,G0
G0_0242,2869.5,0,G0
G0_0243,2916.0,0,G0
G0_0244,2532.8,0,G0
G0_0245,2529.0,0,G0
G0_0246,2390.7,0,G0
G0_0247,2326.5,0,G0
G0_0248,3215.3,0,G0
G0_0249,2747.2,0,G0
G0_0250,2537.1,0,G0
G0_0251,2443.9,0,G0
G0_0252,2722.9,0,G0
G0_0253,3058.6,0,G0
G0_0254,2699.0,0,G0
G0_0255,2269.3,0,G0
G0_0256,2949.9,0,G0
G0_0257,2951.0,0,G0
G0_0258,2795.4,0,G0
G0_0259,2716.4,0,G0
G0_0260,3350.4,0,G0
G0_0261,2200.5,0,G0
G0_0262,2396.9,0,G0
G0_0263,2864.5,0,G0
G0_0264,2955.7,0,G0
G0_0265,2807.8,0,G0
G0_0266,3015.9,0,G0
G0_0267,2369.4,0,G0
G0_0268,2662.2,0,G0
G0_0269,2827.0,0,G0
G0_0270,3223.1,0,G0
G0_0271,2341.1,0,G0
G0_0272,3245.0,0,G0
G0_0273,3197.5,0,G0
G0_0274,2320.8,0,G0
G0_0275,2614.4,0,G0
G0_0276,3047.7,0,G0
G0_0277,3078.1,0,G0
G0_0278,2802.3,0,G0
G0_0279,2905.5,0,G0
G0_0280,3121.4,0,G0
G0_0281,2708.7,0,G0
G0_0282,2944.9,0,G0
G0_0283,2965.4,0,G0
G0_0284,3223.9,0,G0
G0_0285,2956.5,0,G0
G0_0286,3183.4,0,G0
G0_0287,2691.1,0,G0
G0_0288,2684.7,0,G0
G0_0289,2638.1,0,G0
G0_0290,2928.6,0,G0
G0_0291,2759.4,0,G0
G0_0292,3204.1,0,G0
G0_0293,2965.7,0,G0
G0_0294,2983.9,0,G0
G0_0295,2786.3,0,G0
G0_0296,3139.7,0,G0
G0_0297,2823.4,0,G0
G0_0298,2639.0,0,G0
G0_0299,2705.7,0,G0
G0_0300,3078.1,0,G0
G0_0301,2639.4,0,G0
G0_0302,2875.0,0,G0
G0_0303,2971.2,0,G0
G0_0304,3123.9,0,G0
G0_0305,2925.7,0,G0
G0_0306,2604.5,0,G0
G0_0307,2846.6,0,G0
G0_0308,3251.5,0,G0
G0_0309,2487.3,0,G0
G0_0310,3248.9,0,G0
G0_0311,2504.1,0,G0
G0_0312,2888.6,0,G0
G0_0313,2600.3,0,G0
G0_0314,3095.1,0,G0
G0_0315,2663.9,0,G0
G0_0316,3278.9,0,G0
G0_0317,2850.0,0,G0
G0_0318,3055.5,0,G0
G0_0319,3280.4,0,G0
G0_0320,2576.6,0,G0
G0_0321,2459.3,0,G0
G0_0322,2624.1,0,G0
G0_0323,3345.2,0,G0
G0_0324,2608.5,0,G0
G0_0325,2729.0,0,G0
G0_0326,2664.0,0,G0
G0_0327,3035.5,0,G0
G0_0328,2209.8,0,G0
G0_0329,3519.3,0,G0
G0_0330,2427.2,0,G0
G0_0331,2953.3,0,G0
G0_0332,3066.5,0,G0
G0_0333,2967.8,0,G0
G0_0334,2585.8,0,G0
G0_0335,2894.3,0,G0
G0_0336,2842.9,0,G0
G0_0337,2942.9,0,G0
G0_0338,2759.5,0,G0
G0_0339,2647.8,0,G0
G0_0340,2761.7,0,G0
G0_0341,2780.6,0,G0
G0_0342,2766.9,0,G0
G0_0343,2343.2,0,G0
G0_0344,2635.9,0,G0
G0_0345,2696.4,0,G0
G0_0346,2171.9,0,G0
G0_0347,3053.7,0,G0
G0_0348,2562.3,0,G0
G0_0349,2658.1,0,G0
G0_0350,3169.8,0,G0
G0_0351,2800.3,0,G0
G0_0352,2800.2,0,G0
G0_0353,2995.8,0,G0
G0_0354,2839.3,0,G0
G0_0355,3331.6,0,G0
G0_0356,2622.9,0,G0
G0_0357,2682.5,0,G0
G0_0358,2959.3,0,G0
G0_0359,2545.6,0,G0
G0_0360,2515.2,0,G0
G0_0361,2592.6,0,G0
G0_0362,2477.5,0,G0
G0_0363,2748.3,0,G0
G0_0364,3316.8,0,G0
G0_0365,2590.7,0,G0
G0_0366,3373.9,0,G0
G0_0367,2855.1,0,G0
G0_0368,2921.6,0,G0
G0_0369,2727.5,0,G0
G0_0370,2858.5,0,G0
G0_0371,2576.5,0,G0
G0_0372,2829.4,0,G0
G0_0373,2786.0,0,G0
G0_0374,2685.8,0,G0
G0_0375,2510.4,0,G0
G0_0376,2633.0,0,G0
G0_0377,2631.4,0,G0
G0_0378,3049.5,0,G0
G0_0379,3067.4,0,G0
G0_0380,2621.7,0,G0
G0_0381,2453.0,0,G0
G0_0382,2475.1,0,G0
G0_0383,2613.7,0,G0
G0_0384,2910.6,0,G0
G0_0385,2745.5,0,G0
G0_0386,2914.0,0,G0
G0_0387,2830.9,0,G0
G0_0388,2757.4,0,G0
G0_0389,2961.9,0,G0
G0_0390,2744.5,0,G0
G0_0391,2690.3,0,G0
G0_0392,2868.8,0,G0
G0_0393,3186.7,0,G0
G0_0394,3430.6,0,G0
G0_0395,2786.9,0,G0
G0_0396,3162.7,0,G0
G0_0397,2915.8,0,G0
G0_0398,2900.0,0,G0
G0_0399,2519.8,0,G0
G0_0400,2353.6,0,G0
G0_0401,2681.4,0,G0
G0_0402,2674.0,0,G0
G0_0403,2584.9,0,G0
G0_0404,2302.5,0,G0
G0_0405,2906.7,0,G0
G0_0406,3189.8,0,G0
G0_0407,2736.9,0,G0
G0_0408,3027.8,0,G0
G0_0409,2838.2,0,G0
G0_0410,2847.7,0,G0
G0_0411,3044.4,0,G0
G0_0412,3354.4,0,G0
G0_0413,3055.9,0,G0
G0_0414,2801.7,0,G0
G0_0415,2774.6,0,G0
G0_0416,2548.9,0,G0
G0_0417,2775.2,0,G0
G0_0418,2992.9,0,G0
G0_0419,2867.2,0,G0
G0_0420,2692.9,0,G0
G0_0421,2725.4,0,G0
G0_0422,3433.6,0,G0
G0_0423,2577.1,0,G0
G0_0424,2734.0,0,G0
G0_0425,2244.9,0,G0
G0_0426,2734.8,0,G0
G0_0427,3058.7,0,G0
G0_0428,2894.6,0,G0
G0_0429,2526.3,0,G0
G0_0430,3117.4,0,G0
G0_0431,3466.8,0,G0
G0_0432,2374.1,0,G0
G0_0433,2665.8,0,G0
G0_0434,2727.3,0,G0
G0_0435,3370.3,0,G0
G0_0436,3155.1,0,G0
G0_0437,2458.4,0,G0
G0_0438,2942.2,0,G0
G0_0439,2552.9,0,G0
G0_0440,2784.2,0,G0
G0_0441,3062.3,0,G0
G0_0442,2935.3,0,G0
G0_0443,3009.6,0,G0
G0_0444,3087.4,0,G0
G0_0445,2614.5,0,G0
G0_0446,3087.4,0,G0
G0_0447,2810.1,0,G0
G0_0448,2915.5,0,G0
G0_0449,3223.4,0,G0
G0_0450,2746.7,0,G0
G0_0451,2969.6,0,G0
G0_0452,2876.3,0,G0
G0_0453,2563.2,0,G0
G0_0454,3025.6,0,G0
G0_0455,2822.0,0,G0
G0_0456,2566.7,0,G0
G0_0457,2733.8,0,G0
G0_0458,2846.2,0,G0
G0_0459,2586.2,0,G0
G0_0460,3222.1,0,G0
G0_0461,2759.3,0,G0
G0_0462,3228.2,0,G0
G0_0463,2278.3,0,G0
G0_0464,2691.3,0,G0
G0_0465,3218.2,0,G0
G0_0466,2934.6,0,G0
G0_0467,2920.7,0,G0
G0_0468,2728.0,0,G0
G0_0469,2918.5,0,G0
G0_0470,2886.9,0,G0
G0_0471,2972.6,0,G0
G0_0472,2982.0,0,G0
G0_0473,3283.9,0,G0
G0_0474,2705.8,0,G0
G0_0475,2519.5,0,G0
G0_0476,2802.3,0,G0
G0_0477,2972.0,0,G0
G0_0478,2255.6,0,G0
G0_0479,2548.7,0,G0
G0_0480,3167.9,0,G0
G0_0481,2600.4,0,G0
G0_0482,2701.5,0,G0
G0_0483,3143.6,0,G0
G0_0484,2751.0,0,G0
G0_0485,2893.3,0,G0
G0_0486,2902.8,0,G0
G0_0487,2869.7,0,G0
G0_0488,2857.8,0,G0
G0_0489,2894.3,0,G0
G0_0490,2657.7,0,G0
G0_0491,2554.3,0,G0
G0_0492,2692.0,0,G0
G0_0493,3188.1,0,G0
G0_0494,2711.0,0,G0
G0_0495,2751.5,0,G0
G0_0496,2785.8,0,G0
G0_0497,3106.1,0,G0
G0_0498,2830.4,0,G0
G0_0499,2732.2,0,G0
G0_0500,2643.5,0,G0
G0_0501,2901.4,0,G0
G0_0502,3113.2,0,G0
G0_0503,2772.7,0,G0
G0_0504,2906.6,0,G0
G0_0505,3094.7,0,G0
G0_0506,2595.2,0,G0
G0_0507,3091.5,0,G0
G0_0508,2935.4,0,G0
G0_0509,3213.6,0,G0
G0_0510,2673.1,0,G0
G0_0511,2117.1,0,G0
G0_0512,2663.4,0,G0
G0_0513,2661.1,0,G0
G0_0514,2912.4,0,G0
G0_0515,2711.5,0,G0
G0_0516,3154.9,0,G0
G0_0517,3225.9,0,G0
G0_0518,3066.7,0,G0
G0_0519,3122.8,0,G0
G0_0520,3052.9,0,G0
G0_0521,2953.4,0,G0
G0_0522,2855.7,0,G0
G0_0523,3031.2,0,G0
G0_0524,2849.3,0,G0
G0_0525,2789.7,0,G0
G0_0526,3057.6,0,G0
G0_0527,2899.5,0,G0
G0_0528,2738.3,0,G0
G0_0529,2935.5,0,G0
G0_0530,2442.5,0,G0
G0_0531,3029.4,0,G0
G0_0532,2484.9,0,G0
G0_0533,2663.5,0,G0
G0_0534,2976.1,0,G0
G0_0535,2500.1,0,G0
G0_0536,2465.9,0,G0
G0_0537,3198.5,0,G0
G0_0538,2780.8,0,G0
G0_0539,2074.5,0,G0
G0_0540,2826.8,0,G0
G0_0541,2792.2,0,G0
G0_0542,2720.0,0,G0
G0_0543,2850.9,0,G0
G0_0544,2239.8,0,G0
G0_0545,2840.0,0,G0
G0_0546,2790.5,0,G0
G0_0547,2737.9,0,G0
G0_0548,2707.0,0,G0
G0_0549,2944.1,0,G0
G0_0550,2780.6,0,G0
G0_0551,2844.7,0,G0
G0_0552,2923.0,0,G0
G0_0553,2564.8,0,G0
G0_0554,2768.1,0,G0
G0_0555,2860.9,0,G0
G0_0556,2647.4,0,G0
G0_0557,3089.7,0,G0
G0_0558,2869.8,0,G0
G0_0559,2800.3,0,G0
G0_0560,2590.4,0,G0
G0_0561,2437.8,0,G0
G0_0562,3072.6,0,G0
G0_0563,2275.9,0,G0
G0_0564,2443.0,0,G0
G0_0565,2810.6,0,G0
G0_0566,2629.0,0,G0
G0_0567,3124.7,0,G0
G0_0568,2926.1,0,G0
G0_0569,2809.4,0,G0
G0_0570,2417.0,0,G0
G0_0571,2608.2,0,G0
G0_0572,2443.3,0,G0
G0_0573,2582.0,0,G0
G0_0574,2812.8,0,G0
G0_0575,2541.9,0,G0
G0_0576,2868.1,0,G0
G0_0577,2906.1,0,G0
G0_0578,2765.6,0,G0
G0_0579,3010.9,0,G0
G0_0580,2664.2,0,G0
G0_0581,2362.8,0,G0
G0_0582,2669.3,0,G0
G0_0583,2868.9,0,G0
G0_0584,2512.5,0,G0
G0_0585,2713.8,0,G0
G0_0586,2903.8,0,G0
G0_0587,3085.6,0,G0
G0_0588,2506.4,0,G0
G0_0589,3051.9,0,G0
G0_0590,3160.0,0,G0
G0_0591,2849.1,0,G0
G0_0592,2462.3,0,G0
G0_0593,2714.6,0,G0
G0_0594,3103.7,0,G0
G0_0595,2889.1,0,G0
G0_0596,2935.0,0,G0
G0_0597,2632.5,0,G0
G0_0598,2919.4,0,G0
G0_0599,3252.4,0,G0
G0_0600,2757.7,0,G0
G0_0601,2917.4,0,G0
G0_0602,2448.8,0,G0
G0_0603,2356.5,0,G0
G0_0604,2481.6,0,G0
G0_0605,3144.7,0,G0
G0_0606,2705.3,0,G0
G0_0607,2941.5,0,G0
G0_0608,2665.3,0,G0
G0_0609,2597.8,0,G0
G0_0610,2672.7,0,G0
G0_0611,3029.1,0,G0
G0_0612,2199.4,0,G0
G0_0613,2502.9,0,G0
G0_0614,3038.4,0,G0
G0_0615,2905.0,0,G0
G0_0616,2530.2,0,G0
G0_0617,2694.5,0,G0
G0_0618,2720.4,0,G0
G0_0619,2152.0,0,G0
G0_0620,2815.6,0,G0
G0_0621,2838.7,0,G0
G0_0622,2777.6,0,G0
G0_0623,2688.8,0,G0
G0_0624,2796.8,0,G0
G0_0625,2024.3,0,G0
G0_0626,2719.8,0,G0
G0_0627,2709.1,0,G0
G0_0628,3023.6,0,G0
G0_0629,3379.9,0,G0
G0_0630,2782.0,0,G0
G0_0631,3214.8,0,G0
G0_0632,2900.2,0,G0
G0_0633,3180.2,0,G0
G0_0634,2998.1,0,G0
G0_0635,2648.4,0,G0
G0_0636,3185.7,0,G0
G0_0637,2844.1,0,G0
G0_0638,2373.8,0,G0
G0_0639,3025.1,0,G0
G0_0640,3435.3,0,G0
G0_0641,2923.2,0,G0
G0_0642,2866.6,0,G0
G0_0643,2574.6,0,G0
G0_0644,2576.0,0,G0
G0_0645,2595.4,0,G0
G0_0646,3002.6,0,G0
G0_0647,2696.0,0,G0
G0_0648,2762.8,0,G0
G0_0649,2979.2,0,G0
G0_0650,2999.8,0,G0
G0_0651,2648.5,0,G0
G0_0652,2782.4,0,G0
G0_0653,3035.0,0,G0
G0_0654,2658.8,0,G0
G0_0655,2914.6,0,G0
G0_0656,2967.8,0,G0
G0_0657,2978.4,0,G0
G0_0658,2459.0,0,G0
G0_0659,2801.9,0,G0
G0_0660,2588.6,0,G0
G0_0661,3173.2,0,G0
G0_0662,2899.0,0,G0
G0_0663,3219.3,0,G0
G0_0664,3246.7,0,G0
G0_0665,2480.6,0,G0
G0_0666,2947.0,0,G0
G0_0667,2826.1,0,G0
G0_0668,2496.3,0,G0
G0_0669,2459.3,0,G0
G0_0670,3123.4,0,G0
G0_0671,2552.5,0,G0
G0_0672,2727.3,0,G0
G0_0673,3226.7,0,G0
G0_0674,2567.6,0,G0
G0_0675,3029.4,0,G0
G0_0676,3276.7,0,G0
G0_0677,2904.8,0,G0
G0_0678,2597.4,0,G0
G0_0679,2290.2,0,G0
G0_0680,2671.5,0,G0
G0_0681,2411.2,0,G0
G0_0682,2684.7,0,G0
G0_0683,2609.0,0,G0
G0_0684,2641.0,0,G0
G0_0685,3194.3,0,G0
G0_0686,2927.4,0,G0
G0_0687,2927.4,0,G0
G0_0688,3088.1,0,G0
G0_0689,2498.5,0,G0
G0_0690,2490.2,0,G0
G0_0691,2550.4,0,G0
G0_0692,2669.4,0,G0
G0_0693,2551.2,0,G0
G0_0694,2832.3,0,G0
G0_0695,2609.0,0,G0
G0_0696,2458.1,0,G0
G0_0697,2476.6,0,G0
G0_0698,2934.2,0,G0
G0_0699,2799.3,0,G0
G0_0700,2938.3,0,G0
G0_0701,2724.4,0,G0
G0_0702,2969.1,0,G0
G0_0703,2917.8,0,G0
G0_0704,3334.4,0,G0
G0_0705,2691.7,0,G0
G0_0706,2660.8,0,G0
G0_0707,2860.3,0,G0
G0_0708,3172.3,0,G0
G0_0709,2960.3,0,G0
G0_0710,2818.6,0,G0
G0_0711,2837.5,0,G0
G0_0712,3178.8,0,G0
G0_0713,2774.8,0,G0
G0_0714,2632.4,0,G0
G0_0715,2829.1,0,G0
G0_0716,2762.5,0,G0
G0_0717,2816.0,0,G0
G0_0718,2689.5,0,G0
G0_0719,3342.2,0,G0
G0_0720,2971.6,0,G0
G0_0721,2910.3,0,G0
G0_0722,3088.1,0,G0
G0_0723,2674.0,0,G0
G0_0724,2174.6,0,G0
G0_0725,3009.9,0,G0
G0_0726,2715.8,0,G0
G0_0727,2942.1,0,G0
G0_0728,2444.5,0,G0
G0_0729,3367.5,0,G0
G0_0730,2890.4,0,G0
G0_0731,3012.3,0,G0
G0_0732,2746.2,0,G0
G0_0733,2492.0,0,G0
G0_0734,2991.4,0,G0
G0_0735,3033.6,0,G0
G0_0736,2865.1,0,G0
G0_0737,2738.6,0,G0
G0_0738,2679.1,0,G0
G0_0739,3166.4,0,G0
G0_0740,2577.7,0,G0
G0_0741,2907.7,0,G0
G0_0742,2763.7,0,G0
G0_0743,2512.2,0,G0
G0_0744,2603.6,0,G0
G0_0745,2976.9,0,G0
G0_0746,3130.1,0,G0
G0_0747,2641.3,0,G0
G0_0748,3129.4,0,G0
G0_0749,2749.6,0,G0
G0_0750,2365.4,0,G0
G0_0751,2937.8,0,G0
G0_0752,2776.5,0,G0
G0_0753,2931.4,0,G0
G0_0754,2751.0,0,G0
G0_0755,2992.1,0,G0
G0_0756,2941.8,0,G0
G0_0757,3025.8,0,G0
G0_0758,2910.2,0,G0
G0_0759,2684.5,0,G0
G0_0760,2618.3,0,G0
G0_0761,2954.8,0,G0
G0_0762,3319.8,0,G0
G0_0763,3041.7,0,G0
G0_0764,2826.8,0,G0
G0_0765,2716.0,0,G0
G0_0766,2667.3,0,G0
G0_0767,2726.8,0,G0
G0_0768,3130.0,0,G0
G0_0769,3080.5,0,G0
G0_0770,2595.7,0,G0
G0_0771,3420.8,0,G0
G0_0772,2842.9,0,G0
G0_0773,2949.2,0,G0
G0_0774,2385.5,0,G0
G0_0775,2699.5,0,G0
G0_0776,3034.0,0,G0
G0_0777,2514.6,0,G0
G0_0778,2670.1,0,G0
G0_0779,2591.7,0,G0
G0_0780,3260.1,0,G0
G0_0781,2784.3,0,G0
G0_0782,2548.4,0,G0
G0_0783,2675.6,0,G0
G0_0784,2476.2,0,G0
G0_0785,2557.1,0,G0
G0_0786,2438.0,0,G0
G0_0787,2651.9,0,G0
G0_0788,2816.1,0,G0
G0_0789,2647.8,0,G0
G0_0790,2479.7,0,G0
G0_0791,3061.2,0,G0
G0_0792,2831.0,0,G0
G0_0793,2649.5,0,G0
G0_0794,2942.7,0,G0
G0_0795,2730.5,0,G0
G0_0796,2616.8,0,G0
G0_0797,2516.4,0,G0
G0_0798,3170.7,0,G0
G0_0799,2659.8,0,G0
G0_0800,2870.0,0,G0
G0_0801,2754.3,0,G0
G0_0802,2465.1,0,G0
G0_0803,2777.8,0,G0
G0_0804,2898.7,0,G0
G0_0805,2515.4,0,G0
G0_0806,3128.6,0,G0
G0_0807,2814.8,0,G0
G0_0808,2960.2,0,G0
G0_0809,3182.2,0,G0
G0_0810,2952.7,0,G0
G0_0811,3195.5,0,G0
G0_0812,2681.1,0,G0
G0_0813,2911.7,0,G0
G0_0814,2995.8,0,G0
G0_0815,2189.2,0,G0
G0_0816,2531.8,0,G0
G0_0817,3024.3,0,G0
G0_0818,2829.3,0,G0
G0_0819,3024.4,0,G0
G0_0820,2640.0,0,G0
G0_0821,2426.8,0,G0
G0_0822,2794.7,0,G0
G0_0823,2584.0,0,G0
G0_0824,3033.1,0,G0
G0_0825,2899.7,0,G0
G0_0826,2953.9,0,G0
G0_0827,2961.0,0,G0
G0_0828,2961.3,0,G0
G0_0829,2703.2,0,G0
G0_0830,2641.8,0,G0
G0_0831,2424.7,0,G0
G0_0832,3074.3,0,G0
G0_0833,2941.7,0,G0
G0_0834,3133.4,0,G0
G0_0835,2842.9,0,G0
G0_0836,2534.7,0,G0
G0_0837,2607.9,0,G0
G0_0838,2954.0,0,G0
G0_0839,3374.2,0,G0
G0_0840,3275.2,0,G0
G0_0841,3064.5,0,G0
G0_0842,2811.2,0,G0
G0_0843,2790.1,0,G0
G0_0844,2798.6,0,G0
G0_0845,2902.2,0,G0
G0_0846,2655.6,0,G0
G0_0847,2694.6,0,G0
G0_0848,3135.8,0,G0
G0_0849,3053.0,0,G0
G0_0850,2500.7,0,G0
G0_0851,2388.8,0,G0
G0_0852,2597.7,0,G0
G0_0853,2683.5,0,G0
G0_0854,3015.0,0,G0
G0_0855,2805.8,0,G0
G0_0856,2554.6,0,G0
G0_0857,2703.7,0,G0
G0_0858,2839.1,0,G0
G0_0859,2803.1,0,G0
G0_0860,2734.4,0,G0
G0_0861,2886.7,0,G0
G0_0862,2568.9,0,G0
G0_0863,2709.7,0,G0
G0_0864,3006.4,0,G0
G0_0865,2821.7,0,G0
G0_0866,2965.6,0,G0
G0_0867,3168.4,0,G0
G0_0868,2490.6,0,G0
G0_0869,2445.4,0,G0
G0_0870,2889.3,0,G0
G0_0871,2953.0,0,G0
G0_0872,2742.1,0,G0
G0_0873,2502.9,0,G0
G0_0874,2883.8,0,G0
G0_0875,2654.7,0,G0
G0_0876,2616.1,0,G0
G0_0877,2817.5,0,G0
G0_0878,2998.9,0,G0
G0_0879,2542.2,0,G0
G0_0880,2614.0,0,G0
G0_0881,2680.9,0,G0
G0_0882,2607.4,0,G0
G0_0883,3177.9,0,G0
G0_0884,2986.2,0,G0
G0_0885,2602.1,0,G0
G0_0886,3012.6,0,G0
G0_0887,2714.0,0,G0
G0_0888,2768.4,0,G0
G0_0889,2429.1,0,G0
G0_0890,3185.1,0,G0
G0_0891,2395.9,0,G0
G0_0892,2835.4,0,G0
G0_0893,2884.5,0,G0
G0_0894,3103.8,0,G0
G0_0895,2711.1,0,G0
G0_0896,2938.4,0,G0
G0_0897,3061.0,0,G0
G0_0898,2342.0,0,G0
G0_0899,2683.0,0,G0
G0_0900,3028.1,0,G0
G0_0901,2901.5,0,G0
G0_0902,2987.7,0,G0
G0_0903,2559.8,0,G0
G0_0904,2905.5,0,G0
G0_0905,2944.3,0,G0
G0_0906,3110.6,0,G0
G0_0907,2590.6,0,G0
G0_0908,2279.5,0,G0
G0_0909,2692.7,0,G0
G0_0910,2736.9,0,G0
G0_0911,2738.6,0,G0
G0_0912,2952.6,0,G0
G0_0913,2584.9,0,G0
G0_0914,2950.2,0,G0
G0_0915,2693.6,0,G0
G0_0916,2694.0,0,G0
G0_0917,2702.0,0,G0
G0_0918,2713.0,0,G0
G0_0919,2641.4,0,G0
G0_0920,3006.2,0,G0
G0_0921,2337.6,0,G0
G0_0922,2190.7,0,G0
G0_0923,2469.8,0,G0
G0_0924,2697.2,0,G0
G0_0925,3042.4,0,G0
G0_0926,2718.9,0,G0
G0_0927,2826.5,0,G0
G0_0928,2947.1,0,G0
G0_0929,3046.0,0,G0
G0_0930,2383.5,0,G0
G0_0931,2564.9,0,G0
G0_0932,3001.3,0,G0
G0_0933,2750.5,0,G0
G0_0934,2753.8,0,G0
G0_0935,2931.1,0,G0
G0_0936,2864.7,0,G0
G0_0937,2872.1,0,G0
G0_0938,2869.1,0,G0
G0_0939,2411.8,0,G0
G0_0940,2818.7,0,G0
G0_0941,2448.6,0,G0
G0_0942,2430.4,0,G0
G0_0943,2633.8,0,G0
G0_0944,2683.0,0,G0
G0_0945,2325.9,0,G0
G0_0946,3032.2,0,G0
G0_0947,2722.1,0,G0
G0_0948,3335.3,0,G0
G0_0949,2746.7,0,G0
G0_0950,3176.9,0,G0
G0_0951,2526.4,0,G0
G0_0952,2444.9,0,G0
G0_0953,2815.6,0,G0
G0_0954,3146.2,0,G0
G0_0955,2835.4,0,G0
G0_0956,2899.8,0,G0
G0_0957,2473.6,0,G0
G0_0958,2539.0,0,G0
G0_0959,2887.4,0,G0
G0_0960,3176.0,0,G0
G0_0961,2543.0,0,G0
G0_0962,2731.8,0,G0
G0_0963,2894.1,0,G0
G0_0964,2659.4,0,G0
G0_0965,2991.2,0,G0
G0_0966,2614.6,0,G0
G0_0967,2477.0,0,G0
G0_0968,2986.1,0,G0
G0_0969,2954.3,0,G0
G0_0970,2851.9,0,G0
G0_0971,2491.0,0,G0
G0_0972,2931.6,0,G0
G0_0973,3010.1,0,G0
G0_0974,2602.2,0,G0
G0_0975,2685.3,0,G0
G0_0976,2887.4,0,G0
G0_0977,2785.7,0,G0
G0_0978,2832.1,0,G0
G0_0979,3058.5,0,G0
G0_0980,3261.4,0,G0
G0_0981,2651.3,0,G0
G0_0982,3005.7,0,G0
G0_0983,2649.6,0,G0
G0_0984,2974.1,0,G0
G0_0985,2683.5,0,G0
G0_0986,2751.7,0,G0
G0_0987,3224.1,0,G0
G0_0988,3006.5,0,G0
G0_0989,3055.2,0,G0
G0_0990,3223.9,0,G0
G0_0991,2544.1,0,G0
G0_0992,2185.0,0,G0
G0_0993,3053.8,0,G0
G0_0994,2537.3,0,G0
G0_0995,3048.8,0,G0
G0_0996,3041.3,0,G0
G0_0997,2685.2,0,G0
G0_0998,2565.0,0,G0
G0_0999,3072.3,0,G0
G0_1000,3268.5,0,G0
G0_1001,2674.3,0,G0
G0_1002,2460.9,0,G0
G0_1003,2592.7,0,G0
G0_1004,2768.0,0,G0
G0_1005,2836.6,0,G0
G0_1006,2673.0,0,G0
G0_1007,2716.1,0,G0
G0_1008,3019.0,0,G0
G0_1009,2364.8,0,G0
G0_1010,2376.7,0,G0
G0_1011,2527.5,0,G0
G0_1012,2645.9,0,G0
G0_1013,2816.4,0,G0
G0_1014,3361.7,0,G0
G0_1015,2886.4,0,G0
G0_1016,2983.2,0,G0
G0_1017,2712.5,0,G0
G0_1018,3026.6,0,G0
G0_1019,3198.9,0,G0
G0_1020,2890.9,0,G0
G0_1021,2636.1,0,G0
G0_1022,2993.6,0,G0
G0_1023,2528.5,0,G0
G0_1024,2765.2,0,G0
G0_1025,3052.7,0,G0
G0_1026,2743.6,0,G0
G0_1027,2644.5,0,G0
G0_1028,2432.1,0,G0
G0_1029,2613.8,0,G0
G0_1030,3000.3,0,G0
G0_1031,2566.5,0,G0
G0_1032,3195.9,0,G0
G0_1033,2564.6,0,G0
G0_1034,2835.8,0,G0
G0_1035,2321.9,0,G0
G0_1036,2888.1,0,G0
G0_1037,2231.8,0,G0
G0_1038,2547.3,0,G0
G0_1039,2986.2,0,G0
G0_1040,2787.2,0,G0
G0_1041,2700.4,0,G0
G0_1042,2932.8,0,G0
G0_1043,2577.4,0,G0
G0_1044,3247.4,0,G0
G0_1045,3143.3,0,G0
G0_1046,2855.9,0,G0
G0_1047,2826.3,0,G0
G0_1048,2879.4,0,G0
G0_1049,2434.1,0,G0
G0_1050,2841.5,0,G0
G0_1051,3053.1,0,G0
G0_1052,2966.4,0,G0
G0_1053,2639.0,0,G0
G0_1054,2707.9,0,G0
G0_1055,2846.2,0,G0
G0_1056,2492.7,0,G0
G0_1057,2823.3,0,G0
G0_1058,2814.8,0,G0
G0_1059,2768.8,0,G0
G0_1060,3054.6,0,G0
G0_1061,3015.6,0,G0
G0_1062,2305.5,0,G0
G0_1063,2936.0,0,G0
G0_1064,2856.1,0,G0
G0_1065,2702.9,0,G0
G0_1066,2691.7,0,G0
G0_1067,2594.6,0,G0
G0_1068,2586.3,0,G0
G0_1069,2970.6,0,G0
G0_1070,3220.2,0,G0
G0_1071,3272.1,0,G0
G0_1072,2422.7,0,G0
G0_1073,2967.3,0,G0
G0_1074,2617.3,0,G0
G0_1075,3054.6,0,G0
G0_1076,2890.8,0,G0
G0_1077,3095.5,0,G0
G0_1078,2793.4,0,G0
G0_1079,2419.3,0,G0
G0_1080,2946.7,0,G0
G0_1081,2957.4,0,G0
G0_1082,3105.3,0,G0
G0_1083,2571.1,0,G0
G0_1084,2566.0,0,G0
G0_1085,3141.4,0,G0
G0_1086,2938.7,0,G0
G0_1087,2764.2,0,G0
G0_1088,3239.7,0,G0
G0_1089,2439.1,0,G0
G0_1090,2826.1,0,G0
G0_1091,2820.0,0,G0
G0_1092,2745.5,0,G0
G0_1093,2647.6,0,G0
G0_1094,2825.5,0,G0
G0_1095,2906.5,0,G0
G0_1096,2935.0,0,G0
G0_1097,2740.7,0,G0
G0_1098,2900.8,0,G0
G0_1099,2797.3,0,G0
G0_1100,2519.8,0,G0
G0_1101,2777.5,0,G0
G0_1102,3100.1,0,G0
G0_1103,2859.9,0,G0
G0_1104,2314.0,0,G0
G0_1105,2765.6,0,G0
G0_1106,2818.9,0,G0
G0_1107,2758.6,0,G0
G0_1108,2870.9,0,G0
G0_1109,3097.3,0,G0
G0_1110,3032.4,0,G0
G0_1111,2808.0,0,G0
G0_1112,2591.6,0,G0
G0_1113,2663.2,0,G0
G0_1114,2711.7,0,G0
G0_1115,2647.9,0,G0
G0_1116,3100.9,0,G0
G0_1117,2671.9,0,G0
G0_1118,2860.0,0,G0
G0_1119,2723.8,0,G0
G0_1120,3206.5,0,G0
G0_1121,2798.9,0,G0
G0_1122,2686.6,0,G0
G0_1123,2962.6,0,G0
G0_1124,2919.2,0,G0
G0_1125,2546.4,0,G0
G0_1126,2899.3,0,G0
G0_1127,2741.1,0,G0
G0_1128,2630.2,0,G0
G0_1129,2751.5,0,G0
G0_1130,3240.4,0,G0
G0_1131,3011.6,0,G0
G0_1132,3064.7,0,G0
G0_1133,2723.5,0,G0
G0_1134,2589.9,0,G0
G0_1135,2741.0,0,G0
G0_1136,2917.1,0,G0
G0_1137,2758.6,0,G0
G0_1138,2739.2,0,G0
G0_1139,2785.7,0,G0
G0_1140,2946.3,0,G0
G0_1141,3034.8,0,G0
G0_1142,2604.9,0,G0
G0_1143,2358.7,0,G0
G0_1144,2673.3,0,G0
G0_1145,2963.2,0,G0
G0_1146,3033.7,0,G0
G0_1147,2849.8,0,G0
G0_1148,2887.0,0,G0
G0_1149,2564.0,0,G0
G0_1150,2987.6,0,G0
G0_1151,2765.6,0,G0
G0_1152,2892.1,0,G0
G0_1153,2802.9,0,G0
G0_1154,2652.7,0,G0
G0_1155,3015.8,0,G0
G0_1156,3161.1,0,G0
G0_1157,2929.9,0,G0
G0_1158,2996.7,0,G0
G0_1159,2885.6,0,G0
G0_1160,2531.0,0,G0
G0_1161,2746.2,0,G0
G0_1162,2426.4,0,G0
G0_1163,2713.9,0,G0
G0_1164,2620.7,0,G0
G0_1165,2752.4,0,G0
G0_1166,2723.1,0,G0
G0_1167,2880.8,0,G0
G0_1168,2656.8,0,G0
G0_1169,2987.1,0,G0
G0_1170,2626.2,0,G0
G0_1171,2725.9,0,G0
G0_1172,2830.7,0,G0
G0_1173,2740.5,0,G0
G0_1174,2835.5,0,G0
G0_1175,2996.7,0,G0
G0_1176,2792.1,0,G0
G0_1177,2865.9,0,G0
G0_1178,2873.8,0,G0
G0_1179,2341.6,0,G0
G0_1180,2996.5,0,G0
G0_1181,3086.9,0,G0
G0_1182,3268.4,0,G0
G0_1183,3084.3,0,G0
G0_1184,2497.2,0,G0
G0_1185,2744.7,0,G0
G0_1186,2634.9,0,G0
G0_1187,2581.1,0,G0
G0_1188,2278.9,0,G0
G0_1189,2773.3,0,G0
G0_1190,3010.3,0,G0
G0_1191,2877.4,0,G0
G0_1192,2667.6,0,G0
G0_1193,2965.9,0,G0
G0_1194,2232.2,0,G0
G0_1195,2885.3,0,G0
G0_1196,2863.9,0,G0
G0_1197,2863.5,0,G0
G0_1198,3070.4,0,G0
G0_1199,2526.5,0,G0
G0_1200,2787.6,0,G0
G0_1201,2552.3,0,G0
G0_1202,2770.4,0,G0
G0_1203,2762.7,0,G0
G0_1204,2800.1,0,G0
G0_1205,2888.8,0,G0
G0_1206,2952.2,0,G0
G0_1207,2958.9,0,G0
G0_1208,2745.5,0,G0
G0_1209,2981.4,0,G0
G0_1210,2832.9,0,G0
G0_1211,2443.3,0,G0
G0_1212,2729.0,0,G0
G0_1213,2957.4,0,G0
G0_1214,2890.7,0,G0
G0_1215,2786.1,0,G0
G0_1216,3084.8,0,G0
G0_1217,2961.5,0,G0
G0_1218,2767.5,0,G0
G0_1219,2921.5,0,G0
G0_1220,2790.2,0,G0
G0_1221,3015.4,0,G0
G0_1222,2348.0,0,G0
G0_1223,3310.8,0,G0
G0_1224,2723.7,0,G0
G0_1225,2779.8,0,G0
G0_1226,2973.9,0,G0
G0_1227,2544.1,0,G0
G0_1228,3143.5,0,G0
G0_1229,2383.6,0,G0
G0_1230,2754.9,0,G0
G0_1231,3093.5,0,G0
G0_1232,3225.5,0,G0
G0_1233,3070.9,0,G0
G0_1234,2571.4,0,G0
G0_1235,2707.4,0,G0
G0_1236,2716.5,0,G0
G0_1237,2876.5,0,G0
G0_1238,2911.2,0,G0
G0_1239,3338.8,0,G0
G0_1240,2693.0,0,G0
G0_1241,2807.2,0,G0
G0_1242,2641.3,0,G0
G0_1243,2846.0,0,G0
G0_1244,2606.3,0,G0
G0_1245,2852.1,0,G0
G0_1246,2604.1,0,G0
G0_1247,2817.4,0,G0
G0_1248,2817.0,0,G0
G0_1249,2647.3,0,G0
G0_1250,2868.3,0,G0
G0_1251,2467.5,0,G0
G0_1252,2862.5,0,G0
G0_1253,2984.7,0,G0
G0_1254,2397.5,0,G0
G0_1255,2538.2,0,G0
G0_1256,2763.1,0,G0
G0_1257,2686.2,0,G0
G0_1258,2775.6,0,G0
G0_1259,2830.5,0,G0
G0_1260,2980.9,0,G0
G0_1261,2738.3,0,G0
G0_1262,3066.5,0,G0
G0_1263,2941.5,0,G0
G0_1264,2769.9,0,G0
G0_1265,2701.2,0,G0
G0_1266,2923.2,0,G0
G0_1267,2588.5,0,G0
G0_1268,2656.4,0,G0
G0_1269,3161.4,0,G0
G0_1270,2607.7,0,G0
G0_1271,2971.0,0,G0
G0_1272,2893.4,0,G0
G0_1273,2965.3,0,G0
G0_1274,3070.4,0,G0
G0_1275,2728.8,0,G0
G0_1276,3181.9,0,G0
G0_1277,3224.3,0,G0
G0_1278,2346.3,0,G0
G0_1279,2736.2,0,G0
G0_1280,2742.7,0,G0
G0_1281,2745.8,0,G0
G0_1282,2618.9,0,G0
G0_1283,2627.9,0,G0
G0_1284,2610.6,0,G0
G0_1285,2969.8,0,G0
G0_1286,2598.5,0,G0
G0_1287,2850.6,0,G0
G0_1288,2642.0,0,G0
G0_1289,3068.1,0,G0
G0_1290,2942.9,0,G0
G0_1291,3097.9,0,G0
G0_1292,2761.0,0,G0
G0_1293,2841.1,0,G0
G0_1294,3188.4,0,G0
G0_1295,2730.8,0,G0
G0_1296,2858.3,0,G0
G0_1297,2804.8,0,G0
G0_1298,2884.1,0,G0
G0_1299,3117.2,0,G0
G0_1300,2726.4,0,G0
G0_1301,2724.6,0,G0
G0_1302,2594.2,0,G0
G0_1303,2852.7,0,G0
G0_1304,2587.3,0,G0
G0_1305,2827.9,0,G0
G0_1306,2834.2,0,G0
G0_1307,2550.8,0,G0
G0_1308,3039.6,0,G0
G0_1309,2951.4,0,G0
G0_1310,2923.4,0,G0
G0_1311,2224.0,0,G0
G0_1312,3367.3,0,G0
G0_1313,2609.3,0,G0
G0_1314,3532.7,0,G0
G0_1315,3101.6,0,G0
G0_1316,3069.5,0,G0
G0_1317,2133.4,0,G0
G0_1318,3184.1,0,G0
G0_1319,2938.7,0,G0
G0_1320,2633.5,0,G0
G0_1321,2938.7,0,G0
G0_1322,2677.1,0,G0
G0_1323,2945.7,0,G0
G0_1324,2953.7,0,G0
G0_1325,2859.7,0,G0
G0_1326,2499.0,0,G0
G0_1327,3172.4,0,G0
G0_1328,2597.2,0,G0
G0_1329,2033.7,0,G0
G0_1330,2668.7,0,G0
G0_1331,2489.9,0,G0
G0_1332,2464.3,0,G0
G0_1333,3295.0,0,G0
G0_1334,2903.0,0,G0
G0_1335,2930.1,0,G0
G0_1336,3192.0,0,G0
G0_1337,2778.3,0,G0
G0_1338,2764.4,0,G0
G0_1339,2404.3,0,G0
G0_1340,2630.6,0,G0
G0_1341,2815.5,0,G0
G0_1342,2811.1,0,G0
G0_1343,2551.3,0,G0
G0_1344,2775.4,0,G0
G0_1345,2811.1,0,G0
G0_1346,2533.7,0,G0
G0_1347,3049.9,0,G0
G0_1348,2971.6,0,G0
G0_1349,2664.6,0,G0
G0_1350,2482.7,0,G0
G0_1351,2540.2,0,G0
G0_1352,2460.4,0,G0
G0_1353,3271.5,0,G0
G0_1354,2773.8,0,G0
G0_1355,2843.5,0,G0
G0_1356,3294.9,0,G0
G0_1357,3147.4,0,G0
G0_1358,2723.8,0,G0
G0_1359,2424.2,0,G0
G0_1360,2732.8,0,G0
G0_1361,2488.4,0,G0
G0_1362,2481.0,0,G0
G0_1363,2792.8,0,G0
G0_1364,2858.0,0,G0
G0_1365,3114.7,0,G0
G0_1366,2777.5,0,G0
G0_1367,2391.5,0,G0
G0_1368,2598.1,0,G0
G0_1369,2598.2,0,G0
G0_1370,3239.9,0,G0
G0_1371,2598.0,0,G0
G0_1372,3135.8,0,G0
G0_1373,2807.3,0,G0
G0_1374,2845.6,0,G0
G0_1375,3058.8,0,G0
G0_1376,3081.3,0,G0
G0_1377,3030.6,0,G0
G0_1378,2983.4,0,G0
G0_1379,2120.8,0,G0
G0_1380,2589.0,0,G0
G0_1381,2443.0,0,G0
G0_1382,2753.0,0,G0
G0_1383,2333.3,0,G0
G0_1384,2238.1,0,G0
G0_1385,2703.6,0,G0
G0_1386,2734.5,0,G0
G0_1387,3088.0,0,G0
G0_1388,2872.3,0,G0
G0_1389,2817.3,0,G0
G0_1390,2732.6,0,G0
G0_1391,3024.9,0,G0
G0_1392,2835.3,0,G0
G0_1393,3321.3,0,G0
G0_1394,2626.0,0,G0
G0_1395,2964.6,0,G0
G0_1396,2740.2,0,G0
G0_1397,2691.6,0,G0
G0_1398,2767.0,0,G0
G0_1399,3064.4,0,G0
G0_1400,2907.0,0,G0
G0_1401,2731.2,0,G0
G0_1402,2913.1,0,G0
G0_1403,2985.4,0,G0
G0_1404,2469.3,0,G0
G0_1405,2441.5,0,G0
G0_1406,2962.3,0,G0
G0_1407,2440.5,0,G0
G0_1408,2673.1,0,G0
G0_1409,2063.0,0,G0
G0_1410,2710.9,0,G0
G0_1411,2908.8,0,G0
G0_1412,2678.8,0,G0
G0_1413,2998.4,0,G0
G0_1414,3005.2,0,G0
G0_1415,2694.9,0,G0
G0_1416,2785.0,0,G0
G0_1417,3378.7,0,G0
G0_1418,2563.0,0,G0
G0_1419,2780.1,0,G0
G0_1420,3154.1,0,G0
G0_1421,2844.1,0,G0
G0_1422,2418.5,0,G0
G0_1423,2735.5,0,G0
G0_1424,2751.3,0,G0
G0_1425,2695.8,0,G0
G0_1426,2709.0,0,G0
G0_1427,2880.0,0,G0
G0_1428,2981.6,0,G0
G0_1429,3100.2,0,G0
G0_1430,2692.2,0,G0
G0_1431,2805.6,0,G0
G0_1432,2874.4,0,G0
G0_1433,3041.7,0,G0
G0_1434,2543.4,0,G0
G0_1435,2911.2,0,G0
G0_1436,3087.9,0,G0
G0_1437,2601.3,0,G0
G0_1438,3034.1,0,G0
G0_1439,2936.2,0,G0
G0_1440,2681.0,0,G0
G0_1441,2775.7,0,G0
G0_1442,3188.3,0,G0
G0_1443,2637.2,0,G0
G0_1444,2393.9,0,G0
G0_1445,2509.1,0,G0
G0_1446,3051.2,0,G0
G0_1447,3058.6,0,G0
G0_1448,2901.2,0,G0
G0_1449,3083.2,0,G0
G0_1450,2369.6,0,G0
G0_1451,2750.6,0,G0
G0_1452,2840.9,0,G0
G0_1453,2768.1,0,G0
G0_1454,2892.9,0,G0
G0_1455,2961.8,0,G0
G0_1456,2923.3,0,G0
G0_1457,3452.6,0,G0
G0_1458,3006.1,0,G0
G0_1459,3153.1,0,G0
G0_1460,2912.3,0,G0
G0_1461,2514.1,0,G0
G0_1462,2600.7,0,G0
G0_1463,3021.3,0,G0
G0_1464,2846.8,0,G0
G0_1465,2798.6,0,G0
G0_1466,2435.8,0,G0
G0_1467,2526.9,0,G0
G0_1468,2516.1,0,G0
G0_1469,2784.5,0,G0
G0_1470,3131.2,0,G0
G0_1471,2063.5,0,G0
G0_1472,2884.4,0,G0
G0_1473,2674.5,0,G0
G0_1474,2846.7,0,G0
G0_1475,2504.1,0,G0
G0_1476,2585.9,0,G0
G0_1477,3003.6,0,G0
G0_1478,2493.4,0,G0
G0_1479,2601.9,0,G0
G0_1480,3046.5,0,G0
G0_1481,2638.1,0,G0
G0_1482,2665.6,0,G0
G0_1483,2668.7,0,G0
G0_1484,2595.8,0,G0
G0_1485,2431.4,0,G0
G0_1486,2871.7,0,G0
G0_1487,2902.3,0,G0
G0_1488,2283.0,0,G0
G0_1489,2726.0,0,G0
G0_1490,2233.9,0,G0
G0_1491,2993.1,0,G0
G0_1492,2825.9,0,G0
G0_1493,3105.0,0,G0
G0_1494,2804.9,0,G0
G0_1495,2775.0,0,G0
G0_1496,2253.2,0,G0
G0_1497,2708.9,0,G0
G0_1498,2866.5,0,G0
G0_1499,3220.5,0,G0
G0_1500,3053.1,0,G0
G0_1501,3353.3,0,G0
G0_1502,3020.0,0,G0
G0_1503,3026.9,0,G0
G0_1504,3360.3,0,G0
G0_1505,2950.6,0,G0
G0_1506,2655.1,0,G0
G0_1507,2660.3,0,G0
G0_1508,3018.4,0,G0
G0_1509,2610.5,0,G0
G0_1510,2951.6,0,G0
G0_1511,2519.2,0,G0
G0_1512,3081.3,0,G0
G0_1513,2640.6,0,G0
G0_1514,2826.9,0,G0
G0_1515,3003.4,0,G0
G0_1516,2757.0,0,G0
G0_1517,2877.1,0,G0
G0_1518,2892.3,0,G0
G0_1519,2638.0,0,G0
G0_1520,2866.5,0,G0
G0_1521,2687.0,0,G0
G0_1522,2569.9,0,G0
G0_1523,3052.6,0,G0
G0_1524,2703.4,0,G0
G0_1525,2797.8,0,G0
G0_1526,2914.5,0,G0
G0_1527,2700.6,0,G0
G0_1528,2625.8,0,G0
G0_1529,2712.0,0,G0
G0_1530,2652.4,0,G0
G0_1531,3058.4,0,G0
G0_1532,3010.5,0,G0
G0_1533,2760.3,0,G0
G0_1534,2878.3,0,G0
G0_1535,3015.9,0,G0
G0_1536,2653.9,0,G0
G0_1537,2934.3,0,G0
G0_1538,2886.7,0,G0
G0_1539,3014.5,0,G0
G0_1540,3003.7,0,G0
G0_1541,2614.6,0,G0
G0_1542,2962.2,0,G0
G0_1543,3105.4,0,G0
G0_1544,2789.4,0,G0
G0_1545,2919.4,0,G0
G0_1546,2954.4,0,G0
G0_1547,2594.4,0,G0
G0_1548,2613.2,0,G0
G0_1549,2883.8,0,G0
G0_1550,2629.0,0,G0
G0_1551,2674.7,0,G0
G0_1552,2821.1,0,G0
G0_1553,2719.3,0,G0
G0_1554,3019.0,0,G0
G0_1555,2496.9,0,G0
G0_1556,3051.8,0,G0
G0_1557,2609.5,0,G0
G0_1558,2551.8,0,G0
G0_1559,2706.0,0,G0
G0_1560,2661.7,0,G0
G0_1561,3372.9,0,G0
G0_1562,2399.2,0,G0
G0_1563,2935.9,0,G0
G0_1564,2391.5,0,G0
G0_1565,2687.3,0,G0
G0_1566,2777.8,0,G0
G0_1567,2672.2,0,G0
G0_1568,2833.3,0,G0
G0_1569,2642.6,0,G0
G0_1570,3053.7,0,G0
G0_1571,3174.5,0,G0
G0_1572,2652.9,0,G0
G0_1573,2636.4,0,G0
G0_1574,2964.7,0,G0
G0_1575,2555.5,0,G0
G0_1576,2709.9,0,G0
G0_1577,2882.6,0,G0
G0_1578,2878.4,0,G0
G0_1579,3139.5,0,G0
G0_1580,2943.4,0,G0
G0_1581,2959.3,0,G0
G0_1582,2871.4,0,G0
G0_1583,2502.8,0,G0
G0_1584,3026.0,0,G0
G0_1585,2704.5,0,G0
G0_1586,2733.1,0,G0
G0_1587,2898.5,0,G0
G0_1588,2357.8,0,G0
G0_1589,2821.9,0,G0
G0_1590,2414.7,0,G0
G0_1591,2514.6,0,G0
G0_1592,2641.7,0,G0
G0_1593,2818.1,0,G0
G0_1594,3007.1,0,G0
G0_1595,2808.1,0,G0
G0_1596,2579.7,0,G0
G0_1597,2928.5,0,G0
G0_1598,2790.5,0,G0
G0_1599,2860.2,0,G0
G0_1600,2992.5,0,G0
G0_1601,3107.2,0,G0
G0_1602,2575.1,0,G0
G0_1603,3173.7,0,G0
G0_1604,2681.9,0,G0
G0_1605,3253.8,0,G0
G0_1606,2746.5,0,G0
G0_1607,2973.9,0,G0
G0_1608,3129.8,0,G0
G0_1609,2864.4,0,G0
G0_1610,2533.9,0,G0
G0_1611,2985.7,0,G0
G0_1612,2471.7,0,G0
G0_1613,2381.0,0,G0
G0_1614,3099.1,0,G0
G0_1615,2828.6,0,G0
G0_1616,2495.6,0,G0
G0_1617,2717.2,0,G0
G0_1618,2686.6,0,G0
G0_1619,2371.3,0,G0
G0_1620,2693.7,0,G0
G0_1621,2829.7,0,G0
G0_1622,2739.8,0,G0
G0_1623,2690.9,0,G0
G0_1624,2548.9,0,G0
G0_1625,2496.2,0,G0
G0_1626,2982.9,0,G0
G0_1627,2867.1,0,G0
G0_1628,2741.3,0,G0
G0_1629,2847.7,0,G0
G0_1630,2840.7,0,G0
G0_1631,2561.1,0,G0
G0_1632,3316.9,0,G0
G0_1633,3052.2,0,G0
G0_1634,3081.4,0,G0
G0_1635,2543.9,0,G0
G0_1636,3069.5,0,G0
G0_1637,2787.6,0,G0
G0_1638,2827.9,0,G0
G0_1639,2993.1,0,G0
G0_1640,2690.0,0,G0
G0_1641,2729.9,0,G0
G0_1642,2775.1,0,G0
G0_1643,2891.4,0,G0
G0_1644,3028.8,0,G0
G0_1645,2888.1,0,G0
G0_1646,2667.0,0,G0
G0_1647,2857.3,0,G0
G0_1648,2803.5,0,G0
G0_1649,2719.8,0,G0
G0_1650,2905.8,0,G0
G0_1651,3406.7,0,G0
G0_1652,2795.0,0,G0
G0_1653,2830.7,0,G0
G0_1654,2942.9,0,G0
G0_1655,2763.5,0,G0
G0_1656,2913.1,0,G0
G0_1657,2683.6,0,G0
G0_1658,3057.2,0,G0
G0_1659,2362.1,0,G0
G0_1660,2614.1,0,G0
G0_1661,2981.9,0,G0
G0_1662,2856.9,0,G0
G0_1663,3094.4,0,G0
G0_1664,2708.4,0,G0
G0_1665,2721.5,0,G0
G0_1666,3140.7,0,G0
G0_1667,2624.6,0,G0
G0_1668,3422.7,0,G0
G0_1669,3109.0,0,G0
G0_1670,2801.5,0,G0
G0_1671,3333.9,0,G0
G0_1672,2713.5,0,G0
G0_1673,3049.1,0,G0
G0_1674,2752.3,0,G0
G0_1675,3117.3,0,G0
G0_1676,2845.4,0,G0
G0_1677,2597.6,0,G0
G0_1678,2709.6,0,G0
G0_1679,2835.6,0,G0
G0_1680,2772.8,0,G0
G0_1681,3328.3,0,G0
G0_1682,2878.2,0,G0
G0_1683,3345.8,0,G0
G0_1684,3050.2,0,G0
G0_1685,2203.5,0,G0
G0_1686,2828.2,0,G0
G0_1687,2675.2,0,G0
G0_1688,2441.7,0,G0
G0_1689,2258.5,0,G0
G0_1690,2700.4,0,G0
G0_1691,3090.1,0,G0
G0_1692,2700.5,0,G0
G0_1693,2942.1,0,G0
G0_1694,2799.3,0,G0
G0_1695,2939.9,0,G0
G0_1696,2718.9,0,G0
G0_1697,2805.6,0,G0
G0_1698,3346.6,0,G0
G0_1699,3039.8,0,G0
G0_1700,2854.6,0,G0
G0_1701,2802.2,0,G0
G0_1702,2590.2,0,G0
G0_1703,2731.7,0,G0
G0_1704,2837.4,0,G0
G0_1705,2669.0,0,G0
G0_1706,3133.9,0,G0
G0_1707,2917.8,0,G0
G0_1708,3292.8,0,G0
G0_1709,2856.3,0,G0
G0_1710,2958.1,0,G0
G0_1711,2490.0,0,G0
G0_1712,2794.2,0,G0
G0_1713,3059.2,0,G0
G0_1714,2915.4,0,G0
G0_1715,2831.6,0,G0
G0_1716,2847.4,0,G0
G0_1717,2328.5,0,G0
G0_1718,3207.1,0,G0
G0_1719,2660.4,0,G0
G0_1720,3153.7,0,G0
G0_1721,2691.2,0,G0
G0_1722,2852.3,0,G0
G0_1723,2408.1,0,G0
G0_1724,2345.4,0,G0
G0_1725,2526.1,0,G0
G0_1726,2592.3,0,G0
G0_1727,3160.1,0,G0
G0_1728,3290.4,0,G0
G0_1729,2575.0,0,G0
G0_1730,2595.7,0,G0
G0_1731,3109.1,0,G0
G0_1732,2760.7,0,G0
G0_1733,2863.4,0,G0
G0_1734,2661.8,0,G0
G0_1735,3014.3,0,G0
G0_1736,2778.6,0,G0
G0_1737,3277.9,0,G0
G0_1738,2944.0,0,G0
G0_1739,3038.8,0,G0
G0_1740,2706.7,0,G0
G0_1741,2863.4,0,G0
G0_1742,2908.7,0,G0
G0_1743,2812.6,0,G0
G0_1744,3293.6,0,G0
G0_1745,2595.3,0,G0
G0_1746,2593.4,0,G0
G0_1747,2670.7,0,G0
G0_1748,2563.3,0,G0
G0_1749,2866.3,0,G0
G0_1750,2343.8,0,G0
G0_1751,2627.2,0,G0
G0_1752,2305.7,0,G0
G0_1753,2462.9,0,G0
G0_1754,2988.2,0,G0
G0_1755,2940.3,0,G0
G0_1756,2269.1,0,G0
G0_1757,2708.1,0,G0
G0_1758,2979.5,0,G0
G0_1759,2651.2,0,G0
G0_1760,3082.9,0,G0
G0_1761,3022.5,0,G0
G0_1762,2921.9,0,G0
G0_1763,2767.9,0,G0
G0_1764,3250.3,0,G0
G0_1765,2657.4,0,G0
G0_1766,2843.8,0,G0
G0_1767,2712.8,0,G0
G0_1768,2371.2,0,G0
G0_1769,2652.8,0,G0
G0_1770,2849.5,0,G0
G0_1771,2928.7,0,G0
G0_1772,2861.4,0,G0
G0_1773,2407.5,0,G0
G0_1774,2905.9,0,G0
G0_1775,2527.1,0,G0
G0_1776,3000.1,0,G0
G0_1777,2789.6,0,G0
G0_1778,2502.0,0,G0
G0_1779,2765.9,0,G0
G0_1780,3060.3,0,G0
G0_1781,2874.6,0,G0
G0_1782,2531.0,0,G0
G0_1783,3000.9,0,G0
G0_1784,2882.3,0,G0
G0_1785,2729.7,0,G0
G0_1786,2758.1,0,G0
G0_1787,2436.9,0,G0
G0_1788,3078.4,0,G0
G0_1789,3132.4,0,G0
G0_1790,2556.0,0,G0
G0_1791,2643.9,0,G0
G0_1792,2956.8,0,G0
G0_1793,2647.4,0,G0
G0_1794,3081.0,0,G0
G0_1795,2953.3,0,G0
G0_1796,2616.6,0,G0
G0_1797,2916.4,0,G0
G0_1798,2949.6,0,G0
G0_1799,2601.6,0,G0
G0_1800,2679.8,0,G0
G0_1801,2564.3,0,G0
G0_1802,3156.9,0,G0
G0_1803,2870.4,0,G0
G0_1804,2683.1,0,G0
G0_1805,2900.5,0,G0
G0_1806,3088.2,0,G0
G0_1807,3063.7,0,G0
G0_1808,2749.4,0,G0
G0_1809,3082.9,0,G0
G0_1810,2859.4,0,G0
G0_1811,2659.1,0,G0
G0_1812,2993.2,0,G0
G0_1813,3020.4,0,G0
G0_1814,2650.3,0,G0
G0_1815,2366.8,0,G0
G0_1816,2742.8,0,G0
G0_1817,2741.5,0,G0
G0_1818,3314.8,0,G0
G0_1819,2772.2,0,G0
G0_1820,2475.5,0,G0
G0_1821,2808.4,0,G0
G0_1822,2589.3,0,G0
G0_1823,2887.3,0,G0
G0_1824,2578.2,0,G0
G0_1825,2677.5,0,G0
G0_1826,2502.0,0,G0
G0_1827,2164.9,0,G0
G0_1828,2515.2,0,G0
G0_1829,2655.3,0,G0
G0_1830,3058.8,0,G0
G0_1831,2545.1,0,G0
G0_1832,2633.4,0,G0
G0_1833,2597.0,0,G0
G0_1834,2884.8,0,G0
G0_1835,3382.4,0,G0
G0_1836,2475.9,0,G0
G0_1837,2669.5,0,G0
G0_1838,2519.1,0,G0
G0_1839,2570.2,0,G0
G0_1840,2886.1,0,G0
G0_1841,2868.7,0,G0
G0_1842,2855.5,0,G0
G0_1843,2361.5,0,G0
G0_1844,2905.7,0,G0
G0_1845,2309.9,0,G0
G0_1846,3003.9,0,G0
G0_1847,2287.4,0,G0
G0_1848,2535.5,0,G0
G0_1849,2280.1,0,G0
G0_1850,2502.1,0,G0
G0_1851,2804.6,0,G0
G0_1852,2604.0,0,G0
G0_1853,2938.3,0,G0
G0_1854,3000.2,0,G0
G0_1855,2831.0,0,G0
G0_1856,2634.5,0,G0
G0_1857,2742.7,0,G0
G0_1858,2105.3,0,G0
G0_1859,2933.0,0,G0
G0_1860,2824.0,0,G0
G0_1861,2673.9,0,G0
G0_1862,2749.4,0,G0
G0_1863,3033.7,0,G0
G0_1864,2904.7,0,G0
G0_1865,2893.9,0,G0
G0_1866,2879.0,0,G0
G0_1867,2631.8,0,G0
G0_1868,3059.1,0,G0
G0_1869,2814.0,0,G0
G0_1870,2484.1,0,G0
G0_1871,2850.9,0,G0
G0_1872,2990.0,0,G0
G0_1873,3093.5,0,G0
G0_1874,2877.0,0,G0
G0_1875,2784.2,0,G0
G0_1876,2656.5,0,G0
G0_1877,2955.0,0,G0
G0_1878,3023.3,0,G0
G0_1879,3153.8,0,G0
G0_1880,2744.8,0,G0
G0_1881,2806.0,0,G0
G0_1882,2779.0,0,G0
G0_1883,2842.8,0,G0
G0_1884,2554.0,0,G0
G0_1885,2284.1,0,G0
G0_1886,2691.7,0,G0
G0_1887,2227.2,0,G0
G0_1888,3352.8,0,G0
G0_1889,2943.8,0,G0
G0_1890,2829.8,0,G0
G0_1891,2636.8,0,G0
G0_1892,2711.4,0,G0
G0_1893,2618.8,0,G0
G0_1894,3073.2,0,G0
G0_1895,2766.3,0,G0
G0_1896,3128.5,0,G0
G0_1897,3236.1,0,G0
G0_1898,3022.8,0,G0
G0_1899,3017.2,0,G0
G0_1900,2632.6,0,G0
G0_1901,2234.9,0,G0
G0_1902,3220.0,0,G0
G0_1903,2821.0,0,G0
G0_1904,3244.1,0,G0
G0_1905,2978.2,0,G0
G0_1906,3147.2,0,G0
G0_1907,2977.7,0,G0
G0_1908,3272.3,0,G0
G0_1909,3268.1,0,G0
G0_1910,3132.0,0,G0
G0_1911,2442.9,0,G0
G0_1912,2838.0,0,G0
G0_1913,3136.6,0,G0
G0_1914,2542.1,0,G0
G0_1915,2883.5,0,G0
G0_1916,2895.4,0,G0
G0_1917,3223.0,0,G0
G0_1918,3147.7,0,G0
G0_1919,2839.1,0,G0
G0_1920,2871.0,0,G0
G0_1921,3105.5,0,G0
G0_1922,2582.6,0,G0
G0_1923,2653.0,0,G0
G0_1924,3160.5,0,G0
G0_1925,2589.4,0,G0
G0_1926,2944.8,0,G0
G0_1927,2527.2,0,G0
G0_1928,2633.7,0,G0
G0_1929,3205.4,0,G0
G0_1930,2486.1,0,G0
G0_1931,2665.8,0,G0
G0_1932,2865.8,0,G0
G0_1933,2413.3,0,G0
G0_1934,2461.2,0,G0
G0_1935,2854.7,0,G0
G0_1936,3135.1,0,G0
G0_1937,2806.9,0,G0
G0_1938,2869.5,0,G0
G0_1939,2584.4,0,G0
G0_1940,2941.2,0,G0
G0_1941,2600.4,0,G0
G0_1942,2960.8,0,G0
G0_1943,2874.2,0,G0
G0_1944,2711.6,0,G0
G0_1945,2120.7,0,G0
G0_1946,2697.3,0,G0
G0_1947,2720.9,0,G0
G0_1948,2537.0,0,G0
G0_1949,2856.3,0,G0
G0_1950,3345.5,0,G0
G0_1951,3030.9,0,G0
G0_1952,2810.4,0,G0
G0_1953,2750.2,0,G0
G0_1954,2577.3,0,G0
G0_1955,2663.7,0,G0
G0_1956,2779.8,0,G0
G0_1957,2422.5,0,G0
G0_1958,3120.4,0,G0
G0_1959,2646.2,0,G0
G0_1960,2847.1,0,G0
G0_1961,2896.3,0,G0
G0_1962,2774.3,0,G0
G0_1963,2913.4,0,G0
G0_1964,3120.9,0,G0
G0_1965,3018.8,0,G0
G0_1966,2909.2,0,G0
G0_1967,2977.8,0,G0
G0_1968,2785.0,0,G0
G0_1969,2706.6,0,G0
G0_1970,2436.0,0,G0
G0_1971,2350.7,0,G0
G0_1972,2659.9,0,G0
G0_1973,3000.7,0,G0
G0_1974,2796.6,0,G0
G0_1975,2866.6,0,G0
G0_1976,2505.5,0,G0
G0_1977,2646.8,0,G0
G0_1978,3045.9,0,G0
G0_1979,2911.1,0,G0
G0_1980,3167.1,0,G0
G0_1981,2716.7,0,G0
G0_1982,2897.1,0,G0
G0_1983,2559.4,0,G0
G0_1984,2806.9,0,G0
G0_1985,2818.3,0,G0
G0_1986,2484.0,0,G0
G0_1987,2691.1,0,G0
G0_1988,2930.1,0,G0
G0_1989,2909.3,0,G0
G0_1990,2293.2,0,G0
G0_1991,3132.8,0,G0
G0_1992,2926.9,0,G0
G0_1993,2650.4,0,G0
G0_1994,2978.9,0,G0
G0_1995,3191.3,0,G0
G0_1996,3323.2,0,G0
G0_1997,2731.3,0,G0
G0_1998,2865.8,0,G0
G0_1999,2773.5,0,G0
G0_2000,3215.2,0,G0
G1_0001,2923.225,1,G1
G1_0002,2585.222,1,G1
G1_0003,3036.377,1,G1
G1_0004,2906.929,1,G1
G1_0005,3351.572,1,G1
G1_0006,3114.078,1,G1
G1_0007,2550.32,1,G1
G1_0008,3288.947,1,G1
G1_0009,2992.863,1,G1
G1_0010,2757.325,1,G1
G1_0011,2897.625,1,G1
G1_0012,3079.659,1,G1
G1_0013,3107.778,1,G1
G1_0014,2821.861,1,G1
G1_0015,2867.617,1,G1
G1_0016,2751.989,1,G1
G1_0017,2620.277,1,G1
G1_0018,3242.89,1,G1
G1_0019,3245.554,1,G1
G1_0020,2947.301,1,G1
G1_0021,3006.113,1,G1
G1_0022,3150.108,1,G1
G1_0023,3328.127,1,G1
G1_0024,2505.499,1,G1
G1_0025,2686.381,1,G1
G1_0026,2993.44,1,G1
G1_0027,3054.945,1,G1
G1_0029,3222.763,1,G1
G1_0030,2475.826,1,G1
G1_0031,2678.977,1,G1
G1_0032,2801.393,1,G1
G1_0033,3117.721,1,G1
G1_0034,2901.215,1,G1
G1_0035,3191.569,1,G1
G1_0036,3031.935,1,G1
G1_0037,2932.937,1,G1
G1_0038,3068.284,1,G1
G1_0041,2482.98,1,G1
G1_0042,3117.716,1,G1
G1_0043,2857.926,1,G1
G1_0044,2801.546,1,G1
G1_0045,2990.791,1,G1
G1_0046,2586.141,1,G1
G1_0047,2854.681,1,G1
G1_0048,3056.935,1,G1
G1_0049,2613.06,1,G1
G1_0050,2898.451,1,G1
G1_0051,2981.238,1,G1
G1_0052,2370.957,1,G1
G1_0053,3212.574,1,G1
G1_0054,2990.367,1,G1
G1_0055,2926.6,1,G1
G1_0056,2701.32,1,G1
G1_0057,2495.689,1,G1
G1_0059,3224.358,1,G1
G1_0060,2970.151,1,G1
G1_0061,3153.59,1,G1
G1_0062,3371.423,1,G1
G1_0063,2997.878,1,G1
G1_0065,2940.75,1,G1
G1_0066,3187.07,1,G1
G1_0067,3073.186,1,G1
G1_0068,2529.776,1,G1
G1_0069,2648.787,1,G1
G1_0070,3167.147,1,G1
G1_0071,2758.853,1,G1
G1_0072,2943.618,1,G1
G1_0073,2724.284,1,G1
G1_0074,3166.324,1,G1
G1_0075,2837.246,1,G1
G1_0076,2787.148,1,G1
G1_0077,2726.587,1,G1
G1_0078,3100.095,1,G1
G1_0080,2860.898,1,G1
G1_0081,2923.798,1,G1
G1_0082,2991.062,1,G1
G1_0083,2474.923,1,G1
G1_0084,2646.0,1,G1
G1_0085,3107.688,1,G1
G1_0086,2467.023,1,G1
G1_0087,3073.788,1,G1
G1_0088,2783.591,1,G1
G1_0089,2881.647,1,G1
G1_0090,3010.405,1,G1
G1_0091,3077.892,1,G1
G1_0092,2669.255,1,G1
G1_0093,2678.025,1,G1
G1_0094,2988.968,1,G1
G1_0095,2741.786,1,G1
G1_0096,2919.327,1,G1
G1_0098,2736.6,1,G1
G1_0099,2972.982,1,G1
G1_0100,2668.164,1,G1
G1_0101,2804.077,1,G1
G1_0102,2684.825,1,G1
G1_0103,2802.128,1,G1
G1_0104,2843.879,1,G1
G1_0105,2769.738,1,G1
G1_0106,2784.749,1,G1
G1_0107,2823.369,1,G1
G1_0108,2695.306,1,G1
G1_0109,3151.754,1,G1
G1_0110,2875.515,1,G1
G1_0111,2731.602,1,G1
G1_0112,3053.341,1,G1
G1_0113,2615.471,1,G1
G1_0114,2824.205,1,G1
G1_0115,2878.488,1,G1
G1_0116,3213.645,1,G1
G1_0117,2734.225,1,G1
G1_0118,2543.684,1,G1
G1_0119,3046.135,1,G1
G1_0120,3103.295,1,G1
G1_0121,3342.988,1,G1
G1_0122,2896.19,1,G1
G1_0123,2700.44,1,G1
G1_0124,2879.428,1,G1
G1_0125,2821.162,1,G1
G1_0127,3096.669,1,G1
G1_0128,2929.196,1,G1
G1_0129,2604.621,1,G1
G1_0130,2863.479,1,G1
G1_0131,2898.344,1,G1
G1_0132,2586.695,1,G1
G1_0133,3031.939,1,G1
G1_0134,2940.043,1,G1
G1_0135,3054.003,1,G1
G1_0136,3207.25,1,G1
G1_0137,2740.233,1,G1
G1_0138,3006.486,1,G1
G1_0139,3291.774,1,G1
G1_0140,2921.959,1,G1
G1_0141,2703.831,1,G1
G1_0142,2648.499,1,G1
G1_0143,2843.393,1,G1
G1_0144,2621.617,1,G1
G1_0145,2799.114,1,G1
G1_0146,2903.691,1,G1
G1_0147,2830.425,1,G1
G1_0148,2644.346,1,G1
G1_0149,2827.545,1,G1
G1_0150,2739.839,1,G1
G1_0151,3059.905,1,G1
G1_0152,3028.524,1,G1
G1_0153,2817.009,1,G1
G1_0154,2764.67,1,G1
G1_0155,2690.607,1,G1
G1_0156,3165.829,1,G1
G1_0157,3151.204,1,G1
G1_0158,2862.989,1,G1
G1_0159,3427.959,1,G1
G1_0160,2992.063,1,G1
G1_0161,3187.267,1,G1
G1_0162,2886.342,1,G1
G1_0163,3204.185,1,G1
G1_0165,2828.092,1,G1
G1_0166,2833.394,1,G1
G1_0167,3181.303,1,G1
G1_0168,2631.549,1,G1
G1_0169,2596.857,1,G1
G1_0170,3211.323,1,G1
G1_0171,3129.436,1,G1
G1_0172,2885.5,1,G1
G1_0173,3086.319,1,G1
G1_0174,2743.841,1,G1
G1_0175,2918.791,1,G1
G1_0176,3235.845,1,G1
G1_0177,2896.964,1,G1
G1_0178,3506.92,1,G1
G1_0179,2960.101,1,G1
G1_0180,2797.498,1,G1
G1_0181,2950.757,1,G1
G1_0182,2845.165,1,G1
G1_0183,3082.65,1,G1
G1_0184,2802.681,1,G1
G1_0185,3039.81,1,G1
G1_0186,2539.091,1,G1
G1_0187,2866.99,1,G1
G1_0188,3076.533,1,G1
G1_0189,3276.028,1,G1
G1_0190,3356.258,1,G1
G1_0191,2704.447,1,G1
G1_0192,3039.642,1,G1
G1_0193,3133.066,1,G1
G1_0194,3154.186,1,G1
G1_0196,2919.669,1,G1
G1_0197,2426.635,1,G1
G1_0198,3018.71,1,G1
G1_0200,2753.436,1,G1
G1_0201,2851.122,1,G1
G1_0202,2900.758,1,G1
G1_0203,3120.311,1,G1
G1_0204,2433.65,1,G1
G1_0205,2853.908,1,G1
G1_0206,3101.619,1,G1
G1_0207,2664.491,1,G1
G1_0208,2971.746,1,G1
G1_0209,2805.538,1,G1
G1_0210,2751.501,1,G1
G1_0211,3199.996,1,G1
G1_0212,2916.328,1,G1
G1_0213,3112.839,1,G1
G1_0214,3111.912,1,G1
G1_0215,2135.542,1,G1
G1_0216,2654.581,1,G1
G1_0217,2779.887,1,G1
G1_0218,3249.574,1,G1
G1_0219,2830.178,1,G1
G1_0220,2667.747,1,G1
G1_0221,3212.268,1,G1
G1_0222,3014.073,1,G1
G1_0223,2730.795,1,G1
G1_0224,2755.563,1,G1
G1_0226,2771.874,1,G1
G1_0227,2889.271,1,G1
G1_0228,2669.628,1,G1
G1_0229,2885.133,1,G1
G1_0230,2623.994,1,G1
G1_0231,3059.559,1,G1
G1_0232,2819.301,1,G1
G1_0233,3029.263,1,G1
G1_0234,2812.858,1,G1
G1_0235,2848.893,1,G1
G1_0236,2922.61,1,G1
G1_0237,3008.936,1,G1
G1_0238,2508.771,1,G1
G1_0239,2563.08,1,G1
G1_0241,2870.703,1,G1
G1_0242,3563.995,1,G1
G1_0243,2552.358,1,G1
G1_0244,2673.727,1,G1
G1_0245,2529.421,1,G1
G1_0246,3407.023,1,G1
G1_0247,2904.532,1,G1
G1_0248,3460.426,1,G1
G1_0249,3350.595,1,G1
G1_0250,2930.882,1,G1
G1_0251,2740.339,1,G1
G1_0252,2771.655,1,G1
G1_0253,2971.011,1,G1
G1_0254,2530.413,1,G1
G1_0255,3142.197,1,G1
G1_0256,2865.004,1,G1
G1_0257,2759.271,1,G1
G1_0258,2899.014,1,G1
G1_0259,2868.926,1,G1
G1_0261,2524.631,1,G1
G1_0262,2901.1,1,G1
G1_0263,3163.317,1,G1
G1_0264,3049.162,1,G1
G1_0265,2980.721,1,G1
G1_0266,2389.824,1,G1
G1_0267,2926.256,1,G1
G1_0268,3128.017,1,G1
G1_0269,2756.799,1,G1
G1_0270,2711.644,1,G1
G1_0271,3003.707,1,G1
G1_0272,2726.525,1,G1
G1_0273,3034.123,1,G1
G1_0274,2914.782,1,G1
G1_0275,2728.434,1,G1
G1_0276,2893.545,1,G1
G1_0277,2979.769,1,G1
G1_0279,2950.039,1,G1
G1_0280,2957.318,1,G1
G1_0281,2794.35,1,G1
G1_0282,2651.028,1,G1
G1_0283,3142.722,1,G1
G1_0284,2589.812,1,G1
G1_0285,2901.607,1,G1
G1_0286,2944.222,1,G1
G1_0287,3407.543,1,G1
G1_0288,2990.452,1,G1
G1_0289,2888.878,1,G1
G1_0290,3422.597,1,G1
G1_0291,2920.187,1,G1
G1_0292,2837.155,1,G1
G1_0294,2931.647,1,G1
G1_0295,3013.543,1,G1
G1_0296,3070.929,1,G1
G1_0297,3057.593,1,G1
G1_0298,2764.61,1,G1
G1_0299,2694.381,1,G1
G1_0300,3220.404,1,G1
G1_0301,2753.857,1,G1
G1_0302,2932.605,1,G1
G1_0303,2277.72,1,G1
G1_0304,2209.439,1,G1
G1_0305,3326.965,1,G1
G1_0306,2975.459,1,G1
G1_0307,2675.159,1,G1
G1_0308,2812.186,1,G1
G1_0309,2976.47,1,G1
G1_0310,2300.267,1,G1
G1_0311,2510.773,1,G1
G1_0312,2785.19,1,G1
G1_0313,3228.998,1,G1
G1_0314,2883.379,1,G1
G1_0315,3288.212,1,G1
G1_0316,3049.679,1,G1
G1_0317,2796.174,1,G1
G1_0318,2731.866,1,G1
G1_0319,2937.71,1,G1
G1_0321,3334.506,1,G1
G1_0322,2708.18,1,G1
G1_0323,2628.408,1,G1
G1_0324,2895.698,1,G1
G1_0325,3357.085,1,G1
G1_0326,3183.046,1,G1
G1_0327,2915.066,1,G1
G1_0328,2613.477,1,G1
G1_0329,2991.155,1,G1
G1_0330,2976.842,1,G1
G1_0331,2805.475,1,G1
G1_0332,3649.644,1,G1
G1_0333,3100.388,1,G1
G1_0334,3039.155,1,G1
G1_0335,3000.881,1,G1
G1_0336,2677.147,1,G1
G1_0337,2577.812,1,G1
G1_0338,3236.571,1,G1
G1_0339,2879.935,1,G1
G1_0340,3254.661,1,G1
G1_0341,2636.271,1,G1
G1_0342,3134.465,1,G1
G1_0343,2657.411,1,G1
G1_0344,2893.225,1,G1
G1_0345,3412.096,1,G1
G1_0346,2871.435,1,G1
G1_0347,2474.67,1,G1
G1_0348,2928.607,1,G1
G1_0349,2706.235,1,G1
G1_0350,3159.105,1,G1
G1_0351,3101.2,1,G1
G1_0352,2985.612,1,G1
G1_0353,2934.172,1,G1
G1_0354,3240.116,1,G1
G1_0355,3104.582,1,G1
G1_0356,2322.503,1,G1
G1_0357,2728.059,1,G1
G1_0358,3026.941,1,G1
G1_0359,2993.798,1,G1
G1_0360,3324.636,1,G1
G1_0361,2901.4,1,G1
G1_0362,2709.446,1,G1
G1_0363,2924.652,1,G1
G1_0364,2936.973,1,G1
G1_0365,2935.686,1,G1
G1_0366,3048.648,1,G1
G1_0367,2851.796,1,G1
G1_0368,3317.665,1,G1
G1_0369,2951.961,1,G1
G1_0370,2859.529,1,G1
G1_0371,2971.474,1,G1
G1_0372,2792.238,1,G1
G1_0373,3157.991,1,G1
G1_0374,2766.174,1,G1
G1_0375,2830.906,1,G1
G1_0376,2870.884,1,G1
G1_0377,3332.062,1,G1
G1_0378,2536.738,1,G1
G1_0379,2520.967,1,G1
G1_0380,2844.671,1,G1
G1_0382,3032.347,1,G1
G1_0383,3244.79,1,G1
G1_0384,2844.877,1,G1
G1_0385,2986.402,1,G1
G1_0386,3148.612,1,G1
G1_0387,3366.105,1,G1
G1_0388,2969.155,1,G1
G1_0389,2823.855,1,G1
G1_0390,3354.951,1,G1
G1_0391,2560.319,1,G1
G1_0392,2666.857,1,G1
G1_0393,2712.819,1,G1
G1_0394,2804.054,1,G1
G1_0395,3337.866,1,G1
G1_0397,2751.503,1,G1
G1_0398,2993.87,1,G1
G1_0399,3044.838,1,G1
G1_0400,2767.049,1,G1
G1_0401,3164.792,1,G1
G1_0402,2746.167,1,G1
G1_0403,2945.795,1,G1
G1_0404,3047.18,1,G1
G1_0405,2923.835,1,G1
G1_0406,3311.769,1,G1
G1_0407,2863.339,1,G1
G1_0408,2870.197,1,G1
G1_0409,3160.653,1,G1
G1_0410,3310.75,1,G1
G1_0411,3064.221,1,G1
G1_0412,2795.741,1,G1
G1_0413,2546.301,1,G1
G1_0414,2609.79,1,G1
G1_0415,3201.475,1,G1
G1_0416,3025.748,1,G1
G1_0417,3383.992,1,G1
G1_0418,2841.288,1,G1
G1_0419,2886.776,1,G1
G1_0420,2633.826,1,G1
G1_0421,2764.913,1,G1
G1_0422,2949.133,1,G1
G1_0423,3177.743,1,G1
G1_0424,3028.233,1,G1
G1_0425,2726.822,1,G1
G1_0426,2725.24,1,G1
G1_0427,3065.201,1,G1
G1_0429,2960.637,1,G1
G1_0430,3151.934,1,G1
G1_0431,2685.91,1,G1
G1_0432,2792.11,1,G1
G1_0433,3373.768,1,G1
G1_0434,2763.137,1,G1
G1_0435,2980.619,1,G1
G1_0436,2728.554,1,G1
G1_0437,3135.157,1,G1
G1_0438,3137.524,1,G1
G1_0439,2442.268,1,G1
G1_0440,3347.265,1,G1
G1_0441,2879.747,1,G1
G1_0442,2607.643,1,G1
G1_0443,3020.835,1,G1
G1_0445,2852.692,1,G1
G1_0447,2735.364,1,G1
G1_0448,2604.669,1,G1
G1_0449,2907.633,1,G1
G1_0451,2853.32,1,G1
G1_0452,3260.992,1,G1
G1_0453,2871.485,1,G1
G1_0454,2736.11,1,G1
G1_0455,3032.226,1,G1
G1_0456,3003.985,1,G1
G1_0458,3161.736,1,G1
G1_0459,3245.41,1,G1
G1_0460,2971.073,1,G1
G1_0461,2596.99,1,G1
G1_0462,3173.907,1,G1
G1_0463,3068.565,1,G1
G1_0464,2861.353,1,G1
G1_0465,3003.278,1,G1
G1_0467,2738.232,1,G1
G1_0468,3385.216,1,G1
G1_0469,2793.188,1,G1
G1_0472,2815.547,1,G1
G1_0473,2918.823,1,G1
G1_0474,2745.205,1,G1
G1_0475,2889.698,1,G1
G1_0476,2619.275,1,G1
G1_0477,2832.529,1,G1
G1_0478,2823.45,1,G1
G1_0479,2865.531,1,G1
G1_0480,2957.912,1,G1
G1_0481,3062.544,1,G1
G1_0482,2911.169,1,G1
G1_0483,3174.064,1,G1
G1_0484,2363.958,1,G1
G1_0485,2713.65,1,G1
G1_0487,2652.765,1,G1
G1_0488,2949.053,1,G1
G1_0489,2661.264,1,G1
G1_0490,2896.046,1,G1
G1_0492,2697.072,1,G1
G1_0493,2506.01,1,G1
G1_0494,2692.5,1,G1
G1_0495,3096.198,1,G1
G1_0496,2639.04,1,G1
G1_0497,2946.42,1,G1
G1_0498,3211.875,1,G1
G1_0499,3074.534,1,G1
G1_0500,3023.541,1,G1
G1_0501,2852.018,1,G1
G1_0502,2962.685,1,G1
G1_0503,3095.641,1,G1
G1_0504,2684.266,1,G1
G1_0505,3509.669,1,G1
G1_0506,2525.915,1,G1
G1_0507,3063.247,1,G1
G1_0509,3064.791,1,G1
G1_0510,3173.178,1,G1
G1_0511,2732.446,1,G1
G1_0512,2613.466,1,G1
G1_0513,2646.742,1,G1
G1_0514,3062.133,1,G1
G1_0515,2809.03,1,G1
G1_0516,2898.247,1,G1
G1_0517,2801.805,1,G1
G1_0518,2896.702,1,G1
G1_0519,2730.808,1,G1
G1_0520,2703.942,1,G1
G1_0521,3044.848,1,G1
G1_0522,2589.473,1,G1
G1_0523,3168.507,1,G1
G1_0524,2802.596,1,G1
G1_0525,2984.911,1,G1
G1_0526,2467.855,1,G1
G1_0527,3055.969,1,G1
G1_0528,3070.944,1,G1
G1_0529,3306.521,1,G1
G1_0530,2994.686,1,G1
G2_0001,3346.156,2,G2
G2_0002,2997.253,2,G2
G2_0003,3253.184,2,G2
G2_0004,3208.716,2,G2
G2_0005,3203.594,2,G2
G2_0007,3098.835,2,G2
G2_0008,2645.613,2,G2
G2_0009,2977.273,2,G2
G2_0010,3274.225,2,G2
G2_0011,3166.253,2,G2
G2_0012,3051.119,2,G2
G2_0013,2392.385,2,G2
G2_0014,2987.931,2,G2
G2_0015,3058.388,2,G2
G2_0016,3208.458,2,G2
G2_0017,3182.943,2,G2
G2_0018,3434.887,2,G2
G2_0019,2727.314,2,G2
G2_0020,2975.841,2,G2
G2_0021,2887.907,2,G2
G2_0022,2878.145,2,G2
G2_0023,2837.74,2,G2
G2_0024,2890.753,2,G2
G2_0025,2634.243,2,G2
G2_0026,3249.683,2,G2
G2_0027,2784.778,2,G2
G2_0028,3093.772,2,G2
G2_0029,2892.773,2,G2
G2_0030,2966.151,2,G2
G2_0032,2861.97,2,G2
G2_0033,2652.814,2,G2
G2_0034,3428.838,2,G2
G2_0035,3397.347,2,G2
G2_0036,3072.746,2,G2
G2_0037,3183.8,2,G2
G2_0038,2931.606,2,G2
G2_0039,2664.314,2,G2
G2_0040,2939.687,2,G2
G2_0041,3145.835,2,G2
G2_0042,2754.636,2,G2
G2_0043,2390.8,2,G2
G2_0044,2790.917,2,G2
G2_0045,2787.633,2,G2
G2_0046,3023.471,2,G2
G2_0047,3031.767,2,G2
G2_0048,3092.397,2,G2
G2_0049,2869.95,2,G2
G2_0050,3276.578,2,G2
G2_0052,3270.038,2,G2
G2_0053,3197.502,2,G2
G2_0054,3306.58,2,G2
G2_0055,3154.039,2,G2
G2_0056,2908.549,2,G2
G2_0057,2975.732,2,G2
G2_0058,2942.751,2,G2
G2_0059,2873.151,2,G2
G2_0060,2926.109,2,G2
G2_0061,2794.294,2,G2
G2_0062,3183.287,2,G2
G2_0063,3436.193,2,G2
G2_0064,3028.502,2,G2
G2_0065,2955.89,2,G2
G2_0066,2951.857,2,G2
G2_0068,3303.769,2,G2
G2_0070,3014.407,2,G2
G2_0071,2975.466,2,G2
G2_0072,3641.336,2,G2
G2_0073,3101.283,2,G2
G2_0074,3107.692,2,G2
G2_0076,3164.073,2,G2
G2_0077,2966.889,2,G2
G2_0078,2865.595,2,G2
G2_0079,3230.31,2,G2
G2_0080,2743.275,2,G2
G2_0081,3039.748,2,G2
G2_0083,3172.051,2,G2
G2_0084,3292.484,2,G2
G2_0085,3079.441,2,G2
G2_0086,3226.758,2,G2
G2_0087,3241.444,2,G2
G2_0088,2975.791,2,G2
G2_0089,3258.782,2,G2
G2_0090,2949.68,2,G2
G2_0092,2919.9,2,G2
G2_0093,2946.762,2,G2
G2_0094,3455.883,2,G2
G2_0095,3296.379,2,G2
G2_0096,3252.506,2,G2
G2_0097,3239.968,2,G2
G2_0099,2936.032,2,G2
G2_0100,2987.529,2,G2
G2_0101,2985.532,2,G2
G2_0102,3258.484,2,G2
G2_0103,3473.448,2,G2
G2_0104,3523.831,2,G2
G2_0105,2648.781,2,G2
G2_0106,2726.675,2,G2
G2_0107,3100.23,2,G2
G2_0108,2755.48,2,G2
G2_0109,3040.947,2,G2
G2_0110,3530.631,2,G2
G2_0111,2998.9,2,G2
G2_0112,3149.761,2,G2
G2_0113,3067.535,2,G2
G2_0114,3303.416,2,G2
G2_0115,3154.041,2,G2
G2_0116,3047.456,2,G2
G2_0117,2850.263,2,G2
G2_0118,3432.086,2,G2
G2_0119,3149.008,2,G2
G2_0120,2775.572,2,G2
G2_0121,2744.74,2,G2
G2_0122,3128.743,2,G2
G2_0123,3016.705,2,G2
G2_0124,3081.15,2,G2
G2_0125,3466.66,2,G2
G2_0126,3239.73,2,G2
G2_0128,3320.583,2,G2
G2_0129,2873.885,2,G2
G2_0130,2900.699,2,G2
G2_0131,2908.511,2,G2
G2_0132,3064.39,2,G2
G2_0133,3206.641,2,G2
G2_0134,2850.724,2,G2
G2_0135,3086.195,2,G2
G2_0136,3276.566,2,G2
G2_0137,2922.856,2,G2
G2_0138,2778.697,2,G2
G2_0139,3409.939,2,G2
G2_0140,2752.966,2,G2
G2_0142,3261.511,2,G2
G2_0143,2790.917,2,G2
G2_0144,2954.812,2,G2
G2_0145,3084.043,2,G2
G2_0146,3097.09,2,G2
G2_0147,3403.68,2,G2
G2_0148,2968.066,2,G2
G2_0149,3220.118,2,G2
G2_0150,3321.768,2,G2
G2_0151,2768.455,2,G2
G2_0152,3080.874,2,G2
G2_0153,2955.359,2,G2
G2_0154,2930.252,2,G2
G2_0155,3006.05,2,G2
G2_0156,3002.154,2,G2
G2_0157,3137.88,2,G2
G2_0158,3184.749,2,G2
G2_0159,3117.549,2,G2
G2_0160,3321.242,2,G2
G2_0161,2989.762,2,G2
G2_0162,2846.074,2,G2
G2_0163,3016.91,2,G2
G2_0164,3063.638,2,G2
G2_0165,2878.772,2,G2
G2_0166,3096.3,2,G2
G2_0167,3039.847,2,G2
G2_0168,3275.967,2,G2
G2_0169,2938.051,2,G2
G2_0170,2961.106,2,G2
G2_0171,2993.803,2,G2
G2_0172,3298.165,2,G2
G2_0173,2998.561,2,G2
G2_0174,2618.74,2,G2
G2_0175,3208.376,2,G2
G2_0176,2646.913,2,G2
G2_0177,2993.787,2,G2
G2_0178,2829.58,2,G2
G2_0180,2797.58,2,G2
G2_0182,2937.197,2,G2
G2_0183,2877.212,2,G2
G2_0184,2971.71,2,G2
G2_0185,3422.201,2,G2
G2_0186,3129.228,2,G2
G2_0187,3070.54,2,G2
G2_0188,2911.396,2,G2
G2_0189,3206.455,2,G2
G2_0190,2981.884,2,G2
G2_0191,3289.655,2,G2
G2_0192,3126.7,2,G2
G2_0193,2855.904,2,G2
G2_0194,2703.372,2,G2
G2_0195,2951.214,2,G2
G2_0197,3180.249,2,G2
G2_0198,2414.263,2,G2
G2_0199,3017.857,2,G2
G2_0200,3006.307,2,G2
G2_0201,2925.747,2,G2
G2_0202,3197.998,2,G2
G2_0203,3317.472,2,G2
G2_0204,3153.922,2,G2
G2_0205,3269.628,2,G2
G2_0206,2914.064,2,G2
G2_0207,3312.058,2,G2
G2_0209,3439.017,2,G2
G2_0210,2929.391,2,G2
G2_0211,2638.727,2,G2
G2_0212,3164.47,2,G2
G2_0213,2737.027,2,G2
G2_0215,2686.759,2,G2
G2_0216,3030.657,2,G2
G2_0217,2941.411,2,G2
G2_0218,3230.344,2,G2
G2_0219,3566.874,2,G2
G2_0220,2786.596,2,G2
G2_0221,3079.364,2,G2
G2_0222,2964.571,2,G2
G2_0223,2765.566,2,G2
G2_0225,2910.685,2,G2
G2_0226,3121.787,2,G2
G2_0227,3152.769,2,G2
G2_0228,3041.909,2,G2
G2_0229,2744.019,2,G2
G2_0231,2706.655,2,G2
G2_0232,2909.254,2,G2
G2_0233,3274.67,2,G2
G2_0234,3154.868,2,G2
G2_0235,3126.032,2,G2
G2_0237,2523.196,2,G2
G2_0238,3122.597,2,G2
G2_0239,2808.775,2,G2
G2_0240,2989.487,2,G2
G2_0241,2554.982,2,G2
G2_0242,3318.107,2,G2
G2_0243,2991.254,2,G2
G2_0244,2984.431,2,G2
G2_0245,3159.245,2,G2
G2_0246,2562.643,2,G2
G2_0247,3363.851,2,G2
G2_0248,3323.605,2,G2
G2_0249,3162.41,2,G2
G2_0250,3157.462,2,G2
G2_0252,2542.141,2,G2
G2_0253,2992.846,2,G2
G2_0254,2856.886,2,G2
G2_0255,3000.264,2,G2
G2_0256,2619.579,2,G2
G2_0257,3263.515,2,G2
G2_0258,2463.255,2,G2
G2_0259,3369.191,2,G2
G2_0260,2630.769,2,G2
G2_0261,2904.052,2,G2
G2_0262,3252.453,2,G2
G2_0263,2827.464,2,G2
G2_0264,3293.583,2,G2
G2_0265,3093.19,2,G2
G2_0266,2582.055,2,G2
G2_0267,2998.435,2,G2
G2_0268,3150.645,2,G2
G2_0269,2840.08,2,G2
G2_0270,3035.202,2,G2
G2_0271,2678.041,2,G2
G2_0272,3024.966,2,G2
G2_0273,3157.599,2,G2
G2_0274,2689.484,2,G2
G2_0275,3283.682,2,G2
G2_0276,3141.416,2,G2
G2_0277,3160.195,2,G2
G2_0278,2912.914,2,G2
G2_0279,2809.491,2,G2
G2_0281,2622.118,2,G2
G2_0282,2677.228,2,G2
G2_0283,3280.448,2,G2
G2_0284,3406.491,2,G2
G2_0285,2942.325,2,G2
G2_0286,3109.088,2,G2
G2_0287,3107.107,2,G2
G2_0288,2833.036,2,G2
G2_0289,3491.991,2,G2
G2_0290,2999.503,2,G2
G2_0291,2775.591,2,G2
G2_0293,2972.996,2,G2
G2_0294,2694.323,2,G2
G2_0295,3187.432,2,G2
G2_0296,3093.992,2,G2
G2_0297,3008.75,2,G2
G2_0298,3049.34,2,G2
G2_0299,2804.688,2,G2
G2_0300,2398.742,2,G2
G2_0301,3069.489,2,G2
G2_0302,2832.592,2,G2
G2_0303,2800.859,2,G2
G2_0304,2454.686,2,G2
G2_0305,3312.01,2,G2
G2_0306,2798.324,2,G2
G2_0307,3069.405,2,G2
G2_0308,2886.401,2,G2
G2_0309,2987.255,2,G2
G2_0310,3356.553,2,G2
G2_0311,2845.791,2,G2
G2_0312,3566.783,2,G2
G2_0313,3279.728,2,G2
G2_0314,2996.296,2,G2
G2_0315,3232.985,2,G2
G2_0316,3237.59,2,G2
G2_0317,3361.351,2,G2
G2_0318,2746.993,2,G2
G2_0319,3074.571,2,G2
G2_0320,2834.774,2,G2
G2_0321,3575.774,2,G2
G2_0322,2785.013,2,G2
G2_0323,2989.251,2,G2
G2_0324,2891.71,2,G2
G2_0325,3375.543,2,G2
G2_0326,2892.04,2,G2
G2_0327,3247.118,2,G2
G2_0328,2896.2,2,G2
G2_0329,3137.979,2,G2
G2_0330,3374.728,2,G2
G2_0331,3086.945,2,G2
G2_0332,2923.497,2,G2
G2_0333,3112.157,2,G2
G2_0334,3092.708,2,G2
G2_0335,3151.098,2,G2
G2_0336,2754.108,2,G2
G2_0337,3146.719,2,G2
G2_0338,2568.509,2,G2
G2_0339,3354.608,2,G2
G2_0341,3020.25,2,G2
G2_0342,3154.253,2,G2
G2_0343,3161.542,2,G2
G2_0344,3472.214,2,G2
G2_0345,3473.733,2,G2
G2_0346,2695.79,2,G2
G2_0347,3264.407,2,G2
G2_0348,3167.124,2,G2
G2_0349,3026.822,2,G2
G2_0350,3271.914,2,G2
G2_0351,3106.163,2,G2
G2_0352,3079.58,2,G2
G2_0353,2842.75,2,G2
G2_0354,3041.811,2,G2
G2_0356,3217.976,2,G2
G2_0357,2902.435,2,G2
G2_0358,3370.236,2,G2
G2_0359,3297.838,2,G2
G2_0360,2958.0,2,G2
G2_0361,2849.571,2,G2
G2_0362,3045.427,2,G2
G2_0363,2930.592,2,G2
G2_0364,3620.866,2,G2
G2_0365,2616.494,2,G2
G2_0366,3004.331,2,G2
G2_0367,2743.706,2,G2
G2_0368,2640.585,2,G2
G2_0369,3055.507,2,G2
G2_0370,3136.225,2,G2
G2_0371,2792.986,2,G2
G2_0372,3065.202,2,G2
G2_0373,2992.221,2,G2
G2_0374,3003.144,2,G2
G2_0375,2760.562,2,G2
G2_0376,2891.76,2,G2
G2_0377,2907.82,2,G2
G2_0378,2815.852,2,G2
G2_0379,2809.192,2,G2
G2_0380,2671.023,2,G2
G2_0381,2978.401,2,G2
G2_0382,2947.754,2,G2
G2_0383,3725.599,2,G2
G2_0384,3033.917,2,G2
G2_0385,3438.866,2,G2
G2_0386,3232.078,2,G2
G2_0387,2741.501,2,G2
G2_0388,3201.132,2,G2
G2_0389,2828.326,2,G2
G2_0390,3014.04,2,G2
G2_0391,3289.099,2,G2
G2_0392,3191.95,2,G2
G2_0393,3361.748,2,G2
G2_0394,3146.78,2,G2
G2_0396,2704.516,2,G2
G2_0397,3059.893,2,G2
G2_0398,3123.144,2,G2
G2_0399,2945.139,2,G2
G2_0400,2931.695,2,G2
G2_0401,2979.246,2,G2
G2_0402,3195.54,2,G2
G2_0403,3118.1,2,G2
G2_0404,2955.952,2,G2
G2_0405,3020.179,2,G2
G2_0406,3140.089,2,G2
G2_0407,3113.836,2,G2
G2_0408,3207.653,2,G2
G2_0409,2626.902,2,G2
G2_0410,3506.922,2,G2
G2_0411,3141.314,2,G2
G2_0412,3166.404,2,G2
G2_0413,3137.193,2,G2
G2_0414,3029.689,2,G2
G2_0415,2967.439,2,G2
G2_0416,3594.505,2,G2
G2_0417,3135.01,2,G2
G2_0418,2618.161,2,G2
G2_0419,3003.426,2,G2
G2_0420,3184.875,2,G2
G2_0421,2927.966,2,G2
G2_0422,2747.239,2,G2
G2_0424,2841.253,2,G2
G2_0425,2617.888,2,G2
G2_0426,2478.647,2,G2
G2_0427,2713.443,2,G2
G2_0428,2921.377,2,G2
G2_0429,3274.479,2,G2
G2_0430,3295.969,2,G2
G2_0431,3487.1,2,G2
G2_0432,3041.177,2,G2
G2_0433,3128.89,2,G2
G2_0434,3243.79,2,G2
G2_0435,2995.931,2,G2
G2_0436,3055.097,2,G2
G2_0437,3401.486,2,G2
G2_0438,3157.633,2,G2
G2_0439,3362.831,2,G2
G2_0440,3590.058,2,G2
G2_0441,2662.138,2,G2
G2_0442,3274.691,2,G2
G2_0443,3431.0,2,G2
G2_0444,2978.744,2,G2
G2_0445,3266.024,2,G2
G2_0446,2805.153,2,G2
G2_0447,2790.543,2,G2
G2_0448,3088.437,2,G2
G2_0449,3170.183,2,G2
G2_0451,2756.298,2,G2
G2_0452,2964.809,2,G2
G2_0453,3532.746,2,G2
G2_0454,2986.3,2,G2
G2_0455,3153.374,2,G2
G2_0456,3282.75,2,G2
G2_0457,3268.204,2,G2
G2_0458,2665.326,2,G2
G2_0459,2763.824,2,G2
G2_0460,3278.774,2,G2
G2_0461,3437.022,2,G2
G2_0462,2829.233,2,G2
G2_0463,2955.089,2,G2
G2_0464,3177.023,2,G2
G2_0465,2964.185,2,G2
G2_0466,3162.42,2,G2
G2_0467,3348.352,2,G2
G2_0468,3000.181,2,G2
G2_0469,3337.992,2,G2
G2_0470,3261.4,2,G2
G2_0471,3177.228,2,G2
G2_0472,3388.888,2,G2
G2_0473,2913.783,2,G2
G2_0474,3153.479,2,G2
G2_0475,3007.385,2,G2
G2_0476,3346.097,2,G2
G2_0478,2733.733,2,G2
G2_0479,3174.724,2,G2
G2_0480,3050.498,2,G2
G2_0481,2827.424,2,G2
G2_0482,2677.1,2,G2
G2_0483,3381.475,2,G2
G2_0484,2593.668,2,G2
G2_0485,3178.646,2,G2
G2_0486,2875.773,2,G2
G2_0487,2671.219,2,G2
G2_0489,2915.354,2,G2
G2_0490,3266.42,2,G2
G2_0491,3322.76,2,G2
G2_0492,2993.971,2,G2
G2_0493,3066.483,2,G2
G2_0495,2570.36,2,G2
G2_0496,3071.411,2,G2
G2_0497,2992.664,2,G2
G2_0498,2955.047,2,G2
G2_0499,3001.365,2,G2
G2_0500,2931.421,2,G2
G2_0501,2906.659,2,G2
G2_0502,2917.765,2,G2
G2_0503,2831.363,2,G2
G2_0504,2915.704,2,G2
G2_0505,3044.824,2,G2
G2_0506,3011.511,2,G2
G2_0507,2879.82,2,G2
G2_0508,3662.274,2,G2
G2_0509,3466.061,2,G2
G2_0510,3060.167,2,G2
G2_0511,3434.572,2,G2
G2_0512,2964.61,2,G2
G2_0513,2824.913,2,G2
G2_0514,3317.142,2,G2
G2_0515,3006.894,2,G2
G2_0516,3245.664,2,G2
G2_0517,3106.971,2,G2
G2_0518,3357.134,2,G2
G2_0519,2892.529,2,G2
G2_0520,2847.119,2,G2
G2_0521,2769.568,2,G2
G2_0522,3410.713,2,G2
G2_0523,2837.083,2,G2
G2_0524,2802.87,2,G2
G2_0525,3321.171,2,G2
G2_0526,3171.063,2,G2
G2_0527,3565.526,2,G2
G2_0528,3227.596,2,G2
G2_0529,2988.311,2,G2
G2_0530,3303.708,2,G2
