id,bw42_g,submitted_at
G0_0001,2587.9,2026-02-10T11:46:00
G0_0002,2933.8,2026-02-10T15:36:00
G0_0003,2557.4,2026-02-10T08:29:00
G0_0004,2818.8,2026-02-10T12:00:00
G0_0005,2548.2,2026-02-10T09:35:00
G0_0006,2796.2,2026-02-10T15:39:00
G0_0007,2953.6,2026-02-10T17:08:00
G0_0008,2586.6,2026-02-10T10:42:00
G0_0009,2640.3,2026-02-10T10:19:00
G0_0010,2742.7,2026-02-10T11:20:00
G0_0011,2729.1,2026-02-10T08:10:00
G0_0012,2351.5,2026-02-10T17:14:00
G0_0013,2516.5,2026-02-10T09:08:00
G0_0014,2810.9,2026-02-10T13:53:00
G0_0015,2858.4,2026-02-10T13:58:00
G0_0016,2768.0,2026-02-10T13:31:00
G0_0017,3369.8,2026-02-10T16:19:00
G0_0018,3094.5,2026-02-10T15:11:00
G0_0019,3134.3,2026-02-10T17:18:00
G0_0020,2851.4,2026-02-10T14:22:00
G0_0021,2936.1,2026-02-10T14:00:00
G0_0022,3133.9,2026-02-10T08:31:00
G0_0023,2786.0,2026-02-10T16:25:00
G0_0024,2701.9,2026-02-10T08:00:00
G0_0025,2980.5,2026-02-10T12:12:00
G0_0026,2835.0,2026-02-10T11:57:00
G0_0027,2736.7,2026-02-10T17:53:00
G0_0028,3091.8,2026-02-10T08:35:00
G0_0029,2759.3,2026-02-10T08:26:00
G0_0030,3004.2,2026-02-10T16:27:00
G0_0031,2573.1,2026-02-10T08:34:00
G0_0032,2576.0,2026-02-10T12:06:00
G0_0033,2638.5,2026-02-10T13:01:00
G0_0034,3432.1,2026-02-10T16:36:00
G0_0035,2887.1,2026-02-10T08:24:00
G0_0036,3387.7,2026-02-10T10:12:00
G0_0037,2843.3,2026-02-10T08:40:00
G0_0038,2602.5,2026-02-10T15:45:00
G0_0039,2663.8,2026-02-10T11:56:00
G0_0040,2784.5,2026-02-10T13:58:00
G0_0041,2895.9,2026-02-10T08:28:00
G0_0042,2747.0,2026-02-10T09:31:00
G0_0043,3115.4,2026-02-10T17:00:00
G0_0044,3184.2,2026-02-10T10:02:00
G0_0045,2544.3,2026-02-10T17:46:00
G0_0046,2879.4,2026-02-10T13:21:00
G0_0047,2618.3,2026-02-10T10:29:00
G0_0048,2991.9,2026-02-10T13:26:00
G0_0049,3065.6,2026-02-10T16:54:00
G0_0050,2535.4,2026-02-10T11:19:00
G0_0051,2680.6,2026-02-10T15:04:00
G0_0052,2570.6,2026-02-10T14:58:00
G0_0053,2895.1,2026-02-10T16:56:00
G0_0054,2611.8,2026-02-10T15:29:00
G0_0055,2903.8,2026-02-10T15:25:00
G0_0056,2817.0,2026-02-10T09:20:00
G0_0057,2690.5,2026-02-10T09:13:00
G0_0058,2254.3,2026-02-10T13:12:00
G0_0059,2868.0,2026-02-10T08:34:00
G0_0060,3247.1,2026-02-10T17:00:00
G0_0061,2957.2,2026-02-10T17:12:00
G0_0062,2677.4,2026-02-10T17:04:00
G0_0063,2607.7,2026-02-10T13:43:00
G0_0064,2794.5,2026-02-10T10:45:00
G0_0065,3107.3,2026-02-10T16:17:00
G0_0066,2809.5,2026-02-10T15:14:00
G0_0067,3034.6,2026-02-10T15:58:00
G0_0068,2586.2,2026-02-10T14:23:00
G0_0069,2840.6,2026-02-10T09:58:00
G0_0070,3322.9,2026-02-10T17:33:00
G0_0071,2819.2,2026-02-10T13:41:00
G0_0072,2575.9,2026-02-10T08:50:00
G0_0073,2988.7,2026-02-10T12:02:00
G0_0074,2754.4,2026-02-10T16:18:00
G0_0075,2924.0,2026-02-10T15:57:00
G0_0076,2441.3,2026-02-10T10:20:00
G0_0077,2879.0,2026-02-10T16:56:00
G0_0078,2697.8,2026-02-10T14:35:00
G0_0079,2855.4,2026-02-10T17:32:00
G0_0080,3010.0,2026-02-10T17:14:00
G0_0081,2733.5,2026-02-10T13:44:00
G0_0082,2208.9,2026-02-10T15:22:00
G0_0083,2760.5,2026-02-10T14:22:00
G0_0084,2842.6,2026-02-10T08:09:00
G0_0085,3166.1,2026-02-10T09:16:00
G0_0086,3132.4,2026-02-10T14:37:00
G0_0087,2537.6,2026-02-10T17:55:00
G0_0088,2439.7,2026-02-10T09:59:00
G0_0089,2562.9,2026-02-10T11:35:00
G0_0090,2620.0,2026-02-10T08:36:00
G0_0091,2700.6,2026-02-10T13:34:00
G0_0092,3320.0,2026-02-10T08:00:00
G0_0093,2995.1,2026-02-10T16:17:00
G0_0094,3394.8,2026-02-10T14:11:00
G0_0095,2642.9,2026-02-10T11:34:00
G0_0096,2771.6,2026-02-10T15:02:00
G0_0097,2347.0,2026-02-10T09:58:00
G0_0098,2018.8,2026-02-10T14:47:00
G0_0099,2495.5,2026-02-10T08:19:00
G0_0100,3167.3,2026-02-10T09:32:00
G0_0101,2797.1,2026-02-10T14:12:00
G0_0102,2835.0,2026-02-10T13:22:00
G0_0103,2671.4,2026-02-10T13:06:00
G0_0104,2664.5,2026-02-10T12:29:00
G0_0105,2742.8,2026-02-10T08:05:00
G0_0106,2526.1,2026-02-10T10:44:00
G0_0107,2745.6,2026-02-10T15:09:00
G0_0108,2847.1,2026-02-10T11:17:00
G0_0109,3011.2,2026-02-10T16:52:00
G0_0110,3385.5,2026-02-10T15:22:00
G0_0111,2715.0,2026-02-10T14:31:00
G0_0112,2472.0,2026-02-10T17:56:00
G0_0113,3103.5,2026-02-10T17:02:00
G0_0114,3152.0,2026-02-10T12:19:00
G0_0115,3214.2,2026-02-10T15:26:00
G0_0116,2978.9,2026-02-10T14:32:00
G0_0117,3071.4,2026-02-10T08:50:00
G0_0118,2449.8,2026-02-10T10:52:00
G0_0119,2941.5,2026-02-10T12:33:00
G0_0120,3107.0,2026-02-10T08:35:00
G0_0121,2513.7,2026-02-10T09:47:00
G0_0122,2709.3,2026-02-10T15:57:00
G0_0123,2774.0,2026-02-10T14:05:00
G0_0124,2662.3,2026-02-10T15:52:00
G0_0125,2635.7,2026-02-10T14:43:00
G0_0126,2873.6,2026-02-10T11:35:00
G0_0127,3051.4,2026-02-10T15:38:00
G0_0128,2546.0,2026-02-10T11:05:00
G0_0129,2487.8,2026-02-10T15:42:00
G0_0130,2938.9,2026-02-10T17:52:00
G0_0131,2825.8,2026-02-10T11:23:00
G0_0132,2792.2,2026-02-10T11:18:00
G0_0133,2957.5,2026-02-10T14:58:00
G0_0134,2599.1,2026-02-10T08:29:00
G0_0135,3216.8,2026-02-10T13:51:00
G0_0136,2875.8,2026-02-10T15:03:00
G0_0137,2192.3,2026-02-10T15:59:00
G0_0138,2708.4,2026-02-10T11:23:00
G0_0139,2666.1,2026-02-10T08:59:00
G0_0140,2823.6,2026-02-10T16:58:00
G0_0141,2941.9,2026-02-10T16:19:00
G0_0142,3108.3,2026-02-10T09:01:00
G0_0143,2577.7,2026-02-10T09:36:00
G0_0144,2516.8,2026-02-10T15:28:00
G0_0145,2830.6,2026-02-10T11:10:00
G0_0146,2748.5,2026-02-10T08:52:00
G0_0147,2279.7,2026-02-10T08:47:00
G0_0148,3392.6,2026-02-10T10:37:00
G0_0149,2933.3,2026-02-10T10:58:00
G0_0150,3101.7,2026-02-10T12:09:00
G0_0151,3116.9,2026-02-10T08:47:00
G0_0152,2554.1,2026-02-10T10:21:00
G0_0153,2839.4,2026-02-10T08:44:00
G0_0154,2630.8,2026-02-10T14:30:00
G0_0155,2670.3,2026-02-10T13:10:00
G0_0156,2524.5,2026-02-10T11:35:00
G0_0157,2949.4,2026-02-10T16:29:00
G0_0158,2618.5,2026-02-10T16:01:00
G0_0159,2838.9,2026-02-10T12:43:00
G0_0160,2746.5,2026-02-10T16:38:00
G0_0161,2298.1,2026-02-10T09:17:00
G0_0162,2916.7,2026-02-10T11:52:00
G0_0163,2474.3,2026-02-10T16:59:00
G0_0164,2659.4,2026-02-10T08:00:00
G0_0165,2874.7,2026-02-10T09:58:00
G0_0166,2830.8,2026-02-10T08:42:00
G0_0167,3026.6,2026-02-10T11:58:00
G0_0168,2709.6,2026-02-10T10:38:00
G0_0169,2799.1,2026-02-10T09:02:00
G0_0170,2651.0,2026-02-10T10:34:00
G0_0171,2793.0,2026-02-10T17:04:00
G0_0172,2760.5,2026-02-10T08:04:00
G0_0173,2702.6,2026-02-10T14:14:00
G0_0174,2835.9,2026-02-10T11:49:00
G0_0175,2793.0,2026-02-10T13:39:00
G0_0176,2707.5,2026-02-10T16:41:00
G0_0177,2305.0,2026-02-10T12:38:00
G0_0178,3116.9,2026-02-10T16:53:00
G0_0179,2658.2,2026-02-10T16:21:00
G0_0180,2556.1,2026-02-10T08:22:00
G0_0181,3358.3,2026-02-10T17:28:00
G0_0182,2777.6,2026-02-10T15:21:00
G0_0183,2473.9,2026-02-10T16:53:00
G0_0184,3109.1,2026-02-10T17:27:00
G0_0185,2676.7,2026-02-10T10:42:00
G0_0186,2423.9,2026-02-10T13:21:00
G0_0187,3132.7,2026-02-10T13:25:00
G0_0188,2756.7,2026-02-10T11:30:00
G0_0189,3226.0,2026-02-10T11:12:00
G0_0190,2679.6,2026-02-10T11:58:00
G0_0191,2854.8,2026-02-10T10:35:00
G0_0192,2322.5,2026-02-10T11:54:00
G0_0193,2631.4,2026-02-10T10:35:00
G0_0194,2698.3,2026-02-10T16:51:00
G0_0195,2741.4,2026-02-10T16:34:00
G0_0196,2478.1,2026-02-10T12:35:00
G0_0197,2819.9,2026-02-10T13:43:00
G0_0198,3081.2,2026-02-10T11:57:00
G0_0199,3236.7,2026-02-10T15:27:00
G0_0200,2647.2,2026-02-10T10:02:00
G0_0201,2993.9,2026-02-10T15:58:00
G0_0202,3266.3,2026-02-10T12:17:00
G0_0203,2782.8,2026-02-10T12:53:00
G0_0204,2644.3,2026-02-10T10:25:00
G0_0205,3093.1,2026-02-10T15:53:00
G0_0206,2918.0,2026-02-10T16:08:00
G0_0207,3277.8,2026-02-10T11:14:00
G0_0208,2562.0,2026-02-10T15:24:00
G0_0209,2888.0,2026-02-10T09:24:00
G0_0210,2873.8,2026-02-10T13:58:00
G0_0211,2776.7,2026-02-10T09:26:00
G0_0212,3279.3,2026-02-10T12:11:00
G0_0213,3090.0,2026-02-10T15:35:00
G0_0214,3070.7,2026-02-10T09:11:00
G0_0215,2906.1,2026-02-10T11:36:00
G0_0216,2967.5,2026-02-10T15:14:00
G0_0217,2468.1,2026-02-10T15:44:00
G0_0218,2713.5,2026-02-10T12:37:00
G0_0219,2551.0,2026-02-10T08:07:00
G0_0220,3085.4,2026-02-10T17:18:00
G0_0221,2613.5,2026-02-10T09:59:00
G0_0222,2646.1,2026-02-10T17:43:00
G0_0223,2741.9,2026-02-10T13:28:00
G0_0224,2654.1,2026-02-10T11:37:00
G0_0225,2458.1,2026-02-10T10:38:00
G0_0226,2759.5,2026-02-10T17:59:00
G0_0227,2714.3,2026-02-10T09:46:00
G0_0228,2952.5,2026-02-10T08:16:00
G0_0229,2032.8,2026-02-10T12:47:00
G0_0230,2474.7,2026-02-10T16:15:00
G0_0231,2986.2,2026-02-10T17:09:00
G0_0232,2768.8,2026-02-10T15:13:00
G0_0233,2791.8,2026-02-10T09:50:00
G0_0234,3235.4,2026-02-10T15:44:00
G0_0235,2976.7,2026-02-10T16:21:00
G0_0236,2518.5,2026-02-10T17:40:00
G0_0237,2833.4,2026-02-10T12:00:00
G0_0238,2669.9,2026-02-10T13:28:00
G0_0239,2516.3,2026-02-10T12:31:00
G0_0240,2837.0,2026-02-10T17:56:00
G0_0241,2961.2,2026-02-10T16:43:00
G0_0242,2869.5,2026-02-10T17:20:00
G0_0243,2916.0,2026-02-10T14:38:00
G0_0244,2532.8,2026-02-10T09:23:00
G0_0245,2529.0,2026-02-10T12:28:00
G0_0246,2390.7,2026-02-10T08:34:00
G0_0247,2326.5,2026-02-10T15:42:00
G0_0248,3215.3,2026-02-10T15:11:00
G0_0249,2747.2,2026-02-10T08:29:00
G0_0250,2537.1,2026-02-10T09:25:00
G0_0251,2443.9,2026-02-10T10:53:00
G0_0252,2722.9,2026-02-10T17:15:00
G0_0253,3058.6,2026-02-10T13:09:00
G0_0254,2699.0,2026-02-10T11:41:00
G0_0255,2269.3,2026-02-10T13:33:00
G0_0256,2949.9,2026-02-10T15:27:00
G0_0257,2951.0,2026-02-10T13:14:00
G0_0258,2795.4,2026-02-10T15:18:00
G0_0259,2716.4,2026-02-10T12:37:00
G0_0260,3350.4,2026-02-10T10:48:00
G0_0261,2200.5,2026-02-10T08:04:00
G0_0262,2396.9,2026-02-10T08:08:00
G0_0263,2864.5,2026-02-10T16:33:00
G0_0264,2955.7,2026-02-10T11:52:00
G0_0265,2807.8,2026-02-10T11:23:00
G0_0266,3015.9,2026-02-10T10:52:00
G0_0267,2369.4,2026-02-10T12:25:00
G0_0268,2662.2,2026-02-10T11:30:00
G0_0269,2827.0,2026-02-10T15:31:00
G0_0270,3223.1,2026-02-10T16:07:00
G0_0271,2341.1,2026-02-10T13:24:00
G0_0272,3245.0,2026-02-10T11:44:00
G0_0273,3197.5,2026-02-10T13:20:00
G0_0274,2320.8,2026-02-10T15:02:00
G0_0275,2614.4,2026-02-10T13:07:00
G0_0276,3047.7,2026-02-10T11:30:00
G0_0277,3078.1,2026-02-10T10:36:00
G0_0278,2802.3,2026-02-10T12:56:00
G0_0279,2905.5,2026-02-10T11:00:00
G0_0280,3121.4,2026-02-10T17:45:00
G0_0281,2708.7,2026-02-10T11:24:00
G0_0282,2944.9,2026-02-10T16:50:00
G0_0283,2965.4,2026-02-10T16:27:00
G0_0284,3223.9,2026-02-10T11:59:00
G0_0285,2956.5,2026-02-10T16:32:00
G0_0286,3183.4,2026-02-10T12:06:00
G0_0287,2691.1,2026-02-10T14:20:00
G0_0288,2684.7,2026-02-10T09:01:00
G0_0289,2638.1,2026-02-10T15:31:00
G0_0290,2928.6,2026-02-10T12:33:00
G0_0291,2759.4,2026-02-10T08:48:00
G0_0292,3204.1,2026-02-10T12:54:00
G0_0293,2965.7,2026-02-10T17:51:00
G0_0294,2983.9,2026-02-10T14:48:00
G0_0295,2786.3,2026-02-10T16:49:00
G0_0296,3139.7,2026-02-10T13:27:00
G0_0297,2823.4,2026-02-10T16:31:00
G0_0298,2639.0,2026-02-10T11:42:00
G0_0299,2705.7,2026-02-10T08:18:00
G0_0300,3078.1,2026-02-10T09:45:00
G0_0301,2639.4,2026-02-10T12:29:00
G0_0302,2875.0,2026-02-10T11:01:00
G0_0303,2971.2,2026-02-10T11:57:00
G0_0304,3123.9,2026-02-10T17:49:00
G0_0305,2925.7,2026-02-10T11:09:00
G0_0306,2604.5,2026-02-10T09:17:00
G0_0307,2846.6,2026-02-10T14:47:00
G0_0308,3251.5,2026-02-10T15:41:00
G0_0309,2487.3,2026-02-10T15:53:00
G0_0310,3248.9,2026-02-10T12:43:00
G0_0311,2504.1,2026-02-10T16:21:00
G0_0312,2888.6,2026-02-10T15:35:00
G0_0313,2600.3,2026-02-10T14:58:00
G0_0314,3095.1,2026-02-10T10:51:00
G0_0315,2663.9,2026-02-10T17:02:00
G0_0316,3278.9,2026-02-10T09:07:00
G0_0317,2850.0,2026-02-10T09:04:00
G0_0318,3055.5,2026-02-10T17:34:00
G0_0319,3280.4,2026-02-10T11:28:00
G0_0320,2576.6,2026-02-10T15:54:00
G0_0321,2459.3,2026-02-10T10:49:00
G0_0322,2624.1,2026-02-10T17:13:00
G0_0323,3345.2,2026-02-10T12:09:00
G0_0324,2608.5,2026-02-10T15:57:00
G0_0325,2729.0,2026-02-10T15:32:00
G0_0326,2664.0,2026-02-10T08:52:00
G0_0327,3035.5,2026-02-10T16:30:00
G0_0328,2209.8,2026-02-10T14:12:00
G0_0329,3519.3,2026-02-10T14:50:00
G0_0330,2427.2,2026-02-10T11:01:00
G0_0331,2953.3,2026-02-10T10:01:00
G0_0332,3066.5,2026-02-10T08:02:00
G0_0333,2967.8,2026-02-10T15:20:00
G0_0334,2585.8,2026-02-10T10:28:00
G0_0335,2894.3,2026-02-10T10:47:00
G0_0336,2842.9,2026-02-10T16:44:00
G0_0337,2942.9,2026-02-10T13:06:00
G0_0338,2759.5,2026-02-10T13:07:00
G0_0339,2647.8,2026-02-10T09:54:00
G0_0340,2761.7,2026-02-10T17:16:00
G0_0341,2780.6,2026-02-10T16:19:00
G0_0342,2766.9,2026-02-10T14:07:00
G0_0343,2343.2,2026-02-10T13:20:00
G0_0344,2635.9,2026-02-10T10:57:00
G0_0345,2696.4,2026-02-10T09:47:00
G0_0346,2171.9,2026-02-10T16:19:00
G0_0347,3053.7,2026-02-10T11:16:00
G0_0348,2562.3,2026-02-10T10:31:00
G0_0349,2658.1,2026-02-10T09:01:00
G0_0350,3169.8,2026-02-10T17:24:00
G0_0351,2800.3,2026-02-10T13:54:00
G0_0352,2800.2,2026-02-10T08:49:00
G0_0353,2995.8,2026-02-10T12:10:00
G0_0354,2839.3,2026-02-10T11:33:00
G0_0355,3331.6,2026-02-10T17:57:00
G0_0356,2622.9,2026-02-10T17:32:00
G0_0357,2682.5,2026-02-10T17:02:00
G0_0358,2959.3,2026-02-10T12:14:00
G0_0359,2545.6,2026-02-10T13:53:00
G0_0360,2515.2,2026-02-10T11:16:00
G0_0361,2592.6,2026-02-10T14:15:00
G0_0362,2477.5,2026-02-10T14:19:00
G0_0363,2748.3,2026-02-10T09:18:00
G0_0364,3316.8,2026-02-10T13:40:00
G0_0365,2590.7,2026-02-10T17:04:00
G0_0366,3373.9,2026-02-10T09:24:00
G0_0367,2855.1,2026-02-10T08:43:00
G0_0368,2921.6,2026-02-10T12:34:00
G0_0369,2727.5,2026-02-10T10:59:00
G0_0370,2858.5,2026-02-10T12:57:00
G0_0371,2576.5,2026-02-10T13:14:00
G0_0372,2829.4,2026-02-10T08:12:00
G0_0373,2786.0,2026-02-10T10:34:00
G0_0374,2685.8,2026-02-10T10:41:00
G0_0375,2510.4,2026-02-10T09:15:00
G0_0376,2633.0,2026-02-10T10:14:00
G0_0377,2631.4,2026-02-10T15:27:00
G0_0378,3049.5,2026-02-10T10:16:00
G0_0379,3067.4,2026-02-10T11:35:00
G0_0380,2621.7,2026-02-10T13:53:00
G0_0381,2453.0,2026-02-10T13:23:00
G0_0382,2475.1,2026-02-10T14:37:00
G0_0383,2613.7,2026-02-10T13:11:00
G0_0384,2910.6,2026-02-10T13:05:00
G0_0385,2745.5,2026-02-10T09:48:00
G0_0386,2914.0,2026-02-10T14:14:00
G0_0387,2830.9,2026-02-10T13:40:00
G0_0388,2757.4,2026-02-10T09:08:00
G0_0389,2961.9,2026-02-10T08:55:00
G0_0390,2744.5,2026-02-10T14:45:00
G0_0391,2690.3,2026-02-10T16:54:00
G0_0392,2868.8,2026-02-10T14:55:00
G0_0393,3186.7,2026-02-10T14:20:00
G0_0394,3430.6,2026-02-10T09:25:00
G0_0395,2786.9,2026-02-10T10:26:00
G0_0396,3162.7,2026-02-10T14:15:00
G0_0397,2915.8,2026-02-10T14:35:00
G0_0398,2900.0,2026-02-10T13:38:00
G0_0399,2519.8,2026-02-10T09:16:00
G0_0400,2353.6,2026-02-10T09:47:00
G0_0401,2681.4,2026-02-10T12:22:00
G0_0402,2674.0,2026-02-10T14:34:00
G0_0403,2584.9,2026-02-10T10:42:00
G0_0404,2302.5,2026-02-10T08:24:00
G0_0405,2906.7,2026-02-10T10:27:00
G0_0406,3189.8,2026-02-10T08:21:00
G0_0407,2736.9,2026-02-10T14:50:00
G0_0408,3027.8,2026-02-10T17:32:00
G0_0409,2838.2,2026-02-10T17:51:00
G0_0410,2847.7,2026-02-10T17:16:00
G0_0411,3044.4,2026-02-10T15:34:00
G0_0412,3354.4,2026-02-10T12:35:00
G0_0413,3055.9,2026-02-10T15:18:00
G0_0414,2801.7,2026-02-10T10:33:00
G0_0415,2774.6,2026-02-10T13:43:00
G0_0416,2548.9,2026-02-10T17:13:00
G0_0417,2775.2,2026-02-10T08:28:00
G0_0418,2992.9,2026-02-10T08:55:00
G0_0419,2867.2,2026-02-10T08:14:00
G0_0420,2692.9,2026-02-10T12:33:00
G0_0421,2725.4,2026-02-10T11:55:00
G0_0422,3433.6,2026-02-10T11:25:00
G0_0423,2577.1,2026-02-10T14:55:00
G0_0424,2734.0,2026-02-10T10:18:00
G0_0425,2244.9,2026-02-10T12:10:00
G0_0426,2734.8,2026-02-10T10:17:00
G0_0427,3058.7,2026-02-10T13:31:00
G0_0428,2894.6,2026-02-10T08:44:00
G0_0429,2526.3,2026-02-10T17:46:00
G0_0430,3117.4,2026-02-10T13:21:00
G0_0431,3466.8,2026-02-10T11:12:00
G0_0432,2374.1,2026-02-10T10:14:00
G0_0433,2665.8,2026-02-10T08:14:00
G0_0434,2727.3,2026-02-10T15:11:00
G0_0435,3370.3,2026-02-10T08:41:00
G0_0436,3155.1,2026-02-10T17:11:00
G0_0437,2458.4,2026-02-10T17:08:00
G0_0438,2942.2,2026-02-10T11:31:00
G0_0439,2552.9,2026-02-10T09:25:00
G0_0440,2784.2,2026-02-10T15:04:00
G0_0441,3062.3,2026-02-10T09:42:00
G0_0442,2935.3,2026-02-10T11:28:00
G0_0443,3009.6,2026-02-10T08:05:00
G0_0444,3087.4,2026-02-10T16:38:00
G0_0445,2614.5,2026-02-10T13:30:00
G0_0446,3087.4,2026-02-10T16:05:00
G0_0447,2810.1,2026-02-10T10:34:00
G0_0448,2915.5,2026-02-10T09:24:00
G0_0449,3223.4,2026-02-10T09:49:00
G0_0450,2746.7,2026-02-10T16:58:00
G0_0451,2969.6,2026-02-10T17:12:00
G0_0452,2876.3,2026-02-10T13:51:00
G0_0453,2563.2,2026-02-10T12:55:00
G0_0454,3025.6,2026-02-10T14:11:00
G0_0455,2822.0,2026-02-10T11:22:00
G0_0456,2566.7,2026-02-10T15:50:00
G0_0457,2733.8,2026-02-10T13:46:00
G0_0458,2846.2,2026-02-10T11:46:00
G0_0459,2586.2,2026-02-10T13:15:00
G0_0460,3222.1,2026-02-10T14:03:00
G0_0461,2759.3,2026-02-10T08:01:00
G0_0462,3228.2,2026-02-10T08:10:00
G0_0463,2278.3,2026-02-10T08:30:00
G0_0464,2691.3,2026-02-10T08:05:00
G0_0465,3218.2,2026-02-10T12:55:00
G0_0466,2934.6,2026-02-10T13:43:00
G0_0467,2920.7,2026-02-10T14:25:00
G0_0468,2728.0,2026-02-10T16:50:00
G0_0469,2918.5,2026-02-10T09:00:00
G0_0470,2886.9,2026-02-10T11:43:00
G0_0471,2972.6,2026-02-10T10:12:00
G0_0472,2982.0,2026-02-10T09:27:00
G0_0473,3283.9,2026-02-10T13:32:00
G0_0474,2705.8,2026-02-10T13:55:00
G0_0475,2519.5,2026-02-10T08:31:00
G0_0476,2802.3,2026-02-10T11:45:00
G0_0477,2972.0,2026-02-10T15:58:00
G0_0478,2255.6,2026-02-10T10:22:00
G0_0479,2548.7,2026-02-10T08:56:00
G0_0480,3167.9,2026-02-10T11:37:00
G0_0481,2600.4,2026-02-10T17:08:00
G0_0482,2701.5,2026-02-10T16:52:00
G0_0483,3143.6,2026-02-10T16:07:00
G0_0484,2751.0,2026-02-10T11:30:00
G0_0485,2893.3,2026-02-10T14:22:00
G0_0486,2902.8,2026-02-10T16:19:00
G0_0487,2869.7,2026-02-10T12:07:00
G0_0488,2857.8,2026-02-10T15:54:00
G0_0489,2894.3,2026-02-10T17:20:00
G0_0490,2657.7,2026-02-10T14:31:00
G0_0491,2554.3,2026-02-10T15:59:00
G0_0492,2692.0,2026-02-10T15:25:00
G0_0493,3188.1,2026-02-10T12:57:00
G0_0494,2711.0,2026-02-10T09:58:00
G0_0495,2751.5,2026-02-10T11:56:00
G0_0496,2785.8,2026-02-10T12:12:00
G0_0497,3106.1,2026-02-10T17:39:00
G0_0498,2830.4,2026-02-10T10:39:00
G0_0499,2732.2,2026-02-10T17:22:00
G0_0500,2643.5,2026-02-10T16:17:00
G0_0501,2901.4,2026-02-10T11:50:00
G0_0502,3113.2,2026-02-10T16:54:00
G0_0503,2772.7,2026-02-10T16:23:00
G0_0504,2906.6,2026-02-10T16:26:00
G0_0505,3094.7,2026-02-10T16:25:00
G0_0506,2595.2,2026-02-10T14:23:00
G0_0507,3091.5,2026-02-10T08:04:00
G0_0508,2935.4,2026-02-10T16:59:00
G0_0509,3213.6,2026-02-10T17:26:00
G0_0510,2673.1,2026-02-10T09:19:00
G0_0511,2117.1,2026-02-10T12:18:00
G0_0512,2663.4,2026-02-10T10:42:00
G0_0513,2661.1,2026-02-10T13:36:00
G0_0514,2912.4,2026-02-10T08:42:00
G0_0515,2711.5,2026-02-10T11:36:00
G0_0516,3154.9,2026-02-10T11:40:00
G0_0517,3225.9,2026-02-10T12:24:00
G0_0518,3066.7,2026-02-10T15:37:00
G0_0519,3122.8,2026-02-10T13:19:00
G0_0520,3052.9,2026-02-10T10:14:00
G0_0521,2953.4,2026-02-10T16:18:00
G0_0522,2855.7,2026-02-10T15:21:00
G0_0523,3031.2,2026-02-10T08:35:00
G0_0524,2849.3,2026-02-10T09:18:00
G0_0525,2789.7,2026-02-10T11:41:00
G0_0526,3057.6,2026-02-10T15:13:00
G0_0527,2899.5,2026-02-10T15:51:00
G0_0528,2738.3,2026-02-10T13:30:00
G0_0529,2935.5,2026-02-10T15:09:00
G0_0530,2442.5,2026-02-10T11:51:00
G0_0531,3029.4,2026-02-10T08:46:00
G0_0532,2484.9,2026-02-10T17:29:00
G0_0533,2663.5,2026-02-10T15:58:00
G0_0534,2976.1,2026-02-10T15:42:00
G0_0535,2500.1,2026-02-10T16:43:00
G0_0536,2465.9,2026-02-10T08:53:00
G0_0537,3198.5,2026-02-10T13:38:00
G0_0538,2780.8,2026-02-10T10:18:00
G0_0539,2074.5,2026-02-10T08:57:00
G0_0540,2826.8,2026-02-10T12:39:00
G0_0541,2792.2,2026-02-10T15:04:00
G0_0542,2720.0,2026-02-10T11:27:00
G0_0543,2850.9,2026-02-10T09:05:00
G0_0544,2239.8,2026-02-10T16:54:00
G0_0545,2840.0,2026-02-10T10:03:00
G0_0546,2790.5,2026-02-10T09:50:00
G0_0547,2737.9,2026-02-10T10:23:00
G0_0548,2707.0,2026-02-10T15:26:00
G0_0549,2944.1,2026-02-10T16:45:00
G0_0550,2780.6,2026-02-10T16:37:00
G0_0551,2844.7,2026-02-10T08:37:00
G0_0552,2923.0,2026-02-10T17:14:00
G0_0553,2564.8,2026-02-10T15:02:00
G0_0554,2768.1,2026-02-10T14:27:00
G0_0555,2860.9,2026-02-10T17:41:00
G0_0556,2647.4,2026-02-10T14:28:00
G0_0557,3089.7,2026-02-10T15:22:00
G0_0558,2869.8,2026-02-10T15:07:00
G0_0559,2800.3,2026-02-10T10:19:00
G0_0560,2590.4,2026-02-10T09:41:00
G0_0561,2437.8,2026-02-10T09:11:00
G0_0562,3072.6,2026-02-10T08:56:00
G0_0563,2275.9,2026-02-10T11:02:00
G0_0564,2443.0,2026-02-10T15:49:00
G0_0565,2810.6,2026-02-10T16:12:00
G0_0566,2629.0,2026-02-10T11:07:00
G0_0567,3124.7,2026-02-10T13:42:00
G0_0568,2926.1,2026-02-10T15:27:00
G0_0569,2809.4,2026-02-10T12:49:00
G0_0570,2417.0,2026-02-10T12:53:00
G0_0571,2608.2,2026-02-10T13:05:00
G0_0572,2443.3,2026-02-10T12:08:00
G0_0573,2582.0,2026-02-10T09:27:00
G0_0574,2812.8,2026-02-10T08:47:00
G0_0575,2541.9,2026-02-10T13:04:00
G0_0576,2868.1,2026-02-10T14:33:00
G0_0577,2906.1,2026-02-10T10:11:00
G0_0578,2765.6,2026-02-10T09:39:00
G0_0579,3010.9,2026-02-10T13:22:00
G0_0580,2664.2,2026-02-10T14:43:00
G0_0581,2362.8,2026-02-10T12:07:00
G0_0582,2669.3,2026-02-10T12:26:00
G0_0583,2868.9,2026-02-10T16:24:00
G0_0584,2512.5,2026-02-10T08:25:00
G0_0585,2713.8,2026-02-10T10:21:00
G0_0586,2903.8,2026-02-10T17:31:00
G0_0587,3085.6,2026-02-10T09:02:00
G0_0588,2506.4,2026-02-10T11:57:00
G0_0589,3051.9,2026-02-10T17:41:00
G0_0590,3160.0,2026-02-10T16:42:00
G0_0591,2849.1,2026-02-10T12:28:00
G0_0592,2462.3,2026-02-10T14:25:00
G0_0593,2714.6,2026-02-10T15:31:00
G0_0594,3103.7,2026-02-10T12:19:00
G0_0595,2889.1,2026-02-10T15:43:00
G0_0596,2935.0,2026-02-10T15:15:00
G0_0597,2632.5,2026-02-10T10:31:00
G0_0598,2919.4,2026-02-10T08:09:00
G0_0599,3252.4,2026-02-10T14:49:00
G0_0600,2757.7,2026-02-10T09:29:00
G0_0601,2917.4,2026-02-10T13:12:00
G0_0602,2448.8,2026-02-10T12:33:00
G0_0603,2356.5,2026-02-10T09:42:00
G0_0604,2481.6,2026-02-10T12:11:00
G0_0605,3144.7,2026-02-10T15:35:00
G0_0606,2705.3,2026-02-10T15:50:00
G0_0607,2941.5,2026-02-10T16:23:00
G0_0608,2665.3,2026-02-10T14:31:00
G0_0609,2597.8,2026-02-10T14:18:00
G0_0610,2672.7,2026-02-10T12:21:00
G0_0611,3029.1,2026-02-10T14:53:00
G0_0612,2199.4,2026-02-10T09:04:00
G0_0613,2502.9,2026-02-10T17:07:00
G0_0614,3038.4,2026-02-10T10:56:00
G0_0615,2905.0,2026-02-10T17:37:00
G0_0616,2530.2,2026-02-10T14:44:00
G0_0617,2694.5,2026-02-10T15:43:00
G0_0618,2720.4,2026-02-10T13:08:00
G0_0619,2152.0,2026-02-10T14:43:00
G0_0620,2815.6,2026-02-10T15:17:00
G0_0621,2838.7,2026-02-10T11:36:00
G0_0622,2777.6,2026-02-10T13:40:00
G0_0623,2688.8,2026-02-10T15:59:00
G0_0624,2796.8,2026-02-10T17:56:00
G0_0625,2024.3,2026-02-10T10:58:00
G0_0626,2719.8,2026-02-10T15:48:00
G0_0627,2709.1,2026-02-10T15:10:00
G0_0628,3023.6,2026-02-10T10:51:00
G0_0629,3379.9,2026-02-10T16:29:00
G0_0630,2782.0,2026-02-10T09:26:00
G0_0631,3214.8,2026-02-10T12:13:00
G0_0632,2900.2,2026-02-10T15:39:00
G0_0633,3180.2,2026-02-10T11:30:00
G0_0634,2998.1,2026-02-10T16:47:00
G0_0635,2648.4,2026-02-10T11:42:00
G0_0636,3185.7,2026-02-10T15:26:00
G0_0637,2844.1,2026-02-10T13:48:00
G0_0638,2373.8,2026-02-10T17:12:00
G0_0639,3025.1,2026-02-10T15:36:00
G0_0640,3435.3,2026-02-10T12:14:00
G0_0641,2923.2,2026-02-10T11:06:00
G0_0642,2866.6,2026-02-10T14:29:00
G0_0643,2574.6,2026-02-10T10:59:00
G0_0644,2576.0,2026-02-10T12:11:00
G0_0645,2595.4,2026-02-10T09:08:00
G0_0646,3002.6,2026-02-10T08:02:00
G0_0647,2696.0,2026-02-10T12:58:00
G0_0648,2762.8,2026-02-10T13:32:00
G0_0649,2979.2,2026-02-10T14:37:00
G0_0650,2999.8,2026-02-10T11:10:00
G0_0651,2648.5,2026-02-10T09:31:00
G0_0652,2782.4,2026-02-10T13:46:00
G0_0653,3035.0,2026-02-10T09:15:00
G0_0654,2658.8,2026-02-10T13:08:00
G0_0655,2914.6,2026-02-10T13:11:00
G0_0656,2967.8,2026-02-10T16:37:00
G0_0657,2978.4,2026-02-10T17:55:00
G0_0658,2459.0,2026-02-10T09:49:00
G0_0659,2801.9,2026-02-10T16:00:00
G0_0660,2588.6,2026-02-10T16:19:00
G0_0661,3173.2,2026-02-10T08:28:00
G0_0662,2899.0,2026-02-10T11:47:00
G0_0663,3219.3,2026-02-10T09:37:00
G0_0664,3246.7,2026-02-10T14:26:00
G0_0665,2480.6,2026-02-10T09:44:00
G0_0666,2947.0,2026-02-10T08:51:00
G0_0667,2826.1,2026-02-10T14:54:00
G0_0668,2496.3,2026-02-10T11:47:00
G0_0669,2459.3,2026-02-10T12:39:00
G0_0670,3123.4,2026-02-10T15:08:00
G0_0671,2552.5,2026-02-10T09:48:00
G0_0672,2727.3,2026-02-10T10:15:00
G0_0673,3226.7,2026-02-10T14:03:00
G0_0674,2567.6,2026-02-10T10:08:00
G0_0675,3029.4,2026-02-10T09:31:00
G0_0676,3276.7,2026-02-10T09:35:00
G0_0677,2904.8,2026-02-10T17:24:00
G0_0678,2597.4,2026-02-10T09:37:00
G0_0679,2290.2,2026-02-10T15:41:00
G0_0680,2671.5,2026-02-10T11:03:00
G0_0681,2411.2,2026-02-10T10:14:00
G0_0682,2684.7,2026-02-10T08:50:00
G0_0683,2609.0,2026-02-10T11:32:00
G0_0684,2641.0,2026-02-10T12:10:00
G0_0685,3194.3,2026-02-10T14:52:00
G0_0686,2927.4,2026-02-10T14:56:00
G0_0687,2927.4,2026-02-10T16:37:00
G0_0688,3088.1,2026-02-10T12:33:00
G0_0689,2498.5,2026-02-10T16:44:00
G0_0690,2490.2,2026-02-10T08:24:00
G0_0691,2550.4,2026-02-10T09:10:00
G0_0692,2669.4,2026-02-10T09:20:00
G0_0693,2551.2,2026-02-10T14:55:00
G0_0694,2832.3,2026-02-10T08:29:00
G0_0695,2609.0,2026-02-10T09:52:00
G0_0696,2458.1,2026-02-10T11:21:00
G0_0697,2476.6,2026-02-10T14:25:00
G0_0698,2934.2,2026-02-10T09:04:00
G0_0699,2799.3,2026-02-10T12:08:00
G0_0700,2938.3,2026-02-10T13:51:00
G0_0701,2724.4,2026-02-10T11:43:00
G0_0702,2969.1,2026-02-10T08:05:00
G0_0703,2917.8,2026-02-10T15:22:00
G0_0704,3334.4,2026-02-10T11:59:00
G0_0705,2691.7,2026-02-10T15:27:00
G0_0706,2660.8,2026-02-10T12:03:00
G0_0707,2860.3,2026-02-10T13:17:00
G0_0708,3172.3,2026-02-10T16:23:00
G0_0709,2960.3,2026-02-10T09:41:00
G0_0710,2818.6,2026-02-10T09:29:00
G0_0711,2837.5,2026-02-10T17:52:00
G0_0712,3178.8,2026-02-10T09:52:00
G0_0713,2774.8,2026-02-10T10:17:00
G0_0714,2632.4,2026-02-10T11:56:00
G0_0715,2829.1,2026-02-10T11:42:00
G0_0716,2762.5,2026-02-10T15:02:00
G0_0717,2816.0,2026-02-10T15:03:00
G0_0718,2689.5,2026-02-10T16:25:00
G0_0719,3342.2,2026-02-10T12:10:00
G0_0720,2971.6,2026-02-10T11:44:00
G0_0721,2910.3,2026-02-10T16:46:00
G0_0722,3088.1,2026-02-10T13:11:00
G0_0723,2674.0,2026-02-10T16:06:00
G0_0724,2174.6,2026-02-10T14:11:00
G0_0725,3009.9,2026-02-10T16:04:00
G0_0726,2715.8,2026-02-10T17:05:00
G0_0727,2942.1,2026-02-10T09:38:00
G0_0728,2444.5,2026-02-10T09:49:00
G0_0729,3367.5,2026-02-10T11:10:00
G0_0730,2890.4,2026-02-10T12:47:00
G0_0731,3012.3,2026-02-10T11:33:00
G0_0732,2746.2,2026-02-10T13:12:00
G0_0733,2492.0,2026-02-10T16:57:00
G0_0734,2991.4,2026-02-10T09:46:00
G0_0735,3033.6,2026-02-10T10:20:00
G0_0736,2865.1,2026-02-10T10:26:00
G0_0737,2738.6,2026-02-10T13:44:00
G0_0738,2679.1,2026-02-10T10:03:00
G0_0739,3166.4,2026-02-10T10:10:00
G0_0740,2577.7,2026-02-10T12:12:00
G0_0741,2907.7,2026-02-10T09:05:00
G0_0742,2763.7,2026-02-10T17:30:00
G0_0743,2512.2,2026-02-10T08:22:00
G0_0744,2603.6,2026-02-10T08:21:00
G0_0745,2976.9,2026-02-10T15:58:00
G0_0746,3130.1,2026-02-10T11:41:00
G0_0747,2641.3,2026-02-10T08:03:00
G0_0748,3129.4,2026-02-10T09:21:00
G0_0749,2749.6,2026-02-10T09:15:00
G0_0750,2365.4,2026-02-10T12:51:00
G0_0751,2937.8,2026-02-10T09:00:00
G0_0752,2776.5,2026-02-10T14:03:00
G0_0753,2931.4,2026-02-10T14:34:00
G0_0754,2751.0,2026-02-10T09:33:00
G0_0755,2992.1,2026-02-10T09:37:00
G0_0756,2941.8,2026-02-10T13:15:00
G0_0757,3025.8,2026-02-10T10:20:00
G0_0758,2910.2,2026-02-10T12:54:00
G0_0759,2684.5,2026-02-10T11:19:00
G0_0760,2618.3,2026-02-10T17:07:00
G0_0761,2954.8,2026-02-10T12:29:00
G0_0762,3319.8,2026-02-10T12:49:00
G0_0763,3041.7,2026-02-10T16:11:00
G0_0764,2826.8,2026-02-10T11:09:00
G0_0765,2716.0,2026-02-10T08:17:00
G0_0766,2667.3,2026-02-10T08:27:00
G0_0767,2726.8,2026-02-10T12:26:00
G0_0768,3130.0,2026-02-10T16:47:00
G0_0769,3080.5,2026-02-10T12:30:00
G0_0770,2595.7,2026-02-10T17:00:00
G0_0771,3420.8,2026-02-10T08:25:00
G0_0772,2842.9,2026-02-10T12:46:00
G0_0773,2949.2,2026-02-10T10:18:00
G0_0774,2385.5,2026-02-10T16:33:00
G0_0775,2699.5,2026-02-10T08:58:00
G0_0776,3034.0,2026-02-10T10:27:00
G0_0777,2514.6,2026-02-10T15:36:00
G0_0778,2670.1,2026-02-10T17:17:00
G0_0779,2591.7,2026-02-10T10:28:00
G0_0780,3260.1,2026-02-10T17:36:00
G0_0781,2784.3,2026-02-10T10:30:00
G0_0782,2548.4,2026-02-10T15:45:00
G0_0783,2675.6,2026-02-10T11:47:00
G0_0784,2476.2,2026-02-10T13:16:00
G0_0785,2557.1,2026-02-10T16:12:00
G0_0786,2438.0,2026-02-10T11:20:00
G0_0787,2651.9,2026-02-10T08:58:00
G0_0788,2816.1,2026-02-10T15:08:00
G0_0789,2647.8,2026-02-10T17:12:00
G0_0790,2479.7,2026-02-10T17:16:00
G0_0791,3061.2,2026-02-10T17:23:00
G0_0792,2831.0,2026-02-10T16:24:00
G0_0793,2649.5,2026-02-10T14:33:00
G0_0794,2942.7,2026-02-10T13:32:00
G0_0795,2730.5,2026-02-10T17:00:00
G0_0796,2616.8,2026-02-10T16:52:00
G0_0797,2516.4,2026-02-10T16:39:00
G0_0798,3170.7,2026-02-10T11:46:00
G0_0799,2659.8,2026-02-10T12:23:00
G0_0800,2870.0,2026-02-10T15:34:00
G0_0801,2754.3,2026-02-10T10:54:00
G0_0802,2465.1,2026-02-10T16:38:00
G0_0803,2777.8,2026-02-10T14:29:00
G0_0804,2898.7,2026-02-10T17:33:00
G0_0805,2515.4,2026-02-10T17:01:00
G0_0806,3128.6,2026-02-10T12:29:00
G0_0807,2814.8,2026-02-10T16:08:00
G0_0808,2960.2,2026-02-10T17:59:00
G0_0809,3182.2,2026-02-10T11:07:00
G0_0810,2952.7,2026-02-10T12:56:00
G0_0811,3195.5,2026-02-10T11:34:00
G0_0812,2681.1,2026-02-10T11:48:00
G0_0813,2911.7,2026-02-10T10:29:00
G0_0814,2995.8,2026-02-10T12:37:00
G0_0815,2189.2,2026-02-10T17:34:00
G0_0816,2531.8,2026-02-10T14:09:00
G0_0817,3024.3,2026-02-10T09:36:00
G0_0818,2829.3,2026-02-10T16:14:00
G0_0819,3024.4,2026-02-10T09:08:00
G0_0820,2640.0,2026-02-10T15:52:00
G0_0821,2426.8,2026-02-10T14:29:00
G0_0822,2794.7,2026-02-10T15:17:00
G0_0823,2584.0,2026-02-10T16:10:00
G0_0824,3033.1,2026-02-10T12:00:00
G0_0825,2899.7,2026-02-10T08:45:00
G0_0826,2953.9,2026-02-10T16:03:00
G0_0827,2961.0,2026-02-10T09:23:00
G0_0828,2961.3,2026-02-10T09:39:00
G0_0829,2703.2,2026-02-10T16:10:00
G0_0830,2641.8,2026-02-10T15:11:00
G0_0831,2424.7,2026-02-10T13:31:00
G0_0832,3074.3,2026-02-10T12:16:00
G0_0833,2941.7,2026-02-10T15:37:00
G0_0834,3133.4,2026-02-10T08:43:00
G0_0835,2842.9,2026-02-10T10:28:00
G0_0836,2534.7,2026-02-10T16:23:00
G0_0837,2607.9,2026-02-10T14:31:00
G0_0838,2954.0,2026-02-10T17:00:00
G0_0839,3374.2,2026-02-10T13:41:00
G0_0840,3275.2,2026-02-10T08:10:00
G0_0841,3064.5,2026-02-10T17:10:00
G0_0842,2811.2,2026-02-10T10:27:00
G0_0843,2790.1,2026-02-10T15:40:00
G0_0844,2798.6,2026-02-10T08:23:00
G0_0845,2902.2,2026-02-10T17:30:00
G0_0846,2655.6,2026-02-10T08:15:00
G0_0847,2694.6,2026-02-10T15:17:00
G0_0848,3135.8,2026-02-10T08:48:00
G0_0849,3053.0,2026-02-10T12:51:00
G0_0850,2500.7,2026-02-10T14:41:00
G0_0851,2388.8,2026-02-10T16:07:00
G0_0852,2597.7,2026-02-10T09:15:00
G0_0853,2683.5,2026-02-10T16:46:00
G0_0854,3015.0,2026-02-10T17:14:00
G0_0855,2805.8,2026-02-10T16:35:00
G0_0856,2554.6,2026-02-10T12:48:00
G0_0857,2703.7,2026-02-10T11:23:00
G0_0858,2839.1,2026-02-10T09:19:00
G0_0859,2803.1,2026-02-10T08:20:00
G0_0860,2734.4,2026-02-10T16:07:00
G0_0861,2886.7,2026-02-10T11:36:00
G0_0862,2568.9,2026-02-10T17:01:00
G0_0863,2709.7,2026-02-10T17:16:00
G0_0864,3006.4,2026-02-10T17:21:00
G0_0865,2821.7,2026-02-10T14:00:00
G0_0866,2965.6,2026-02-10T08:43:00
G0_0867,3168.4,2026-02-10T16:40:00
G0_0868,2490.6,2026-02-10T11:06:00
G0_0869,2445.4,2026-02-10T13:52:00
G0_0870,2889.3,2026-02-10T08:31:00
G0_0871,2953.0,2026-02-10T13:26:00
G0_0872,2742.1,2026-02-10T09:53:00
G0_0873,2502.9,2026-02-10T13:20:00
G0_0874,2883.8,2026-02-10T11:54:00
G0_0875,2654.7,2026-02-10T13:59:00
G0_0876,2616.1,2026-02-10T17:56:00
G0_0877,2817.5,2026-02-10T09:17:00
G0_0878,2998.9,2026-02-10T16:24:00
G0_0879,2542.2,2026-02-10T14:55:00
G0_0880,2614.0,2026-02-10T12:09:00
G0_0881,2680.9,2026-02-10T13:03:00
G0_0882,2607.4,2026-02-10T11:15:00
G0_0883,3177.9,2026-02-10T08:10:00
G0_0884,2986.2,2026-02-10T14:24:00
G0_0885,2602.1,2026-02-10T10:25:00
G0_0886,3012.6,2026-02-10T11:26:00
G0_0887,2714.0,2026-02-10T10:16:00
G0_0888,2768.4,2026-02-10T15:39:00
G0_0889,2429.1,2026-02-10T17:14:00
G0_0890,3185.1,2026-02-10T09:01:00
G0_0891,2395.9,2026-02-10T08:00:00
G0_0892,2835.4,2026-02-10T15:44:00
G0_0893,2884.5,2026-02-10T17:08:00
G0_0894,3103.8,2026-02-10T16:17:00
G0_0895,2711.1,2026-02-10T15:16:00
G0_0896,2938.4,2026-02-10T17:40:00
G0_0897,3061.0,2026-02-10T15:22:00
G0_0898,2342.0,2026-02-10T11:20:00
G0_0899,2683.0,2026-02-10T11:17:00
G0_0900,3028.1,2026-02-10T15:15:00
G0_0901,2901.5,2026-02-10T15:47:00
G0_0902,2987.7,2026-02-10T14:25:00
G0_0903,2559.8,2026-02-10T11:54:00
G0_0904,2905.5,2026-02-10T16:52:00
G0_0905,2944.3,2026-02-10T13:39:00
G0_0906,3110.6,2026-02-10T17:00:00
G0_0907,2590.6,2026-02-10T14:55:00
G0_0908,2279.5,2026-02-10T12:36:00
G0_0909,2692.7,2026-02-10T09:10:00
G0_0910,2736.9,2026-02-10T14:04:00
G0_0911,2738.6,2026-02-10T13:19:00
G0_0912,2952.6,2026-02-10T17:25:00
G0_0913,2584.9,2026-02-10T11:41:00
G0_0914,2950.2,2026-02-10T13:11:00
G0_0915,2693.6,2026-02-10T08:10:00
G0_0916,2694.0,2026-02-10T10:10:00
G0_0917,2702.0,2026-02-10T08:05:00
G0_0918,2713.0,2026-02-10T09:38:00
G0_0919,2641.4,2026-02-10T08:25:00
G0_0920,3006.2,2026-02-10T09:34:00
G0_0921,2337.6,2026-02-10T11:52:00
G0_0922,2190.7,2026-02-10T12:39:00
G0_0923,2469.8,2026-02-10T13:15:00
G0_0924,2697.2,2026-02-10T10:25:00
G0_0925,3042.4,2026-02-10T16:47:00
G0_0926,2718.9,2026-02-10T09:49:00
G0_0927,2826.5,2026-02-10T14:05:00
G0_0928,2947.1,2026-02-10T15:25:00
G0_0929,3046.0,2026-02-10T10:10:00
G0_0930,2383.5,2026-02-10T15:14:00
G0_0931,2564.9,2026-02-10T16:11:00
G0_0932,3001.3,2026-02-10T09:51:00
G0_0933,2750.5,2026-02-10T13:59:00
G0_0934,2753.8,2026-02-10T10:42:00
G0_0935,2931.1,2026-02-10T09:22:00
G0_0936,2864.7,2026-02-10T12:03:00
G0_0937,2872.1,2026-02-10T12:58:00
G0_0938,2869.1,2026-02-10T12:50:00
G0_0939,2411.8,2026-02-10T16:13:00
G0_0940,2818.7,2026-02-10T17:15:00
G0_0941,2448.6,2026-02-10T14:09:00
G0_0942,2430.4,2026-02-10T17:06:00
G0_0943,2633.8,2026-02-10T11:12:00
G0_0944,2683.0,2026-02-10T11:05:00
G0_0945,2325.9,2026-02-10T14:37:00
G0_0946,3032.2,2026-02-10T17:13:00
G0_0947,2722.1,2026-02-10T15:42:00
G0_0948,3335.3,2026-02-10T17:49:00
G0_0949,2746.7,2026-02-10T16:14:00
G0_0950,3176.9,2026-02-10T08:27:00
G0_0951,2526.4,2026-02-10T13:48:00
G0_0952,2444.9,2026-02-10T11:18:00
G0_0953,2815.6,2026-02-10T16:42:00
G0_0954,3146.2,2026-02-10T15:14:00
G0_0955,2835.4,2026-02-10T13:11:00
G0_0956,2899.8,2026-02-10T17:02:00
G0_0957,2473.6,2026-02-10T15:04:00
G0_0958,2539.0,2026-02-10T08:57:00
G0_0959,2887.4,2026-02-10T10:29:00
G0_0960,3176.0,2026-02-10T13:58:00
G0_0961,2543.0,2026-02-10T10:54:00
G0_0962,2731.8,2026-02-10T12:34:00
G0_0963,2894.1,2026-02-10T12:35:00
G0_0964,2659.4,2026-02-10T13:54:00
G0_0965,2991.2,2026-02-10T12:42:00
G0_0966,2614.6,2026-02-10T08:59:00
G0_0967,2477.0,2026-02-10T17:40:00
G0_0968,2986.1,2026-02-10T14:39:00
G0_0969,2954.3,2026-02-10T15:51:00
G0_0970,2851.9,2026-02-10T09:25:00
G0_0971,2491.0,2026-02-10T12:47:00
G0_0972,2931.6,2026-02-10T11:27:00
G0_0973,3010.1,2026-02-10T17:56:00
G0_0974,2602.2,2026-02-10T17:37:00
G0_0975,2685.3,2026-02-10T17:01:00
G0_0976,2887.4,2026-02-10T16:31:00
G0_0977,2785.7,2026-02-10T09:05:00
G0_0978,2832.1,2026-02-10T11:40:00
G0_0979,3058.5,2026-02-10T13:27:00
G0_0980,3261.4,2026-02-10T17:18:00
G0_0981,2651.3,2026-02-10T13:38:00
G0_0982,3005.7,2026-02-10T08:32:00
G0_0983,2649.6,2026-02-10T13:47:00
G0_0984,2974.1,2026-02-10T09:45:00
G0_0985,2683.5,2026-02-10T10:34:00
G0_0986,2751.7,2026-02-10T16:50:00
G0_0987,3224.1,2026-02-10T16:19:00
G0_0988,3006.5,2026-02-10T11:57:00
G0_0989,3055.2,2026-02-10T13:39:00
G0_0990,3223.9,2026-02-10T13:54:00
G0_0991,2544.1,2026-02-10T15:03:00
G0_0992,2185.0,2026-02-10T10:25:00
G0_0993,3053.8,2026-02-10T11:31:00
G0_0994,2537.3,2026-02-10T14:03:00
G0_0995,3048.8,2026-02-10T09:07:00
G0_0996,3041.3,2026-02-10T12:42:00
G0_0997,2685.2,2026-02-10T11:51:00
G0_0998,2565.0,2026-02-10T12:50:00
G0_0999,3072.3,2026-02-10T16:53:00
G0_1000,3268.5,2026-02-10T14:58:00
G0_1001,2674.3,2026-02-10T14:04:00
G0_1002,2460.9,2026-02-10T09:59:00
G0_1003,2592.7,2026-02-10T11:44:00
G0_1004,2768.0,2026-02-10T17:12:00
G0_1005,2836.6,2026-02-10T14:04:00
G0_1006,2673.0,2026-02-10T08:25:00
G0_1007,2716.1,2026-02-10T11:44:00
G0_1008,3019.0,2026-02-10T14:36:00
G0_1009,2364.8,2026-02-10T17:28:00
G0_1010,2376.7,2026-02-10T09:09:00
G0_1011,2527.5,2026-02-10T17:47:00
G0_1012,2645.9,2026-02-10T08:40:00
G0_1013,2816.4,2026-02-10T09:18:00
G0_1014,3361.7,2026-02-10T13:54:00
G0_1015,2886.4,2026-02-10T13:40:00
G0_1016,2983.2,2026-02-10T17:03:00
G0_1017,2712.5,2026-02-10T15:23:00
G0_1018,3026.6,2026-02-10T11:03:00
G0_1019,3198.9,2026-02-10T08:26:00
G0_1020,2890.9,2026-02-10T08:22:00
G0_1021,2636.1,2026-02-10T16:19:00
G0_1022,2993.6,2026-02-10T17:42:00
G0_1023,2528.5,2026-02-10T10:16:00
G0_1024,2765.2,2026-02-10T11:53:00
G0_1025,3052.7,2026-02-10T12:41:00
G0_1026,2743.6,2026-02-10T14:29:00
G0_1027,2644.5,2026-02-10T08:05:00
G0_1028,2432.1,2026-02-10T10:56:00
G0_1029,2613.8,2026-02-10T16:29:00
G0_1030,3000.3,2026-02-10T11:43:00
G0_1031,2566.5,2026-02-10T15:46:00
G0_1032,3195.9,2026-02-10T17:05:00
G0_1033,2564.6,2026-02-10T15:33:00
G0_1034,2835.8,2026-02-10T10:27:00
G0_1035,2321.9,2026-02-10T08:51:00
G0_1036,2888.1,2026-02-10T16:35:00
G0_1037,2231.8,2026-02-10T08:26:00
G0_1038,2547.3,2026-02-10T17:43:00
G0_1039,2986.2,2026-02-10T13:55:00
G0_1040,2787.2,2026-02-10T11:20:00
G0_1041,2700.4,2026-02-10T12:14:00
G0_1042,2932.8,2026-02-10T13:44:00
G0_1043,2577.4,2026-02-10T14:51:00
G0_1044,3247.4,2026-02-10T17:41:00
G0_1045,3143.3,2026-02-10T15:51:00
G0_1046,2855.9,2026-02-10T14:26:00
G0_1047,2826.3,2026-02-10T15:10:00
G0_1048,2879.4,2026-02-10T16:24:00
G0_1049,2434.1,2026-02-10T14:12:00
G0_1050,2841.5,2026-02-10T14:22:00
G0_1051,3053.1,2026-02-10T09:30:00
G0_1052,2966.4,2026-02-10T12:11:00
G0_1053,2639.0,2026-02-10T10:15:00
G0_1054,2707.9,2026-02-10T16:08:00
G0_1055,2846.2,2026-02-10T08:34:00
G0_1056,2492.7,2026-02-10T15:24:00
G0_1057,2823.3,2026-02-10T08:52:00
G0_1058,2814.8,2026-02-10T16:37:00
G0_1059,2768.8,2026-02-10T17:22:00
G0_1060,3054.6,2026-02-10T09:01:00
G0_1061,3015.6,2026-02-10T11:35:00
G0_1062,2305.5,2026-02-10T14:40:00
G0_1063,2936.0,2026-02-10T12:52:00
G0_1064,2856.1,2026-02-10T17:13:00
G0_1065,2702.9,2026-02-10T10:01:00
G0_1066,2691.7,2026-02-10T16:02:00
G0_1067,2594.6,2026-02-10T15:29:00
G0_1068,2586.3,2026-02-10T11:34:00
G0_1069,2970.6,2026-02-10T17:41:00
G0_1070,3220.2,2026-02-10T10:59:00
G0_1071,3272.1,2026-02-10T17:22:00
G0_1072,2422.7,2026-02-10T09:33:00
G0_1073,2967.3,2026-02-10T11:24:00
G0_1074,2617.3,2026-02-10T11:21:00
G0_1075,3054.6,2026-02-10T08:09:00
G0_1076,2890.8,2026-02-10T14:43:00
G0_1077,3095.5,2026-02-10T12:22:00
G0_1078,2793.4,2026-02-10T13:04:00
G0_1079,2419.3,2026-02-10T16:59:00
G0_1080,2946.7,2026-02-10T16:41:00
G0_1081,2957.4,2026-02-10T12:43:00
G0_1082,3105.3,2026-02-10T11:00:00
G0_1083,2571.1,2026-02-10T14:16:00
G0_1084,2566.0,2026-02-10T12:04:00
G0_1085,3141.4,2026-02-10T13:36:00
G0_1086,2938.7,2026-02-10T12:49:00
G0_1087,2764.2,2026-02-10T16:21:00
G0_1088,3239.7,2026-02-10T16:49:00
G0_1089,2439.1,2026-02-10T14:00:00
G0_1090,2826.1,2026-02-10T11:00:00
G0_1091,2820.0,2026-02-10T10:26:00
G0_1092,2745.5,2026-02-10T08:50:00
G0_1093,2647.6,2026-02-10T16:41:00
G0_1094,2825.5,2026-02-10T12:20:00
G0_1095,2906.5,2026-02-10T13:06:00
G0_1096,2935.0,2026-02-10T16:55:00
G0_1097,2740.7,2026-02-10T17:40:00
G0_1098,2900.8,2026-02-10T14:17:00
G0_1099,2797.3,2026-02-10T17:15:00
G0_1100,2519.8,2026-02-10T08:22:00
G0_1101,2777.5,2026-02-10T09:01:00
G0_1102,3100.1,2026-02-10T12:26:00
G0_1103,2859.9,2026-02-10T11:09:00
G0_1104,2314.0,2026-02-10T15:54:00
G0_1105,2765.6,2026-02-10T17:39:00
G0_1106,2818.9,2026-02-10T10:57:00
G0_1107,2758.6,2026-02-10T08:53:00
G0_1108,2870.9,2026-02-10T10:04:00
G0_1109,3097.3,2026-02-10T11:01:00
G0_1110,3032.4,2026-02-10T14:24:00
G0_1111,2808.0,2026-02-10T16:06:00
G0_1112,2591.6,2026-02-10T15:07:00
G0_1113,2663.2,2026-02-10T10:14:00
G0_1114,2711.7,2026-02-10T14:39:00
G0_1115,2647.9,2026-02-10T14:09:00
G0_1116,3100.9,2026-02-10T15:12:00
G0_1117,2671.9,2026-02-10T10:39:00
G0_1118,2860.0,2026-02-10T10:37:00
G0_1119,2723.8,2026-02-10T12:39:00
G0_1120,3206.5,2026-02-10T13:56:00
G0_1121,2798.9,2026-02-10T13:27:00
G0_1122,2686.6,2026-02-10T15:36:00
G0_1123,2962.6,2026-02-10T12:33:00
G0_1124,2919.2,2026-02-10T09:48:00
G0_1125,2546.4,2026-02-10T08:15:00
G0_1126,2899.3,2026-02-10T13:08:00
G0_1127,2741.1,2026-02-10T11:47:00
G0_1128,2630.2,2026-02-10T14:40:00
G0_1129,2751.5,2026-02-10T12:16:00
G0_1130,3240.4,2026-02-10T15:47:00
G0_1131,3011.6,2026-02-10T15:18:00
G0_1132,3064.7,2026-02-10T16:28:00
G0_1133,2723.5,2026-02-10T09:50:00
G0_1134,2589.9,2026-02-10T14:44:00
G0_1135,2741.0,2026-02-10T12:36:00
G0_1136,2917.1,2026-02-10T09:03:00
G0_1137,2758.6,2026-02-10T08:45:00
G0_1138,2739.2,2026-02-10T10:58:00
G0_1139,2785.7,2026-02-10T09:07:00
G0_1140,2946.3,2026-02-10T10:40:00
G0_1141,3034.8,2026-02-10T08:02:00
G0_1142,2604.9,2026-02-10T13:53:00
G0_1143,2358.7,2026-02-10T09:10:00
G0_1144,2673.3,2026-02-10T14:10:00
G0_1145,2963.2,2026-02-10T12:10:00
G0_1146,3033.7,2026-02-10T11:12:00
G0_1147,2849.8,2026-02-10T12:17:00
G0_1148,2887.0,2026-02-10T15:50:00
G0_1149,2564.0,2026-02-10T13:06:00
G0_1150,2987.6,2026-02-10T13:08:00
G0_1151,2765.6,2026-02-10T14:19:00
G0_1152,2892.1,2026-02-10T11:56:00
G0_1153,2802.9,2026-02-10T12:08:00
G0_1154,2652.7,2026-02-10T14:29:00
G0_1155,3015.8,2026-02-10T16:44:00
G0_1156,3161.1,2026-02-10T11:27:00
G0_1157,2929.9,2026-02-10T17:07:00
G0_1158,2996.7,2026-02-10T08:12:00
G0_1159,2885.6,2026-02-10T15:40:00
G0_1160,2531.0,2026-02-10T17:32:00
G0_1161,2746.2,2026-02-10T10:33:00
G0_1162,2426.4,2026-02-10T11:00:00
G0_1163,2713.9,2026-02-10T14:09:00
G0_1164,2620.7,2026-02-10T10:19:00
G0_1165,2752.4,2026-02-10T16:26:00
G0_1166,2723.1,2026-02-10T12:05:00
G0_1167,2880.8,2026-02-10T09:03:00
G0_1168,2656.8,2026-02-10T12:47:00
G0_1169,2987.1,2026-02-10T15:54:00
G0_1170,2626.2,2026-02-10T10:56:00
G0_1171,2725.9,2026-02-10T17:56:00
G0_1172,2830.7,2026-02-10T10:42:00
G0_1173,2740.5,2026-02-10T17:27:00
G0_1174,2835.5,2026-02-10T12:34:00
G0_1175,2996.7,2026-02-10T10:43:00
G0_1176,2792.1,2026-02-10T15:10:00
G0_1177,2865.9,2026-02-10T08:31:00
G0_1178,2873.8,2026-02-10T14:15:00
G0_1179,2341.6,2026-02-10T17:00:00
G0_1180,2996.5,2026-02-10T14:49:00
G0_1181,3086.9,2026-02-10T17:43:00
G0_1182,3268.4,2026-02-10T11:25:00
G0_1183,3084.3,2026-02-10T17:04:00
G0_1184,2497.2,2026-02-10T09:49:00
G0_1185,2744.7,2026-02-10T15:26:00
G0_1186,2634.9,2026-02-10T13:25:00
G0_1187,2581.1,2026-02-10T14:52:00
G0_1188,2278.9,2026-02-10T10:24:00
G0_1189,2773.3,2026-02-10T17:00:00
G0_1190,3010.3,2026-02-10T13:02:00
G0_1191,2877.4,2026-02-10T10:01:00
G0_1192,2667.6,2026-02-10T13:57:00
G0_1193,2965.9,2026-02-10T10:57:00
G0_1194,2232.2,2026-02-10T10:14:00
G0_1195,2885.3,2026-02-10T15:08:00
G0_1196,2863.9,2026-02-10T11:36:00
G0_1197,2863.5,2026-02-10T09:21:00
G0_1198,3070.4,2026-02-10T16:01:00
G0_1199,2526.5,2026-02-10T11:14:00
G0_1200,2787.6,2026-02-10T12:54:00
G0_1201,2552.3,2026-02-10T09:09:00
G0_1202,2770.4,2026-02-10T16:40:00
G0_1203,2762.7,2026-02-10T11:10:00
G0_1204,2800.1,2026-02-10T16:47:00
G0_1205,2888.8,2026-02-10T13:13:00
G0_1206,2952.2,2026-02-10T17:22:00
G0_1207,2958.9,2026-02-10T08:42:00
G0_1208,2745.5,2026-02-10T11:13:00
G0_1209,2981.4,2026-02-10T10:19:00
G0_1210,2832.9,2026-02-10T12:23:00
G0_1211,2443.3,2026-02-10T09:49:00
G0_1212,2729.0,2026-02-10T13:05:00
G0_1213,2957.4,2026-02-10T16:07:00
G0_1214,2890.7,2026-02-10T08:33:00
G0_1215,2786.1,2026-02-10T16:06:00
G0_1216,3084.8,2026-02-10T08:25:00
G0_1217,2961.5,2026-02-10T09:31:00
G0_1218,2767.5,2026-02-10T14:04:00
G0_1219,2921.5,2026-02-10T13:24:00
G0_1220,2790.2,2026-02-10T11:05:00
G0_1221,3015.4,2026-02-10T17:00:00
G0_1222,2348.0,2026-02-10T14:41:00
G0_1223,3310.8,2026-02-10T12:09:00
G0_1224,2723.7,2026-02-10T16:23:00
G0_1225,2779.8,2026-02-10T10:12:00
G0_1226,2973.9,2026-02-10T14:37:00
G0_1227,2544.1,2026-02-10T08:07:00
G0_1228,3143.5,2026-02-10T09:57:00
G0_1229,2383.6,2026-02-10T10:33:00
G0_1230,2754.9,2026-02-10T15:12:00
G0_1231,3093.5,2026-02-10T12:32:00
G0_1232,3225.5,2026-02-10T13:39:00
G0_1233,3070.9,2026-02-10T15:46:00
G0_1234,2571.4,2026-02-10T15:23:00
G0_1235,2707.4,2026-02-10T12:56:00
G0_1236,2716.5,2026-02-10T12:20:00
G0_1237,2876.5,2026-02-10T09:02:00
G0_1238,2911.2,2026-02-10T10:11:00
G0_1239,3338.8,2026-02-10T17:47:00
G0_1240,2693.0,2026-02-10T11:06:00
G0_1241,2807.2,2026-02-10T09:31:00
G0_1242,2641.3,2026-02-10T16:47:00
G0_1243,2846.0,2026-02-10T16:57:00
G0_1244,2606.3,2026-02-10T12:33:00
G0_1245,2852.1,2026-02-10T08:30:00
G0_1246,2604.1,2026-02-10T12:32:00
G0_1247,2817.4,2026-02-10T16:32:00
G0_1248,2817.0,2026-02-10T13:54:00
G0_1249,2647.3,2026-02-10T13:30:00
G0_1250,2868.3,2026-02-10T10:15:00
G0_1251,2467.5,2026-02-10T12:32:00
G0_1252,2862.5,2026-02-10T14:06:00
G0_1253,2984.7,2026-02-10T08:47:00
G0_1254,2397.5,2026-02-10T17:40:00
G0_1255,2538.2,2026-02-10T17:47:00
G0_1256,2763.1,2026-02-10T08:40:00
G0_1257,2686.2,2026-02-10T12:46:00
G0_1258,2775.6,2026-02-10T13:12:00
G0_1259,2830.5,2026-02-10T11:41:00
G0_1260,2980.9,2026-02-10T17:42:00
G0_1261,2738.3,2026-02-10T11:53:00
G0_1262,3066.5,2026-02-10T11:03:00
G0_1263,2941.5,2026-02-10T11:58:00
G0_1264,2769.9,2026-02-10T09:32:00
G0_1265,2701.2,2026-02-10T11:27:00
G0_1266,2923.2,2026-02-10T16:29:00
G0_1267,2588.5,2026-02-10T09:50:00
G0_1268,2656.4,2026-02-10T08:45:00
G0_1269,3161.4,2026-02-10T10:36:00
G0_1270,2607.7,2026-02-10T13:41:00
G0_1271,2971.0,2026-02-10T09:11:00
G0_1272,2893.4,2026-02-10T17:57:00
G0_1273,2965.3,2026-02-10T12:48:00
G0_1274,3070.4,2026-02-10T17:57:00
G0_1275,2728.8,2026-02-10T08:27:00
G0_1276,3181.9,2026-02-10T08:09:00
G0_1277,3224.3,2026-02-10T15:01:00
G0_1278,2346.3,2026-02-10T08:19:00
G0_1279,2736.2,2026-02-10T17:18:00
G0_1280,2742.7,2026-02-10T16:50:00
G0_1281,2745.8,2026-02-10T11:32:00
G0_1282,2618.9,2026-02-10T14:13:00
G0_1283,2627.9,2026-02-10T09:58:00
G0_1284,2610.6,2026-02-10T17:06:00
G0_1285,2969.8,2026-02-10T10:45:00
G0_1286,2598.5,2026-02-10T15:45:00
G0_1287,2850.6,2026-02-10T08:56:00
G0_1288,2642.0,2026-02-10T09:40:00
G0_1289,3068.1,2026-02-10T12:13:00
G0_1290,2942.9,2026-02-10T10:34:00
G0_1291,3097.9,2026-02-10T17:07:00
G0_1292,2761.0,2026-02-10T10:47:00
G0_1293,2841.1,2026-02-10T08:42:00
G0_1294,3188.4,2026-02-10T10:47:00
G0_1295,2730.8,2026-02-10T08:57:00
G0_1296,2858.3,2026-02-10T09:38:00
G0_1297,2804.8,2026-02-10T11:36:00
G0_1298,2884.1,2026-02-10T11:52:00
G0_1299,3117.2,2026-02-10T11:21:00
G0_1300,2726.4,2026-02-10T12:27:00
G0_1301,2724.6,2026-02-10T11:34:00
G0_1302,2594.2,2026-02-10T10:27:00
G0_1303,2852.7,2026-02-10T12:05:00
G0_1304,2587.3,2026-02-10T15:30:00
G0_1305,2827.9,2026-02-10T14:30:00
G0_1306,2834.2,2026-02-10T12:10:00
G0_1307,2550.8,2026-02-10T14:59:00
G0_1308,3039.6,2026-02-10T14:22:00
G0_1309,2951.4,2026-02-10T12:36:00
G0_1310,2923.4,2026-02-10T15:23:00
G0_1311,2224.0,2026-02-10T16:41:00
G0_1312,3367.3,2026-02-10T15:55:00
G0_1313,2609.3,2026-02-10T12:13:00
G0_1314,3532.7,2026-02-10T15:48:00
G0_1315,3101.6,2026-02-10T11:19:00
G0_1316,3069.5,2026-02-10T14:55:00
G0_1317,2133.4,2026-02-10T14:05:00
G0_1318,3184.1,2026-02-10T12:53:00
G0_1319,2938.7,2026-02-10T17:13:00
G0_1320,2633.5,2026-02-10T16:46:00
G0_1321,2938.7,2026-02-10T12:22:00
G0_1322,2677.1,2026-02-10T16:17:00
G0_1323,2945.7,2026-02-10T09:39:00
G0_1324,2953.7,2026-02-10T17:03:00
G0_1325,2859.7,2026-02-10T12:58:00
G0_1326,2499.0,2026-02-10T15:59:00
G0_1327,3172.4,2026-02-10T12:28:00
G0_1328,2597.2,2026-02-10T15:10:00
G0_1329,2033.7,2026-02-10T16:56:00
G0_1330,2668.7,2026-02-10T16:40:00
G0_1331,2489.9,2026-02-10T16:51:00
G0_1332,2464.3,2026-02-10T14:14:00
G0_1333,3295.0,2026-02-10T08:50:00
G0_1334,2903.0,2026-02-10T17:35:00
G0_1335,2930.1,2026-02-10T08:40:00
G0_1336,3192.0,2026-02-10T17:45:00
G0_1337,2778.3,2026-02-10T16:12:00
G0_1338,2764.4,2026-02-10T12:57:00
G0_1339,2404.3,2026-02-10T16:55:00
G0_1340,2630.6,2026-02-10T12:15:00
G0_1341,2815.5,2026-02-10T09:41:00
G0_1342,2811.1,2026-02-10T13:46:00
G0_1343,2551.3,2026-02-10T09:24:00
G0_1344,2775.4,2026-02-10T13:18:00
G0_1345,2811.1,2026-02-10T13:15:00
G0_1346,2533.7,2026-02-10T08:29:00
G0_1347,3049.9,2026-02-10T12:54:00
G0_1348,2971.6,2026-02-10T08:54:00
G0_1349,2664.6,2026-02-10T10:06:00
G0_1350,2482.7,2026-02-10T14:41:00
G0_1351,2540.2,2026-02-10T15:58:00
G0_1352,2460.4,2026-02-10T15:29:00
G0_1353,3271.5,2026-02-10T17:16:00
G0_1354,2773.8,2026-02-10T12:12:00
G0_1355,2843.5,2026-02-10T12:45:00
G0_1356,3294.9,2026-02-10T10:24:00
G0_1357,3147.4,2026-02-10T10:53:00
G0_1358,2723.8,2026-02-10T13:34:00
G0_1359,2424.2,2026-02-10T08:10:00
G0_1360,2732.8,2026-02-10T11:57:00
G0_1361,2488.4,2026-02-10T12:29:00
G0_1362,2481.0,2026-02-10T10:26:00
G0_1363,2792.8,2026-02-10T08:59:00
G0_1364,2858.0,2026-02-10T13:12:00
G0_1365,3114.7,2026-02-10T13:24:00
G0_1366,2777.5,2026-02-10T13:07:00
G0_1367,2391.5,2026-02-10T11:27:00
G0_1368,2598.1,2026-02-10T12:00:00
G0_1369,2598.2,2026-02-10T15:10:00
G0_1370,3239.9,2026-02-10T17:39:00
G0_1371,2598.0,2026-02-10T13:36:00
G0_1372,3135.8,2026-02-10T15:03:00
G0_1373,2807.3,2026-02-10T17:07:00
G0_1374,2845.6,2026-02-10T14:20:00
G0_1375,3058.8,2026-02-10T15:39:00
G0_1376,3081.3,2026-02-10T09:28:00
G0_1377,3030.6,2026-02-10T14:08:00
G0_1378,2983.4,2026-02-10T09:51:00
G0_1379,2120.8,2026-02-10T14:19:00
G0_1380,2589.0,2026-02-10T10:00:00
G0_1381,2443.0,2026-02-10T15:50:00
G0_1382,2753.0,2026-02-10T12:44:00
G0_1383,2333.3,2026-02-10T10:14:00
G0_1384,2238.1,2026-02-10T13:20:00
G0_1385,2703.6,2026-02-10T16:30:00
G0_1386,2734.5,2026-02-10T10:50:00
G0_1387,3088.0,2026-02-10T15:23:00
G0_1388,2872.3,2026-02-10T12:53:00
G0_1389,2817.3,2026-02-10T17:17:00
G0_1390,2732.6,2026-02-10T15:36:00
G0_1391,3024.9,2026-02-10T16:36:00
G0_1392,2835.3,2026-02-10T11:51:00
G0_1393,3321.3,2026-02-10T14:13:00
G0_1394,2626.0,2026-02-10T13:33:00
G0_1395,2964.6,2026-02-10T11:26:00
G0_1396,2740.2,2026-02-10T15:28:00
G0_1397,2691.6,2026-02-10T16:09:00
G0_1398,2767.0,2026-02-10T13:42:00
G0_1399,3064.4,2026-02-10T08:38:00
G0_1400,2907.0,2026-02-10T09:37:00
G0_1401,2731.2,2026-02-10T11:33:00
G0_1402,2913.1,2026-02-10T14:48:00
G0_1403,2985.4,2026-02-10T09:27:00
G0_1404,2469.3,2026-02-10T12:10:00
G0_1405,2441.5,2026-02-10T08:21:00
G0_1406,2962.3,2026-02-10T14:20:00
G0_1407,2440.5,2026-02-10T14:42:00
G0_1408,2673.1,2026-02-10T10:21:00
G0_1409,2063.0,2026-02-10T12:34:00
G0_1410,2710.9,2026-02-10T17:14:00
G0_1411,2908.8,2026-02-10T08:01:00
G0_1412,2678.8,2026-02-10T09:42:00
G0_1413,2998.4,2026-02-10T14:16:00
G0_1414,3005.2,2026-02-10T10:41:00
G0_1415,2694.9,2026-02-10T12:02:00
G0_1416,2785.0,2026-02-10T08:19:00
G0_1417,3378.7,2026-02-10T15:48:00
G0_1418,2563.0,2026-02-10T14:19:00
G0_1419,2780.1,2026-02-10T16:23:00
G0_1420,3154.1,2026-02-10T11:32:00
G0_1421,2844.1,2026-02-10T08:38:00
G0_1422,2418.5,2026-02-10T11:11:00
G0_1423,2735.5,2026-02-10T15:35:00
G0_1424,2751.3,2026-02-10T17:30:00
G0_1425,2695.8,2026-02-10T13:15:00
G0_1426,2709.0,2026-02-10T14:03:00
G0_1427,2880.0,2026-02-10T08:18:00
G0_1428,2981.6,2026-02-10T09:19:00
G0_1429,3100.2,2026-02-10T08:09:00
G0_1430,2692.2,2026-02-10T15:32:00
G0_1431,2805.6,2026-02-10T13:57:00
G0_1432,2874.4,2026-02-10T16:48:00
G0_1433,3041.7,2026-02-10T13:36:00
G0_1434,2543.4,2026-02-10T15:15:00
G0_1435,2911.2,2026-02-10T11:17:00
G0_1436,3087.9,2026-02-10T15:31:00
G0_1437,2601.3,2026-02-10T12:34:00
G0_1438,3034.1,2026-02-10T12:30:00
G0_1439,2936.2,2026-02-10T14:39:00
G0_1440,2681.0,2026-02-10T16:39:00
G0_1441,2775.7,2026-02-10T10:44:00
G0_1442,3188.3,2026-02-10T10:49:00
G0_1443,2637.2,2026-02-10T10:09:00
G0_1444,2393.9,2026-02-10T17:07:00
G0_1445,2509.1,2026-02-10T09:03:00
G0_1446,3051.2,2026-02-10T13:41:00
G0_1447,3058.6,2026-02-10T14:48:00
G0_1448,2901.2,2026-02-10T16:26:00
G0_1449,3083.2,2026-02-10T17:02:00
G0_1450,2369.6,2026-02-10T14:48:00
G0_1451,2750.6,2026-02-10T15:23:00
G0_1452,2840.9,2026-02-10T16:34:00
G0_1453,2768.1,2026-02-10T08:13:00
G0_1454,2892.9,2026-02-10T11:17:00
G0_1455,2961.8,2026-02-10T17:55:00
G0_1456,2923.3,2026-02-10T08:59:00
G0_1457,3452.6,2026-02-10T15:39:00
G0_1458,3006.1,2026-02-10T17:49:00
G0_1459,3153.1,2026-02-10T09:57:00
G0_1460,2912.3,2026-02-10T10:04:00
G0_1461,2514.1,2026-02-10T10:32:00
G0_1462,2600.7,2026-02-10T08:37:00
G0_1463,3021.3,2026-02-10T11:31:00
G0_1464,2846.8,2026-02-10T17:13:00
G0_1465,2798.6,2026-02-10T08:18:00
G0_1466,2435.8,2026-02-10T12:54:00
G0_1467,2526.9,2026-02-10T17:59:00
G0_1468,2516.1,2026-02-10T10:35:00
G0_1469,2784.5,2026-02-10T16:44:00
G0_1470,3131.2,2026-02-10T17:01:00
G0_1471,2063.5,2026-02-10T10:13:00
G0_1472,2884.4,2026-02-10T09:59:00
G0_1473,2674.5,2026-02-10T15:45:00
G0_1474,2846.7,2026-02-10T09:47:00
G0_1475,2504.1,2026-02-10T14:26:00
G0_1476,2585.9,2026-02-10T15:15:00
G0_1477,3003.6,2026-02-10T08:12:00
G0_1478,2493.4,2026-02-10T17:31:00
G0_1479,2601.9,2026-02-10T11:07:00
G0_1480,3046.5,2026-02-10T10:29:00
G0_1481,2638.1,2026-02-10T12:37:00
G0_1482,2665.6,2026-02-10T09:19:00
G0_1483,2668.7,2026-02-10T15:07:00
G0_1484,2595.8,2026-02-10T13:53:00
G0_1485,2431.4,2026-02-10T13:09:00
G0_1486,2871.7,2026-02-10T10:31:00
G0_1487,2902.3,2026-02-10T12:30:00
G0_1488,2283.0,2026-02-10T12:53:00
G0_1489,2726.0,2026-02-10T08:58:00
G0_1490,2233.9,2026-02-10T14:05:00
G0_1491,2993.1,2026-02-10T11:48:00
G0_1492,2825.9,2026-02-10T08:39:00
G0_1493,3105.0,2026-02-10T13:37:00
G0_1494,2804.9,2026-02-10T13:48:00
G0_1495,2775.0,2026-02-10T16:51:00
G0_1496,2253.2,2026-02-10T15:20:00
G0_1497,2708.9,2026-02-10T12:11:00
G0_1498,2866.5,2026-02-10T11:32:00
G0_1499,3220.5,2026-02-10T14:27:00
G0_1500,3053.1,2026-02-10T17:20:00
G0_1501,3353.3,2026-02-10T08:26:00
G0_1502,3020.0,2026-02-10T12:53:00
G0_1503,3026.9,2026-02-10T13:19:00
G0_1504,3360.3,2026-02-10T10:25:00
G0_1505,2950.6,2026-02-10T17:26:00
G0_1506,2655.1,2026-02-10T09:13:00
G0_1507,2660.3,2026-02-10T10:48:00
G0_1508,3018.4,2026-02-10T14:14:00
G0_1509,2610.5,2026-02-10T15:38:00
G0_1510,2951.6,2026-02-10T15:13:00
G0_1511,2519.2,2026-02-10T12:39:00
G0_1512,3081.3,2026-02-10T15:44:00
G0_1513,2640.6,2026-02-10T10:25:00
G0_1514,2826.9,2026-02-10T11:45:00
G0_1515,3003.4,2026-02-10T09:47:00
G0_1516,2757.0,2026-02-10T16:41:00
G0_1517,2877.1,2026-02-10T11:37:00
G0_1518,2892.3,2026-02-10T15:25:00
G0_1519,2638.0,2026-02-10T12:04:00
G0_1520,2866.5,2026-02-10T15:21:00
G0_1521,2687.0,2026-02-10T16:33:00
G0_1522,2569.9,2026-02-10T12:39:00
G0_1523,3052.6,2026-02-10T12:14:00
G0_1524,2703.4,2026-02-10T08:46:00
G0_1525,2797.8,2026-02-10T09:42:00
G0_1526,2914.5,2026-02-10T10:21:00
G0_1527,2700.6,2026-02-10T11:34:00
G0_1528,2625.8,2026-02-10T13:38:00
G0_1529,2712.0,2026-02-10T10:01:00
G0_1530,2652.4,2026-02-10T12:38:00
G0_1531,3058.4,2026-02-10T15:44:00
G0_1532,3010.5,2026-02-10T16:38:00
G0_1533,2760.3,2026-02-10T10:55:00
G0_1534,2878.3,2026-02-10T16:12:00
G0_1535,3015.9,2026-02-10T17:46:00
G0_1536,2653.9,2026-02-10T17:46:00
G0_1537,2934.3,2026-02-10T11:35:00
G0_1538,2886.7,2026-02-10T15:31:00
G0_1539,3014.5,2026-02-10T17:52:00
G0_1540,3003.7,2026-02-10T08:34:00
G0_1541,2614.6,2026-02-10T15:38:00
G0_1542,2962.2,2026-02-10T12:26:00
G0_1543,3105.4,2026-02-10T08:59:00
G0_1544,2789.4,2026-02-10T12:18:00
G0_1545,2919.4,2026-02-10T13:31:00
G0_1546,2954.4,2026-02-10T09:09:00
G0_1547,2594.4,2026-02-10T14:41:00
G0_1548,2613.2,2026-02-10T17:19:00
G0_1549,2883.8,2026-02-10T11:34:00
G0_1550,2629.0,2026-02-10T16:41:00
G0_1551,2674.7,2026-02-10T15:55:00
G0_1552,2821.1,2026-02-10T09:35:00
G0_1553,2719.3,2026-02-10T11:24:00
G0_1554,3019.0,2026-02-10T11:19:00
G0_1555,2496.9,2026-02-10T13:08:00
G0_1556,3051.8,2026-02-10T17:08:00
G0_1557,2609.5,2026-02-10T14:38:00
G0_1558,2551.8,2026-02-10T17:48:00
G0_1559,2706.0,2026-02-10T11:47:00
G0_1560,2661.7,2026-02-10T08:10:00
G0_1561,3372.9,2026-02-10T09:46:00
G0_1562,2399.2,2026-02-10T09:26:00
G0_1563,2935.9,2026-02-10T17:33:00
G0_1564,2391.5,2026-02-10T13:38:00
G0_1565,2687.3,2026-02-10T11:15:00
G0_1566,2777.8,2026-02-10T10:25:00
G0_1567,2672.2,2026-02-10T08:34:00
G0_1568,2833.3,2026-02-10T15:16:00
G0_1569,2642.6,2026-02-10T16:47:00
G0_1570,3053.7,2026-02-10T12:47:00
G0_1571,3174.5,2026-02-10T16:36:00
G0_1572,2652.9,2026-02-10T15:38:00
G0_1573,2636.4,2026-02-10T09:12:00
G0_1574,2964.7,2026-02-10T11:07:00
G0_1575,2555.5,2026-02-10T15:01:00
G0_1576,2709.9,2026-02-10T08:41:00
G0_1577,2882.6,2026-02-10T08:32:00
G0_1578,2878.4,2026-02-10T08:01:00
G0_1579,3139.5,2026-02-10T16:49:00
G0_1580,2943.4,2026-02-10T11:30:00
G0_1581,2959.3,2026-02-10T08:40:00
G0_1582,2871.4,2026-02-10T08:59:00
G0_1583,2502.8,2026-02-10T17:07:00
G0_1584,3026.0,2026-02-10T13:33:00
G0_1585,2704.5,2026-02-10T14:19:00
G0_1586,2733.1,2026-02-10T08:57:00
G0_1587,2898.5,2026-02-10T13:45:00
G0_1588,2357.8,2026-02-10T09:58:00
G0_1589,2821.9,2026-02-10T12:21:00
G0_1590,2414.7,2026-02-10T14:15:00
G0_1591,2514.6,2026-02-10T13:34:00
G0_1592,2641.7,2026-02-10T14:38:00
G0_1593,2818.1,2026-02-10T09:59:00
G0_1594,3007.1,2026-02-10T17:24:00
G0_1595,2808.1,2026-02-10T13:37:00
G0_1596,2579.7,2026-02-10T16:07:00
G0_1597,2928.5,2026-02-10T10:39:00
G0_1598,2790.5,2026-02-10T15:06:00
G0_1599,2860.2,2026-02-10T10:31:00
G0_1600,2992.5,2026-02-10T12:30:00
G0_1601,3107.2,2026-02-10T14:41:00
G0_1602,2575.1,2026-02-10T08:15:00
G0_1603,3173.7,2026-02-10T15:21:00
G0_1604,2681.9,2026-02-10T08:35:00
G0_1605,3253.8,2026-02-10T11:24:00
G0_1606,2746.5,2026-02-10T08:19:00
G0_1607,2973.9,2026-02-10T13:44:00
G0_1608,3129.8,2026-02-10T10:26:00
G0_1609,2864.4,2026-02-10T09:00:00
G0_1610,2533.9,2026-02-10T09:22:00
G0_1611,2985.7,2026-02-10T13:35:00
G0_1612,2471.7,2026-02-10T17:34:00
G0_1613,2381.0,2026-02-10T17:50:00
G0_1614,3099.1,2026-02-10T12:03:00
G0_1615,2828.6,2026-02-10T09:25:00
G0_1616,2495.6,2026-02-10T14:58:00
G0_1617,2717.2,2026-02-10T15:57:00
G0_1618,2686.6,2026-02-10T09:45:00
G0_1619,2371.3,2026-02-10T08:42:00
G0_1620,2693.7,2026-02-10T08:58:00
G0_1621,2829.7,2026-02-10T17:30:00
G0_1622,2739.8,2026-02-10T09:08:00
G0_1623,2690.9,2026-02-10T08:43:00
G0_1624,2548.9,2026-02-10T09:52:00
G0_1625,2496.2,2026-02-10T11:03:00
G0_1626,2982.9,2026-02-10T09:50:00
G0_1627,2867.1,2026-02-10T09:18:00
G0_1628,2741.3,2026-02-10T08:36:00
G0_1629,2847.7,2026-02-10T16:15:00
G0_1630,2840.7,2026-02-10T10:32:00
G0_1631,2561.1,2026-02-10T16:25:00
G0_1632,3316.9,2026-02-10T11:59:00
G0_1633,3052.2,2026-02-10T10:49:00
G0_1634,3081.4,2026-02-10T08:18:00
G0_1635,2543.9,2026-02-10T11:47:00
G0_1636,3069.5,2026-02-10T12:56:00
G0_1637,2787.6,2026-02-10T14:41:00
G0_1638,2827.9,2026-02-10T17:32:00
G0_1639,2993.1,2026-02-10T14:30:00
G0_1640,2690.0,2026-02-10T16:18:00
G0_1641,2729.9,2026-02-10T10:13:00
G0_1642,2775.1,2026-02-10T17:17:00
G0_1643,2891.4,2026-02-10T12:12:00
G0_1644,3028.8,2026-02-10T14:29:00
G0_1645,2888.1,2026-02-10T15:22:00
G0_1646,2667.0,2026-02-10T14:33:00
G0_1647,2857.3,2026-02-10T14:06:00
G0_1648,2803.5,2026-02-10T11:12:00
G0_1649,2719.8,2026-02-10T08:40:00
G0_1650,2905.8,2026-02-10T11:44:00
G0_1651,3406.7,2026-02-10T14:25:00
G0_1652,2795.0,2026-02-10T16:56:00
G0_1653,2830.7,2026-02-10T10:13:00
G0_1654,2942.9,2026-02-10T09:20:00
G0_1655,2763.5,2026-02-10T15:35:00
G0_1656,2913.1,2026-02-10T08:31:00
G0_1657,2683.6,2026-02-10T09:43:00
G0_1658,3057.2,2026-02-10T09:36:00
G0_1659,2362.1,2026-02-10T17:38:00
G0_1660,2614.1,2026-02-10T14:31:00
G0_1661,2981.9,2026-02-10T14:51:00
G0_1662,2856.9,2026-02-10T12:52:00
G0_1663,3094.4,2026-02-10T14:49:00
G0_1664,2708.4,2026-02-10T08:02:00
G0_1665,2721.5,2026-02-10T10:24:00
G0_1666,3140.7,2026-02-10T16:50:00
G0_1667,2624.6,2026-02-10T13:10:00
G0_1668,3422.7,2026-02-10T08:01:00
G0_1669,3109.0,2026-02-10T09:10:00
G0_1670,2801.5,2026-02-10T15:05:00
G0_1671,3333.9,2026-02-10T10:53:00
G0_1672,2713.5,2026-02-10T08:20:00
G0_1673,3049.1,2026-02-10T17:22:00
G0_1674,2752.3,2026-02-10T12:40:00
G0_1675,3117.3,2026-02-10T17:11:00
G0_1676,2845.4,2026-02-10T15:07:00
G0_1677,2597.6,2026-02-10T15:32:00
G0_1678,2709.6,2026-02-10T15:55:00
G0_1679,2835.6,2026-02-10T08:18:00
G0_1680,2772.8,2026-02-10T12:26:00
G0_1681,3328.3,2026-02-10T09:20:00
G0_1682,2878.2,2026-02-10T16:45:00
G0_1683,3345.8,2026-02-10T10:01:00
G0_1684,3050.2,2026-02-10T13:41:00
G0_1685,2203.5,2026-02-10T16:11:00
G0_1686,2828.2,2026-02-10T10:10:00
G0_1687,2675.2,2026-02-10T15:25:00
G0_1688,2441.7,2026-02-10T17:29:00
G0_1689,2258.5,2026-02-10T13:12:00
G0_1690,2700.4,2026-02-10T08:11:00
G0_1691,3090.1,2026-02-10T14:50:00
G0_1692,2700.5,2026-02-10T10:34:00
G0_1693,2942.1,2026-02-10T15:38:00
G0_1694,2799.3,2026-02-10T13:17:00
G0_1695,2939.9,2026-02-10T09:21:00
G0_1696,2718.9,2026-02-10T10:57:00
G0_1697,2805.6,2026-02-10T17:15:00
G0_1698,3346.6,2026-02-10T09:35:00
G0_1699,3039.8,2026-02-10T13:03:00
G0_1700,2854.6,2026-02-10T09:44:00
G0_1701,2802.2,2026-02-10T15:15:00
G0_1702,2590.2,2026-02-10T15:44:00
G0_1703,2731.7,2026-02-10T10:05:00
G0_1704,2837.4,2026-02-10T08:04:00
G0_1705,2669.0,2026-02-10T08:01:00
G0_1706,3133.9,2026-02-10T13:26:00
G0_1707,2917.8,2026-02-10T13:58:00
G0_1708,3292.8,2026-02-10T17:44:00
G0_1709,2856.3,2026-02-10T13:33:00
G0_1710,2958.1,2026-02-10T10:43:00
G0_1711,2490.0,2026-02-10T14:46:00
G0_1712,2794.2,2026-02-10T10:02:00
G0_1713,3059.2,2026-02-10T11:49:00
G0_1714,2915.4,2026-02-10T15:25:00
G0_1715,2831.6,2026-02-10T10:44:00
G0_1716,2847.4,2026-02-10T15:45:00
G0_1717,2328.5,2026-02-10T12:31:00
G0_1718,3207.1,2026-02-10T09:26:00
G0_1719,2660.4,2026-02-10T12:30:00
G0_1720,3153.7,2026-02-10T16:11:00
G0_1721,2691.2,2026-02-10T10:14:00
G0_1722,2852.3,2026-02-10T11:03:00
G0_1723,2408.1,2026-02-10T10:31:00
G0_1724,2345.4,2026-02-10T09:33:00
G0_1725,2526.1,2026-02-10T08:20:00
G0_1726,2592.3,2026-02-10T17:13:00
G0_1727,3160.1,2026-02-10T14:25:00
G0_1728,3290.4,2026-02-10T14:04:00
G0_1729,2575.0,2026-02-10T14:46:00
G0_1730,2595.7,2026-02-10T10:21:00
G0_1731,3109.1,2026-02-10T15:47:00
G0_1732,2760.7,2026-02-10T10:14:00
G0_1733,2863.4,2026-02-10T09:13:00
G0_1734,2661.8,2026-02-10T11:05:00
G0_1735,3014.3,2026-02-10T13:58:00
G0_1736,2778.6,2026-02-10T12:03:00
G0_1737,3277.9,2026-02-10T14:32:00
G0_1738,2944.0,2026-02-10T14:38:00
G0_1739,3038.8,2026-02-10T10:20:00
G0_1740,2706.7,2026-02-10T13:30:00
G0_1741,2863.4,2026-02-10T08:59:00
G0_1742,2908.7,2026-02-10T15:30:00
G0_1743,2812.6,2026-02-10T08:11:00
G0_1744,3293.6,2026-02-10T10:33:00
G0_1745,2595.3,2026-02-10T14:08:00
G0_1746,2593.4,2026-02-10T13:04:00
G0_1747,2670.7,2026-02-10T11:45:00
G0_1748,2563.3,2026-02-10T10:58:00
G0_1749,2866.3,2026-02-10T14:44:00
G0_1750,2343.8,2026-02-10T12:33:00
G0_1751,2627.2,2026-02-10T10:15:00
G0_1752,2305.7,2026-02-10T09:31:00
G0_1753,2462.9,2026-02-10T15:21:00
G0_1754,2988.2,2026-02-10T15:21:00
G0_1755,2940.3,2026-02-10T13:41:00
G0_1756,2269.1,2026-02-10T12:53:00
G0_1757,2708.1,2026-02-10T16:11:00
G0_1758,2979.5,2026-02-10T13:58:00
G0_1759,2651.2,2026-02-10T15:42:00
G0_1760,3082.9,2026-02-10T15:25:00
G0_1761,3022.5,2026-02-10T15:43:00
G0_1762,2921.9,2026-02-10T12:04:00
G0_1763,2767.9,2026-02-10T17:12:00
G0_1764,3250.3,2026-02-10T09:34:00
G0_1765,2657.4,2026-02-10T13:14:00
G0_1766,2843.8,2026-02-10T09:46:00
G0_1767,2712.8,2026-02-10T08:15:00
G0_1768,2371.2,2026-02-10T09:35:00
G0_1769,2652.8,2026-02-10T10:01:00
G0_1770,2849.5,2026-02-10T14:41:00
G0_1771,2928.7,2026-02-10T08:46:00
G0_1772,2861.4,2026-02-10T17:53:00
G0_1773,2407.5,2026-02-10T10:25:00
G0_1774,2905.9,2026-02-10T15:07:00
G0_1775,2527.1,2026-02-10T10:02:00
G0_1776,3000.1,2026-02-10T11:56:00
G0_1777,2789.6,2026-02-10T10:20:00
G0_1778,2502.0,2026-02-10T12:18:00
G0_1779,2765.9,2026-02-10T08:42:00
G0_1780,3060.3,2026-02-10T12:16:00
G0_1781,2874.6,2026-02-10T17:52:00
G0_1782,2531.0,2026-02-10T13:41:00
G0_1783,3000.9,2026-02-10T08:15:00
G0_1784,2882.3,2026-02-10T13:03:00
G0_1785,2729.7,2026-02-10T10:55:00
G0_1786,2758.1,2026-02-10T13:50:00
G0_1787,2436.9,2026-02-10T09:34:00
G0_1788,3078.4,2026-02-10T09:33:00
G0_1789,3132.4,2026-02-10T12:55:00
G0_1790,2556.0,2026-02-10T14:27:00
G0_1791,2643.9,2026-02-10T14:22:00
G0_1792,2956.8,2026-02-10T10:08:00
G0_1793,2647.4,2026-02-10T14:29:00
G0_1794,3081.0,2026-02-10T15:13:00
G0_1795,2953.3,2026-02-10T10:12:00
G0_1796,2616.6,2026-02-10T16:30:00
G0_1797,2916.4,2026-02-10T12:49:00
G0_1798,2949.6,2026-02-10T17:21:00
G0_1799,2601.6,2026-02-10T13:04:00
G0_1800,2679.8,2026-02-10T12:31:00
G0_1801,2564.3,2026-02-10T16:43:00
G0_1802,3156.9,2026-02-10T12:13:00
G0_1803,2870.4,2026-02-10T13:04:00
G0_1804,2683.1,2026-02-10T13:41:00
G0_1805,2900.5,2026-02-10T16:03:00
G0_1806,3088.2,2026-02-10T09:44:00
G0_1807,3063.7,2026-02-10T09:56:00
G0_1808,2749.4,2026-02-10T16:11:00
G0_1809,3082.9,2026-02-10T16:10:00
G0_1810,2859.4,2026-02-10T14:38:00
G0_1811,2659.1,2026-02-10T17:06:00
G0_1812,2993.2,2026-02-10T17:20:00
G0_1813,3020.4,2026-02-10T09:39:00
G0_1814,2650.3,2026-02-10T09:09:00
G0_1815,2366.8,2026-02-10T11:04:00
G0_1816,2742.8,2026-02-10T14:10:00
G0_1817,2741.5,2026-02-10T16:44:00
G0_1818,3314.8,2026-02-10T10:23:00
G0_1819,2772.2,2026-02-10T16:21:00
G0_1820,2475.5,2026-02-10T09:25:00
G0_1821,2808.4,2026-02-10T13:36:00
G0_1822,2589.3,2026-02-10T09:59:00
G0_1823,2887.3,2026-02-10T08:54:00
G0_1824,2578.2,2026-02-10T13:37:00
G0_1825,2677.5,2026-02-10T08:34:00
G0_1826,2502.0,2026-02-10T14:26:00
G0_1827,2164.9,2026-02-10T14:16:00
G0_1828,2515.2,2026-02-10T14:13:00
G0_1829,2655.3,2026-02-10T12:25:00
G0_1830,3058.8,2026-02-10T17:32:00
G0_1831,2545.1,2026-02-10T15:04:00
G0_1832,2633.4,2026-02-10T10:37:00
G0_1833,2597.0,2026-02-10T17:45:00
G0_1834,2884.8,2026-02-10T14:30:00
G0_1835,3382.4,2026-02-10T08:43:00
G0_1836,2475.9,2026-02-10T12:59:00
G0_1837,2669.5,2026-02-10T10:42:00
G0_1838,2519.1,2026-02-10T12:59:00
G0_1839,2570.2,2026-02-10T14:54:00
G0_1840,2886.1,2026-02-10T15:18:00
G0_1841,2868.7,2026-02-10T09:13:00
G0_1842,2855.5,2026-02-10T13:24:00
G0_1843,2361.5,2026-02-10T10:01:00
G0_1844,2905.7,2026-02-10T13:37:00
G0_1845,2309.9,2026-02-10T15:13:00
G0_1846,3003.9,2026-02-10T15:57:00
G0_1847,2287.4,2026-02-10T10:14:00
G0_1848,2535.5,2026-02-10T17:39:00
G0_1849,2280.1,2026-02-10T10:31:00
G0_1850,2502.1,2026-02-10T10:27:00
G0_1851,2804.6,2026-02-10T13:46:00
G0_1852,2604.0,2026-02-10T15:38:00
G0_1853,2938.3,2026-02-10T13:24:00
G0_1854,3000.2,2026-02-10T13:49:00
G0_1855,2831.0,2026-02-10T14:02:00
G0_1856,2634.5,2026-02-10T13:45:00
G0_1857,2742.7,2026-02-10T14:04:00
G0_1858,2105.3,2026-02-10T13:18:00
G0_1859,2933.0,2026-02-10T16:55:00
G0_1860,2824.0,2026-02-10T11:31:00
G0_1861,2673.9,2026-02-10T11:56:00
G0_1862,2749.4,2026-02-10T09:46:00
G0_1863,3033.7,2026-02-10T13:38:00
G0_1864,2904.7,2026-02-10T13:58:00
G0_1865,2893.9,2026-02-10T17:01:00
G0_1866,2879.0,2026-02-10T14:35:00
G0_1867,2631.8,2026-02-10T10:11:00
G0_1868,3059.1,2026-02-10T12:18:00
G0_1869,2814.0,2026-02-10T11:39:00
G0_1870,2484.1,2026-02-10T14:04:00
G0_1871,2850.9,2026-02-10T08:58:00
G0_1872,2990.0,2026-02-10T08:38:00
G0_1873,3093.5,2026-02-10T12:03:00
G0_1874,2877.0,2026-02-10T15:04:00
G0_1875,2784.2,2026-02-10T15:34:00
G0_1876,2656.5,2026-02-10T14:50:00
G0_1877,2955.0,2026-02-10T12:31:00
G0_1878,3023.3,2026-02-10T15:41:00
G0_1879,3153.8,2026-02-10T08:44:00
G0_1880,2744.8,2026-02-10T11:57:00
G0_1881,2806.0,2026-02-10T09:27:00
G0_1882,2779.0,2026-02-10T16:24:00
G0_1883,2842.8,2026-02-10T17:07:00
G0_1884,2554.0,2026-02-10T15:37:00
G0_1885,2284.1,2026-02-10T12:51:00
G0_1886,2691.7,2026-02-10T16:33:00
G0_1887,2227.2,2026-02-10T15:21:00
G0_1888,3352.8,2026-02-10T12:30:00
G0_1889,2943.8,2026-02-10T15:10:00
G0_1890,2829.8,2026-02-10T14:49:00
G0_1891,2636.8,2026-02-10T11:30:00
G0_1892,2711.4,2026-02-10T08:11:00
G0_1893,2618.8,2026-02-10T10:24:00
G0_1894,3073.2,2026-02-10T12:02:00
G0_1895,2766.3,2026-02-10T16:58:00
G0_1896,3128.5,2026-02-10T14:57:00
G0_1897,3236.1,2026-02-10T09:14:00
G0_1898,3022.8,2026-02-10T16:32:00
G0_1899,3017.2,2026-02-10T15:33:00
G0_1900,2632.6,2026-02-10T10:09:00
G0_1901,2234.9,2026-02-10T08:15:00
G0_1902,3220.0,2026-02-10T09:27:00
G0_1903,2821.0,2026-02-10T12:06:00
G0_1904,3244.1,2026-02-10T15:52:00
G0_1905,2978.2,2026-02-10T11:07:00
G0_1906,3147.2,2026-02-10T09:14:00
G0_1907,2977.7,2026-02-10T16:31:00
G0_1908,3272.3,2026-02-10T11:11:00
G0_1909,3268.1,2026-02-10T12:29:00
G0_1910,3132.0,2026-02-10T13:58:00
G0_1911,2442.9,2026-02-10T16:04:00
G0_1912,2838.0,2026-02-10T15:35:00
G0_1913,3136.6,2026-02-10T09:33:00
G0_1914,2542.1,2026-02-10T11:22:00
G0_1915,2883.5,2026-02-10T13:01:00
G0_1916,2895.4,2026-02-10T14:14:00
G0_1917,3223.0,2026-02-10T14:11:00
G0_1918,3147.7,2026-02-10T14:42:00
G0_1919,2839.1,2026-02-10T16:48:00
G0_1920,2871.0,2026-02-10T16:26:00
G0_1921,3105.5,2026-02-10T13:29:00
G0_1922,2582.6,2026-02-10T11:04:00
G0_1923,2653.0,2026-02-10T13:34:00
G0_1924,3160.5,2026-02-10T10:23:00
G0_1925,2589.4,2026-02-10T09:27:00
G0_1926,2944.8,2026-02-10T15:36:00
G0_1927,2527.2,2026-02-10T12:30:00
G0_1928,2633.7,2026-02-10T16:29:00
G0_1929,3205.4,2026-02-10T12:22:00
G0_1930,2486.1,2026-02-10T10:45:00
G0_1931,2665.8,2026-02-10T08:36:00
G0_1932,2865.8,2026-02-10T15:43:00
G0_1933,2413.3,2026-02-10T17:04:00
G0_1934,2461.2,2026-02-10T09:39:00
G0_1935,2854.7,2026-02-10T16:20:00
G0_1936,3135.1,2026-02-10T15:27:00
G0_1937,2806.9,2026-02-10T16:05:00
G0_1938,2869.5,2026-02-10T17:37:00
G0_1939,2584.4,2026-02-10T09:51:00
G0_1940,2941.2,2026-02-10T14:12:00
G0_1941,2600.4,2026-02-10T16:33:00
G0_1942,2960.8,2026-02-10T14:17:00
G0_1943,2874.2,2026-02-10T14:41:00
G0_1944,2711.6,2026-02-10T13:10:00
G0_1945,2120.7,2026-02-10T10:09:00
G0_1946,2697.3,2026-02-10T08:41:00
G0_1947,2720.9,2026-02-10T11:30:00
G0_1948,2537.0,2026-02-10T12:29:00
G0_1949,2856.3,2026-02-10T10:51:00
G0_1950,3345.5,2026-02-10T11:58:00
G0_1951,3030.9,2026-02-10T17:05:00
G0_1952,2810.4,2026-02-10T13:48:00
G0_1953,2750.2,2026-02-10T10:50:00
G0_1954,2577.3,2026-02-10T16:04:00
G0_1955,2663.7,2026-02-10T17:33:00
G0_1956,2779.8,2026-02-10T17:02:00
G0_1957,2422.5,2026-02-10T13:15:00
G0_1958,3120.4,2026-02-10T09:09:00
G0_1959,2646.2,2026-02-10T10:38:00
G0_1960,2847.1,2026-02-10T13:37:00
G0_1961,2896.3,2026-02-10T11:32:00
G0_1962,2774.3,2026-02-10T15:17:00
G0_1963,2913.4,2026-02-10T16:44:00
G0_1964,3120.9,2026-02-10T14:59:00
G0_1965,3018.8,2026-02-10T08:22:00
G0_1966,2909.2,2026-02-10T15:33:00
G0_1967,2977.8,2026-02-10T15:36:00
G0_1968,2785.0,2026-02-10T17:56:00
G0_1969,2706.6,2026-02-10T14:37:00
G0_1970,2436.0,2026-02-10T09:53:00
G0_1971,2350.7,2026-02-10T14:21:00
G0_1972,2659.9,2026-02-10T15:55:00
G0_1973,3000.7,2026-02-10T08:14:00
G0_1974,2796.6,2026-02-10T12:56:00
G0_1975,2866.6,2026-02-10T14:03:00
G0_1976,2505.5,2026-02-10T15:57:00
G0_1977,2646.8,2026-02-10T12:58:00
G0_1978,3045.9,2026-02-10T10:40:00
G0_1979,2911.1,2026-02-10T10:28:00
G0_1980,3167.1,2026-02-10T17:48:00
G0_1981,2716.7,2026-02-10T08:31:00
G0_1982,2897.1,2026-02-10T13:38:00
G0_1983,2559.4,2026-02-10T12:46:00
G0_1984,2806.9,2026-02-10T13:33:00
G0_1985,2818.3,2026-02-10T13:10:00
G0_1986,2484.0,2026-02-10T16:55:00
G0_1987,2691.1,2026-02-10T08:48:00
G0_1988,2930.1,2026-02-10T12:51:00
G0_1989,2909.3,2026-02-10T13:13:00
G0_1990,2293.2,2026-02-10T14:06:00
G0_1991,3132.8,2026-02-10T17:51:00
G0_1992,2926.9,2026-02-10T09:04:00
G0_1993,2650.4,2026-02-10T11:16:00
G0_1994,2978.9,2026-02-10T12:51:00
G0_1995,3191.3,2026-02-10T16:40:00
G0_1996,3323.2,2026-02-10T13:34:00
G0_1997,2731.3,2026-02-10T16:02:00
G0_1998,2865.8,2026-02-10T17:19:00
G0_1999,2773.5,2026-02-10T11:34:00
G0_2000,3215.2,2026-02-10T16:52:00
